{
  "manufacturer": "Harbor Breeze",
  "supportedModels": [
    "A25-TX001-R1"
  ],
  "supportedController": "Broadlink",
  "commandsEncoding": "Base64",
  "speed": [
    "low",
    "medium",
    "high"
  ],
  "commands": {
    "off": "eAs0ABARHx0QHRAdEB0QDx8eEB0QDx8dEA8fHRAdEB0RDh8PHw8fDh8OHx0QDx8dEA8fHQ8AAYEA",
    "default": {
      "low": "eQ00ABARHx0QHRAdEB0QDx8eEB0QDh8dEQ4fHRAeEB0QDx8PHx0RDx8OHw8fDh8dEA8fHQ8AAYEA",
      "medium": "eTI0ABARHx0RHRAdEB0RDh8dER0QDh8dEQ4fHRAdEB0RDh8PHw8fHRAOHw8fDh8dEA4fHQ8AAYAA",
      "high": "eU80ABARHx0QHRAdEB0QDx8dEB0QDh8dEA8fHRAdEB0QDh8PHx0QHRAOHw8fDh8dEQ4fHQ8AAX8A"
    }
  }
}
