{
  "manufacturer": "Ggeneral Electric",
  "supportedModels": [
    "AE1PH09IWF",
    "AE0PH09IWO",
    "AE1PH12IWF",
    "AE0PH12IWO",
    "AE4PH18IWF",
    "AE4PH18IWF",
    "AE5PH18IWO"
  ],
  "supportedController": "Broadlink",
  "commandsEncoding": "Base64",
  "minTemperature": 16.0,
  "maxTemperature": 30.0,
  "precision": 1.0,
  "operationModes": [
    "heat_cool",
	"cool",
	"dry",
    "fan_only",
    "heat"
  ],
  "fanModes": [
    "auto",
	"low",
    "mid",
    "high"
  ],
  "commands": {
    "off": "JgBOAAABIJQWERUSFRIVEhYRFhEWERYSFTYVExQTFDcUFBMTFhETFRQSExUSFRIVEhUSFRIUFRIVEhUSFRIVEhU3ExQTORUTFBIVNhYSEwANBQAAAAAAAAAAAAA=",
    "heat_cool": {
      "auto": {
        "16": "JgBOAAABJJETFRUSFRIVNhMUExQUExYRFjYVExIVEzgTFBYRFhEWERYSFRIVEhUSEhUSFRIVFBMSFRQTEhUUExM4ExUSOBQUFhEWNRMUFgANBQAAAAAAAAAAAAA=",
        "17": "JgBOAAABJJETFRUSFRIVNhMUExQUExYRFjYVExIVEzgTFBYRFhEWERYSFRIVEhUSEhUSFRIVFBMSFRQTEhUUExM4ExUSOBQUFhEWNRMUFgANBQAAAAAAAAAAAAA=",
        "18": "JgBOAAABJJETFRUSFRIVNhMUExQUExYRFjYVExIVEzgTFBYRFhEWERYSFRIVEhUSEhUSFRIVFBMSFRQTEhUUExM4ExUSOBQUFhEWNRMUFgANBQAAAAAAAAAAAAA=",
        "19": "JgBOAAABJJETFRUSFRIVNhMUExQUExYRFjYVExIVEzgTFBYRFhEWERYSFRIVEhUSEhUSFRIVFBMSFRQTEhUUExM4ExUSOBQUFhEWNRMUFgANBQAAAAAAAAAAAAA=",
        "20": "JgBOAAABJJETFRUSFRIVNhMUExQUExYRFjYVExIVEzgTFBYRFhEWERYSFRIVEhUSEhUSFRIVFBMSFRQTEhUUExM4ExUSOBQUFhEWNRMUFgANBQAAAAAAAAAAAAA=",
        "21": "JgBOAAABJJETFRUSFRIVNhMUExQUExYRFjYVExIVEzgTFBYRFhEWERYSFRIVEhUSEhUSFRIVFBMSFRQTEhUUExM4ExUSOBQUFhEWNRMUFgANBQAAAAAAAAAAAAA=",
        "22": "JgBOAAABJJETFRUSFRIVNhMUExQUExYRFjYVExIVEzgTFBYRFhEWERYSFRIVEhUSEhUSFRIVFBMSFRQTEhUUExM4ExUSOBQUFhEWNRMUFgANBQAAAAAAAAAAAAA=",
        "23": "JgBOAAABJJETFRUSFRIVNhMUExQUExYRFjYVExIVEzgTFBYRFhEWERYSFRIVEhUSEhUSFRIVFBMSFRQTEhUUExM4ExUSOBQUFhEWNRMUFgANBQAAAAAAAAAAAAA=",
        "24": "JgBOAAABJJETFRUSFRIVNhMUExQUExYRFjYVExIVEzgTFBYRFhEWERYSFRIVEhUSEhUSFRIVFBMSFRQTEhUUExM4ExUSOBQUFhEWNRMUFgANBQAAAAAAAAAAAAA=",
        "25": "JgBOAAABJJETFRUSFRIVNhMUExQUExYRFjYVExIVEzgTFBYRFhEWERYSFRIVEhUSEhUSFRIVFBMSFRQTEhUUExM4ExUSOBQUFhEWNRMUFgANBQAAAAAAAAAAAAA=",
        "26": "JgBOAAABJJETFRUSFRIVNhMUExQUExYRFjYVExIVEzgTFBYRFhEWERYSFRIVEhUSEhUSFRIVFBMSFRQTEhUUExM4ExUSOBQUFhEWNRMUFgANBQAAAAAAAAAAAAA=",
        "27": "JgBOAAABJJETFRUSFRIVNhMUExQUExYRFjYVExIVEzgTFBYRFhEWERYSFRIVEhUSEhUSFRIVFBMSFRQTEhUUExM4ExUSOBQUFhEWNRMUFgANBQAAAAAAAAAAAAA=",
        "28": "JgBOAAABJJETFRUSFRIVNhMUExQUExYRFjYVExIVEzgTFBYRFhEWERYSFRIVEhUSEhUSFRIVFBMSFRQTEhUUExM4ExUSOBQUFhEWNRMUFgANBQAAAAAAAAAAAAA=",
        "29": "JgBOAAABJJETFRUSFRIVNhMUExQUExYRFjYVExIVEzgTFBYRFhEWERYSFRIVEhUSEhUSFRIVFBMSFRQTEhUUExM4ExUSOBQUFhEWNRMUFgANBQAAAAAAAAAAAAA=",
        "30": "JgBOAAABJJETFRUSFRIVNhMUExQUExYRFjYVExIVEzgTFBYRFhEWERYSFRIVEhUSEhUSFRIVFBMSFRQTEhUUExM4ExUSOBQUFhEWNRMUFgANBQAAAAAAAAAAAAA="
      },
      "low": {
        "16": "JgBOAAABIZQTFRIVEhUSORM5ExUSFRQTEjgUFBMUFTYTFRIVFRITFBMUFRITFBQTFhETFBMUExQTFBMUFhEWERM4FBQTOBMUFhETOBQUEwANBQAAAAAAAAAAAAA=",
        "17": "JgBOAAABIZQTFRIVEhUSORM5ExUSFRQTEjgUFBMUFTYTFRIVFRITFBMUFRITFBQTFhETFBMUExQTFBMUFhEWERM4FBQTOBMUFhETOBQUEwANBQAAAAAAAAAAAAA=",
        "18": "JgBOAAABIZQTFRIVEhUSORM5ExUSFRQTEjgUFBMUFTYTFRIVFRITFBMUFRITFBQTFhETFBMUExQTFBMUFhEWERM4FBQTOBMUFhETOBQUEwANBQAAAAAAAAAAAAA=",
        "19": "JgBOAAABIZQTFRIVEhUSORM5ExUSFRQTEjgUFBMUFTYTFRIVFRITFBMUFRITFBQTFhETFBMUExQTFBMUFhEWERM4FBQTOBMUFhETOBQUEwANBQAAAAAAAAAAAAA=",
        "20": "JgBOAAABIZQTFRIVEhUSORM5ExUSFRQTEjgUFBMUFTYTFRIVFRITFBMUFRITFBQTFhETFBMUExQTFBMUFhEWERM4FBQTOBMUFhETOBQUEwANBQAAAAAAAAAAAAA=",
        "21": "JgBOAAABIZQTFRIVEhUSORM5ExUSFRQTEjgUFBMUFTYTFRIVFRITFBMUFRITFBQTFhETFBMUExQTFBMUFhEWERM4FBQTOBMUFhETOBQUEwANBQAAAAAAAAAAAAA=",
        "22": "JgBOAAABIZQTFRIVEhUSORM5ExUSFRQTEjgUFBMUFTYTFRIVFRITFBMUFRITFBQTFhETFBMUExQTFBMUFhEWERM4FBQTOBMUFhETOBQUEwANBQAAAAAAAAAAAAA=",
        "23": "JgBOAAABIZQTFRIVEhUSORM5ExUSFRQTEjgUFBMUFTYTFRIVFRITFBMUFRITFBQTFhETFBMUExQTFBMUFhEWERM4FBQTOBMUFhETOBQUEwANBQAAAAAAAAAAAAA=",
        "24": "JgBOAAABIZQTFRIVEhUSORM5ExUSFRQTEjgUFBMUFTYTFRIVFRITFBMUFRITFBQTFhETFBMUExQTFBMUFhEWERM4FBQTOBMUFhETOBQUEwANBQAAAAAAAAAAAAA=",
        "25": "JgBOAAABIZQTFRIVEhUSORM5ExUSFRQTEjgUFBMUFTYTFRIVFRITFBMUFRITFBQTFhETFBMUExQTFBMUFhEWERM4FBQTOBMUFhETOBQUEwANBQAAAAAAAAAAAAA=",
        "26": "JgBOAAABIZQTFRIVEhUSORM5ExUSFRQTEjgUFBMUFTYTFRIVFRITFBMUFRITFBQTFhETFBMUExQTFBMUFhEWERM4FBQTOBMUFhETOBQUEwANBQAAAAAAAAAAAAA=",
        "27": "JgBOAAABIZQTFRIVEhUSORM5ExUSFRQTEjgUFBMUFTYTFRIVFRITFBMUFRITFBQTFhETFBMUExQTFBMUFhEWERM4FBQTOBMUFhETOBQUEwANBQAAAAAAAAAAAAA=",
        "28": "JgBOAAABIZQTFRIVEhUSORM5ExUSFRQTEjgUFBMUFTYTFRIVFRITFBMUFRITFBQTFhETFBMUExQTFBMUFhEWERM4FBQTOBMUFhETOBQUEwANBQAAAAAAAAAAAAA=",
        "29": "JgBOAAABIZQTFRIVEhUSORM5ExUSFRQTEjgUFBMUFTYTFRIVFRITFBMUFRITFBQTFhETFBMUExQTFBMUFhEWERM4FBQTOBMUFhETOBQUEwANBQAAAAAAAAAAAAA=",
        "30": "JgBOAAABIZQTFRIVEhUSORM5ExUSFRQTEjgUFBMUFTYTFRIVFRITFBMUFRITFBQTFhETFBMUExQTFBMUFhEWERM4FBQTOBMUFhETOBQUEwANBQAAAAAAAAAAAAA="
      },
      "mid": {
        "16": "JgBOAAABIJQWEhQTEhUSORMUEzkTFRQTFDcTFBMUFTYTFRMTFBQTFBMUExQTFBMUExQVEhMUExQTFBMUExQTFBM4FBMUOBMUExQTOBQTFAANBQAAAAAAAAAAAAA=",
        "17": "JgBOAAABIJQWEhQTEhUSORMUEzkTFRQTFDcTFBMUFTYTFRMTFBQTFBMUExQTFBMUExQVEhMUExQTFBMUExQTFBM4FBMUOBMUExQTOBQTFAANBQAAAAAAAAAAAAA=",
        "18": "JgBOAAABIJQWEhQTEhUSORMUEzkTFRQTFDcTFBMUFTYTFRMTFBQTFBMUExQTFBMUExQVEhMUExQTFBMUExQTFBM4FBMUOBMUExQTOBQTFAANBQAAAAAAAAAAAAA=",
        "19": "JgBOAAABIJQWEhQTEhUSORMUEzkTFRQTFDcTFBMUFTYTFRMTFBQTFBMUExQTFBMUExQVEhMUExQTFBMUExQTFBM4FBMUOBMUExQTOBQTFAANBQAAAAAAAAAAAAA=",
        "20": "JgBOAAABIJQWEhQTEhUSORMUEzkTFRQTFDcTFBMUFTYTFRMTFBQTFBMUExQTFBMUExQVEhMUExQTFBMUExQTFBM4FBMUOBMUExQTOBQTFAANBQAAAAAAAAAAAAA=",
        "21": "JgBOAAABIJQWEhQTEhUSORMUEzkTFRQTFDcTFBMUFTYTFRMTFBQTFBMUExQTFBMUExQVEhMUExQTFBMUExQTFBM4FBMUOBMUExQTOBQTFAANBQAAAAAAAAAAAAA=",
        "22": "JgBOAAABIJQWEhQTEhUSORMUEzkTFRQTFDcTFBMUFTYTFRMTFBQTFBMUExQTFBMUExQVEhMUExQTFBMUExQTFBM4FBMUOBMUExQTOBQTFAANBQAAAAAAAAAAAAA=",
        "23": "JgBOAAABIJQWEhQTEhUSORMUEzkTFRQTFDcTFBMUFTYTFRMTFBQTFBMUExQTFBMUExQVEhMUExQTFBMUExQTFBM4FBMUOBMUExQTOBQTFAANBQAAAAAAAAAAAAA=",
        "24": "JgBOAAABIJQWEhQTEhUSORMUEzkTFRQTFDcTFBMUFTYTFRMTFBQTFBMUExQTFBMUExQVEhMUExQTFBMUExQTFBM4FBMUOBMUExQTOBQTFAANBQAAAAAAAAAAAAA=",
        "25": "JgBOAAABIJQWEhQTEhUSORMUEzkTFRQTFDcTFBMUFTYTFRMTFBQTFBMUExQTFBMUExQVEhMUExQTFBMUExQTFBM4FBMUOBMUExQTOBQTFAANBQAAAAAAAAAAAAA=",
        "26": "JgBOAAABIJQWEhQTEhUSORMUEzkTFRQTFDcTFBMUFTYTFRMTFBQTFBMUExQTFBMUExQVEhMUExQTFBMUExQTFBM4FBMUOBMUExQTOBQTFAANBQAAAAAAAAAAAAA=",
        "27": "JgBOAAABIJQWEhQTEhUSORMUEzkTFRQTFDcTFBMUFTYTFRMTFBQTFBMUExQTFBMUExQVEhMUExQTFBMUExQTFBM4FBMUOBMUExQTOBQTFAANBQAAAAAAAAAAAAA=",
        "28": "JgBOAAABIJQWEhQTEhUSORMUEzkTFRQTFDcTFBMUFTYTFRMTFBQTFBMUExQTFBMUExQVEhMUExQTFBMUExQTFBM4FBMUOBMUExQTOBQTFAANBQAAAAAAAAAAAAA=",
        "29": "JgBOAAABIJQWEhQTEhUSORMUEzkTFRQTFDcTFBMUFTYTFRMTFBQTFBMUExQTFBMUExQVEhMUExQTFBMUExQTFBM4FBMUOBMUExQTOBQTFAANBQAAAAAAAAAAAAA=",
        "30": "JgBOAAABIJQWEhQTEhUSORMUEzkTFRQTFDcTFBMUFTYTFRMTFBQTFBMUExQTFBMUExQVEhMUExQTFBMUExQTFBM4FBMUOBMUExQTOBQTFAANBQAAAAAAAAAAAAA="
      },
      "high": {
        "16": "JgBOAAABIJQUFBYRFhEWNRM5FDgWEhUSFTUUFBYRFjUTFRUSFRIVEhUSFRIVEhUSFhEWERYRFhEWERYRFhEWERY1ExUVNhYRFhEWNhMVFQANBQAAAAAAAAAAAAA=",
        "17": "JgBOAAABIJQUFBYRFhEWNRM5FDgWEhUSFTUUFBYRFjUTFRUSFRIVEhUSFRIVEhUSFhEWERYRFhEWERYRFhEWERY1ExUVNhYRFhEWNhMVFQANBQAAAAAAAAAAAAA=",
        "18": "JgBOAAABIJQUFBYRFhEWNRM5FDgWEhUSFTUUFBYRFjUTFRUSFRIVEhUSFRIVEhUSFhEWERYRFhEWERYRFhEWERY1ExUVNhYRFhEWNhMVFQANBQAAAAAAAAAAAAA=",
        "19": "JgBOAAABIJQUFBYRFhEWNRM5FDgWEhUSFTUUFBYRFjUTFRUSFRIVEhUSFRIVEhUSFhEWERYRFhEWERYRFhEWERY1ExUVNhYRFhEWNhMVFQANBQAAAAAAAAAAAAA=",
        "20": "JgBOAAABIJQUFBYRFhEWNRM5FDgWEhUSFTUUFBYRFjUTFRUSFRIVEhUSFRIVEhUSFhEWERYRFhEWERYRFhEWERY1ExUVNhYRFhEWNhMVFQANBQAAAAAAAAAAAAA=",
        "21": "JgBOAAABIJQUFBYRFhEWNRM5FDgWEhUSFTUUFBYRFjUTFRUSFRIVEhUSFRIVEhUSFhEWERYRFhEWERYRFhEWERY1ExUVNhYRFhEWNhMVFQANBQAAAAAAAAAAAAA=",
        "22": "JgBOAAABIJQUFBYRFhEWNRM5FDgWEhUSFTUUFBYRFjUTFRUSFRIVEhUSFRIVEhUSFhEWERYRFhEWERYRFhEWERY1ExUVNhYRFhEWNhMVFQANBQAAAAAAAAAAAAA=",
        "23": "JgBOAAABIJQUFBYRFhEWNRM5FDgWEhUSFTUUFBYRFjUTFRUSFRIVEhUSFRIVEhUSFhEWERYRFhEWERYRFhEWERY1ExUVNhYRFhEWNhMVFQANBQAAAAAAAAAAAAA=",
        "24": "JgBOAAABIJQUFBYRFhEWNRM5FDgWEhUSFTUUFBYRFjUTFRUSFRIVEhUSFRIVEhUSFhEWERYRFhEWERYRFhEWERY1ExUVNhYRFhEWNhMVFQANBQAAAAAAAAAAAAA=",
        "25": "JgBOAAABIJQUFBYRFhEWNRM5FDgWEhUSFTUUFBYRFjUTFRUSFRIVEhUSFRIVEhUSFhEWERYRFhEWERYRFhEWERY1ExUVNhYRFhEWNhMVFQANBQAAAAAAAAAAAAA=",
        "26": "JgBOAAABIJQUFBYRFhEWNRM5FDgWEhUSFTUUFBYRFjUTFRUSFRIVEhUSFRIVEhUSFhEWERYRFhEWERYRFhEWERY1ExUVNhYRFhEWNhMVFQANBQAAAAAAAAAAAAA=",
        "27": "JgBOAAABIJQUFBYRFhEWNRM5FDgWEhUSFTUUFBYRFjUTFRUSFRIVEhUSFRIVEhUSFhEWERYRFhEWERYRFhEWERY1ExUVNhYRFhEWNhMVFQANBQAAAAAAAAAAAAA=",
        "28": "JgBOAAABIJQUFBYRFhEWNRM5FDgWEhUSFTUUFBYRFjUTFRUSFRIVEhUSFRIVEhUSFhEWERYRFhEWERYRFhEWERY1ExUVNhYRFhEWNhMVFQANBQAAAAAAAAAAAAA=",
        "29": "JgBOAAABIJQUFBYRFhEWNRM5FDgWEhUSFTUUFBYRFjUTFRUSFRIVEhUSFRIVEhUSFhEWERYRFhEWERYRFhEWERY1ExUVNhYRFhEWNhMVFQANBQAAAAAAAAAAAAA=",
        "30": "JgBOAAABIJQUFBYRFhEWNRM5FDgWEhUSFTUUFBYRFjUTFRUSFRIVEhUSFRIVEhUSFhEWERYRFhEWERYRFhEWERY1ExUVNhYRFhEWNhMVFQANBQAAAAAAAAAAAAA="
      }
    },
    "cool": {
      "auto": {
        "16": "JgBOAAABI5EWNhUSFhIVNhYSFhEWERQTFBMUExQTFBMUExQTFBIWEhUSFRIVEhUSFRIVEhUSFRIVEhUSFRIWERY1FhIVNhYSFRIWNRUSFgANBQAAAAAAAAAAAAA=",
        "17": "JgBOAAABI5IWNRYSFRIVNxYSFRIVEhQTFDcVEhUSFhEWERYRFhEWEhUSFRIVEhUSFRIUExQTFBMUExQTFBMUExQ3FhIVNRYSFhEVNhYSFQANBQAAAAAAAAAAAAA=",
        "18": "JgBOAAABI5EWNhYSFRIVNhYSFRIVEhQTFBMUNxYSFRIVEhUSFRIVEhUSFRIVEhUSFRIUExQTFBMUExUSFRIVEhU2FhIVNhUSFRIVNhYSFQANBQAAAAAAAAAAAAA=",
        "19": "JgBOAAABIpIWNRYSFhEWNhYSFRIVEhQTFDYWNhYSFRIVEhUSFRIVEhUSFRIVEhUSFhEWERYRFhEWERYRFhEWERY1FhIVNhUSFhEWNRYSFQANBQAAAAAAAAAAAAA=",
        "20": "JgBOAAABI5IVNhYSFRIVNhYSFhEWERQTFBMUExQ3FhIVEhUSFRIVEhUSFRIWERYRFhEUExQTFBMUExQTFBMUExU2FhIVNhUSFhEWNRYSFgANBQAAAAAAAAAAAAA=",
        "21": "JgBOAAABI5IWNhUSFhEWNhYSFRIVEhQTFDcVEhY1FhIVEhUSFhEWERYRFhEWERYRFhEWERYRFhEWERYRFhIVEhU1FhIWNRYSFRIVNRYSFgANBQAAAAAAAAAAAAA=",
        "22": "JgBOAAABIJQWNRcRFhEWNhMUFhIVEhEWEhUSOBQ4ExUVEhUSFRIVEhUSFRIWERYRFhEWERYRFhEWERYRFhEWERY1FBQVNhMUFhEWNRQUFQANBQAAAAAAAAAAAAA=",
        "23": "JgBOAAABI5IWNhUSFhEWNhYSFRIVEhQTFDcWNRY2FRIWERYRFhEWERYSFRIVEhUSFRIVEhUSFRIVEhUSFRIVEhY1FRIWNhYRFhEWNhUSFgANBQAAAAAAAAAAAAA=",
        "24": "JgBOAAABI5IVNhYSFhEWNhUSFhEWERQTFBQUExQTFDYWEhYRFhEWERYRFhEWERYRFhEUFBMUExQUExQTFBMUExQ3FRIWNRYSFRIVNhYRFgANBQAAAAAAAAAAAAA=",
        "25": "JgBOAAABI5EWNhYSFRIVNhYSFhEWERQTFDcWEhUSFTUWEhYRFhEWERYRFhEWEhURFhIVEhUSFRIVEhUSFRIVEhU2FRIWNRYSFRIVNhUSFgANBQAAAAAAAAAAAAA=",
        "26": "JgBOAAABI5IWNRcRFhEWNhUSFhIVEhQTFBMUNhYSFjUWEhUSFRIVEhUSFRIVEhYRFhEWERYRFhEWERYRFhEWERY1FhIVNhUSFhEWNRYSFQANBQAAAAAAAAAAAAA=",
        "27": "JgBOAAABIJQUOBMVEhUVNhQUExQWERIVEjkWNRQUEzgTFRIVFRISFRUSEhUTFBUSExQVEhMUFRITFBYRFhEWERY1ExUVNhYRFhETORMVFQANBQAAAAAAAAAAAAA=",
        "28": "JgBOAAABI5IWNhUSFhEWNhYSFRIVEhQTFBMUExQ3FjUXERYRFhEWERYRFhEWERYRFhEWERYRFhEWERYSFRIVEhU2FRIWNRYSFRIVNhUSFgANBQAAAAAAAAAAAAA=",
        "29": "JgBOAAABI5EWNRYSFhEWNhUSFhIVEhQTFDYXERY1FjUWEhYRFhEWERYRFhEWERYRFhIVEhUSFRIVEhUSFRIVEhU2FRIWNhUSFRIVNxYRFgANBQAAAAAAAAAAAAA=",
        "30": "JgBOAAABIZQUOBMUFhEWNhQUFRIVEhIVEhUVNhM4FDgTFBQUFRIVEhUSFRIVEhIVFRIVEhUSFRIWERYRFhETFBY1ExUVNhYRExQWNhMVFQANBQAAAAAAAAAAAAA="
      },
      "low": {
        "16": "JgBOAAABIZQVNhcQFRIUOBY2FxAVEhUSFRIVEhYRFBMWERYRFhEUExYRFhITFBUSFRIUExUSFRIVEhUSFhEWEhQ2FRMVNhUSFRITOBUTFQANBQAAAAAAAAAAAAA=",
        "17": "JgBOAAABIJUVNhUSFRIVNxY2FRIWERMUEzgWERUSFhEUFBMUFRITFBUSExQTFBMUFBMTFBUSFBMUExMUFBMVEhQ4FRIVNhUSFBMUOBQTFQANBQAAAAAAAAAAAAA=",
        "18": "JgBOAAABIJQWNhUSExQVNxU3FRIVEhUSFRIVNhYRFhEUExYRFhEVEhQUFRITFBUSFBMTFBMUExQVEhMUFBMTFBU2FhEWNhQTFBMUNxYSFQANBQAAAAAAAAAAAAA=",
        "19": "JgBOAAABIZQVNhUSFBMWNxU2FRIVEhUSFDgVNhUSFBMUExUSFhEWERYRFhEUFBUSFRIVEhUSFRIVEhMUFRITFBM4FhEWNxQSFBMUORQSFgANBQAAAAAAAAAAAAA=",
        "20": "JgBOAAABIZQVNhUSFRIWNxU2FhEVEhQTFhEUExY2FBMTFBMUExQTFBUSFBMVEhMUFBMUExYRFBMUExQTFhEVEhY2FBQVNRYRFBMUOBQTFQANBQAAAAAAAAAAAAA=",
        "21": "JgBOAAABIZMWNhYRFRIVNxY2FRIVEhUSFTcVEhM4FRIVExURFhEWERQTFhEUExUSFBQVEhQTFRIVEhUSFBMVEhU2FhEUORURFRITORQUFQANBQAAAAAAAAAAAAA=",
        "22": "JgBOAAABI5IWNRYRFhEWNxU2FhEWERYRFhEWNhU2FhEWERcQFhEWEhUSFRIVEhUSFRIVEhUSFRIVEhUSFRIWERU3FRIVNxURFRIWNhYRFgANBQAAAAAAAAAAAAA=",
        "23": "JgBOAAABIpIWNRYRFxEVNxU2FBMWERYRFjYWNRY3FBMUExQTFBMUExQTFBIVEhUSFhEWERYRFhEWERYRFhEWERY3FBMUNxYRFhEWNhYRFQANBQAAAAAAAAAAAAA=",
        "24": "JgBOAAABI5IVNhYRFhEWNxU2FRIVEhUSFhEWERYRFjYVEhUSFRIVEhUSFRIVEhUSFRIWEhURFhEWERYRFhEWERY2FRIVNhYSFRIVNhYRFQANBQAAAAAAAAAAAAA=",
        "25": "JgBOAAABIpIWNhUSFRIVNxU2FhIVEhUSFTYVEhYRFjYVEhUSFRIVEhUSFRIVExQSFRIVEhUSFRIWERYRFhEWERY2FRIVNxURFhIVNxUSFQANBQAAAAAAAAAAAAA=",
        "26": "JgBOAAABI5IVNhYSFREWNxU2FRIVEhYRFhEWNhUSFTYWERYRFhEWERYRFhEWERYSFRIVEhUSFRIVEhUSFRIVEhU2FhEWNxQSFRIVNxYSFQANBQAAAAAAAAAAAAA=",
        "27": "JgBOAAABI5IVNhYRFhEWNxU2FhEWERYRFjYVNhYRFjcUExUSFRIVEhUSFREWERYRFhEWERYRFhEWERYRFhIVEhU3FRIVNhYRFhIVNhUSFQANBQAAAAAAAAAAAAA=",
        "28": "JgBOAAABIpIWNhUSFRIVNxY2FRIVEhUSFRIVEhU2FjYVEhUSFRIVEhUSFhEWERYRFhEWERYRFhIVEhUSFRIVEhU2FRIVNxUSFRIVNxUSFQANBQAAAAAAAAAAAAA=",
        "29": "JgBOAAABIpIWNhUSFRIVNxY2FRIVEhUSFTYWERY2FTcVExQSFRIVEhUSFRIVERYSFRIVEhUSFRIVEhUSFRIVEhU3FRIVNxUSFRIVNhYRFgANBQAAAAAAAAAAAAA=",
        "30": "JgBOAAABI5IWNRcRFhEWNhY1FhIWERYRFhEWNRY2FTcVExQTFBMUExQTFBIVEhYRFhEWERYRFhEWERYRFhEWERY2FRMUNxUSFhEWNRYSFQANBQAAAAAAAAAAAAA="
      },
      "mid": {
        "16": "JgBOAAABI5IVNxURFhEWNxUSFTYWEhURFhIVERYSFRIVEhUSFRIVEhUSFRIVEhUSFRIVEhUSFRIVEhUSFRIVEhU3FRIVNhYRFhIVNhUSFQANBQAAAAAAAAAAAAA=",
        "17": "JgBOAAABI5IWNRQTFhEWNhYRFjYVEhUSFTcTFBUSFRIVEhUSFRIVEhUSFRIVEhUSFRIVEhYRFhEWERYRFhEWERY2FRIVNhYRFhEWNhUSFQANBQAAAAAAAAAAAAA=",
        "18": "JgBOAAABIpIWNhUSFRIVNxYRFjYVEhUSFRIVNhQUFRIVEhUSFRIVEhUSFRIVEhUSFRIVEhUSFRIWERYRFhEWERY2FRIVNhYRFhEWNhQTFQANBQAAAAAAAAAAAAA=",
        "19": "JgBOAAABI5IWNRYRFhEWNxUSFTYWERYRFjYVNhYRFhEWERYRFhEWERYRFhEWERYRFhIVEhMUFRIVEhUSFRIVEhU2FhEWNxQSFRIVNxYRFgANBQAAAAAAAAAAAAA=",
        "20": "JgBOAAABIpIXNRUTFBMVNhYRFjYVEhUSFRMUEhU2FhEWEhUSFRIVEhMUFRIVEhUSFRIVExQSFRIVEhUSFRIWERY2FRIVNhYRFhEWNhUSFQANBQAAAAAAAAAAAAA=",
        "21": "JgBOAAABI5IVNhYRFxAWNxUSFTYWERYRFjYVEhU2FxAWERYRFhEWERYSFRIVEhUSFRIVEhUSFRIVEhUSFRIVEhU2FhEWNxQSFRIVNxYRFgANBQAAAAAAAAAAAAA=",
        "22": "JgBOAAABIpIWNhUSFRIVNxUSFjUWEhUSFRQROBY2FRIVEhUSFRIVEhUSFhEVEhUSFRIVEhUSFRIVEhYRFhEWERY2FRIVNxURFhEWNxUSFQANBQAAAAAAAAAAAAA=",
        "23": "JgBOAAABIpIWNhUSFRIVNxYRFjYVEhUSFTYWNhU3FRIVEhUSFRIVEhUSFRIVEhUSFRIVEhUSFRIVEhUSFRIVEhU3FRIVNxUSFRIVNhYRFgANBQAAAAAAAAAAAAA=",
        "24": "JgBOAAABI5IWNhUSFRIVNxUSFTYWERYSFRIVEhUSFTYWERYRFhEWERYRFhEWERYSFhEVEhUSFRIVEhUSFRIVEhU2FhEWNhYRFRIVNhYRFgANBQAAAAAAAAAAAAA=",
        "25": "JgBOAAABIpIXNRUSFRIVNxcQFjYVEhUSFTYWEhUSFTYVEhYRFhEWERYRFhEWERYRFhEWERYRFhIVEhUSFRIVEhU2FBMWNxQSFRIVNxYRFgANBQAAAAAAAAAAAAA=",
        "26": "JgBOAAABJJEWNhUSFRIVNxUSFjYVEhUSFRIVNhYRFjYVEhUSFRIVEhUSFRIVEhUSFRMVERYRFhEWERYRFhEWERY2FRIVNxURFhEWNxUSFQANBQAAAAAAAAAAAAA=",
        "27": "JgBOAAABIpIXNRUSFhEVNxYRFjYWERUSFTYWNhUSFTcVEhMUFRITFBUSFRIVEhUSFRIVEhUSFRIVEhUSFRIVEhU3FRIVNxUSFRIVNhYSFQANBQAAAAAAAAAAAAA=",
        "28": "JgBOAAABIpIXNRQTFRIVNxYRFjYVExMTFRIWERY2FTYVEhUSFhEWERYRFhEWEhURFhEWERYSFRIVEhYRFRIVEhU2FhEWNxQSFRIVNxYRFgANBQAAAAAAAAAAAAA=",
        "29": "JgBOAAABI5IWNhUSFRIWNhUSFTYWERYSFTYVEhY1FjcTFBUSFRIVEhUSFREWERYRFhEWERYRFhEWEhUSFRIVEhU3FRIVNxUSFRIVNhYRFgANBQAAAAAAAAAAAAA=",
        "30": "JgBOAAABI5IWNhYRFhEVNxYRFTYWEhUSFRIVNhY2FTcVEhUSFRIVEhUSFREWERYRFhEWEhUSFRIVEhUSFRIVEhU3FRIVNxUSFRIVNhYRFgANBQAAAAAAAAAAAAA="
      },
      "high": {
        "16": "JgBOAAABI5IVNhYSFRIVNxU2FjYUExUSExQTFBQTFBMXEBQTFBMUExQTFBMWERYRFBMUFBMUExQTFBMUFBMUExM4FBMUOBQTFRIWNRcQFAANBQAAAAAAAAAAAAA=",
        "17": "JgBOAAABIpMVNxUSExQUOBM5FDcVEhUSFDgVEhUSFBMVEhMUFRITFBMUFBMUExQTFBMUExQTFBMUExQTFBMUExQ4FBMUOBQSFBMWNxUSFAANBQAAAAAAAAAAAAA=",
        "18": "JgBOAAABIpIWNRYSFRIUOBQ3FDgWERYRFRITOBYRFBMUFBMUExQVEhUSExQVEhMUFRITFBMUFBMVEhQTFRIUExU3FRIVNxMTFBMUOBYSFAANBQAAAAAAAAAAAAA=",
        "19": "JgBOAAABI5IUNxQTFhEUORU2FTcVEhQTEzkTORQSFRMVEhIVFBMVEhUSFRIVERQTFRMUEhQTFBMUExQTFBMVEhQ5FRIVNhQTFhEUOBQTFQANBQAAAAAAAAAAAAA=",
        "20": "JgBOAAABI5EXNRQTFRIUOBY2FDcWERQTFhEWERQ4FhETFBMUFBMVEhQTFBMXEBQTFBMUExQTFBQTExQUExQTFBM4FBMUOBYRFRITORYRFAANBQAAAAAAAAAAAAA=",
        "21": "JgBOAAABIpMXNRUSFRITORY1FjYVEhQTFDgVEhU3FRIVEhUSFRIVExQSFREWERQTFhEWERYRFBQTFBUSExQVEhU3FRIVNxMUFBMUNxQTFAANBQAAAAAAAAAAAAA=",
        "22": "JgBOAAABIpMXNRUSFRIVNxU3FDcVEhQTFBMVNxQ4FRIWERYRFRIVEhUSFhAWERQTFhITFBUSFBMUExUSExQTFBM5FhEVNxQTExQTOBQTFAANBQAAAAAAAAAAAAA=",
        "23": "JgBOAAABIZMWNhYRFBMTORY2FTYWEhURFTcVNxU3FRIVEhMUFRITFBQTExQTFBUSFBQVERQTFBMVExQSGQ4WERM5FBMTOBUSFBMUOBUSFAANBQAAAAAAAAAAAAA=",
        "24": "JgBOAAABIZQVNhYRFhIVNxU2FjYWERQTFBMVEhUSFDgWERQTFRIVEhUSFRITFBUSFBMVEhMUFBMUExMUExQWERU3FRIVNxURFBMVOBUSFQANBQAAAAAAAAAAAAA=",
        "25": "JgBOAAABJJEVNhUSFhEWNxU2FjYVEhUSEzgWERYRFDkVEhYRFRIVEhYRFhAUFBMTFBMWERQTFBMUExQTFBQTFBQ4FhEVNhUSFBMWNhQTFAANBQAAAAAAAAAAAAA=",
        "26": "JgBOAAABIZQVNhYRFBMWNxU2FTcUExUSFRITOBQTFDkUExUSFRIVEhUSFhAUExQTFBMTFBQTFBMUExQUExMUExQ5FBMWNRQUFREUOBUSEwANBQAAAAAAAAAAAAA=",
        "27": "JgBOAAABIZMWNhUSFRIWNhQ4FTYVEhUSFTcUOBUSFTYWERYSExQUExUSFRIVEhUSFRIUExUSFRIWEhURFRIVEhU2FRMVNhYRFBMVNxYRFQANBQAAAAAAAAAAAAA=",
        "28": "JgBOAAABIpMWNhUSFRITORU3FTYVExkNFRIWERY2FTcVExQSFRIVEhUSFREUExQUExQUExMUExQUExMUExQTFBM5FRIWNhUSFRIVNhQTFAANBQAAAAAAAAAAAAA=",
        "29": "JgBOAAABIZQVNhUSFhEVOBQ3FzUUExYREzgUExU4FTYUExQTFBMUExUSFBMUExQTFBMUFBYRExQVEhUSFRIVEhY1FBMUOBQTFBMTOBUSFQANBQAAAAAAAAAAAAA=",
        "30": "JgBOAAABIpIWNRYSFhEWNhU2FjYWERYRFhEWNRc2FTYWEhUSFRIVEhUSFhEWERYRFhEWERYRFhEUExQTFBMUExU2FhIVNhUSFhEWNRYSFgANBQAAAAAAAAAAAAA="
      }
    },
    "dry": {
      "auto": {
        "16": "JgBOAAABI5IVEhU2FhEWNxUSFhEVEhUSFRIVEhUTFBIVEhUSFREWERYRFhEWERYRFhEWERYSFRIVEhUSFRIVEhU2FhEWNxUSFRIVNhUSFgANBQAAAAAAAAAAAAA=",
        "17": "JgBOAAABI5IVEhU2FhEWNxUSFRIdChUSFTYWERYSFRIVEhUSFRIVEhUSFRIVEhUSFRIVEhUSFRMUEhUSFRIVEhU3FRIVNhYRFhEWNhUSFQANBQAAAAAAAAAAAAA=",
        "18": "JgBOAAABIpIWEhU2FRIVNxYRFhEWERUSFRIVNxUTFBIWERUSFRIVEhYRFhEWERYRFhEVEhUSFRIVExQTFBMUExQ3FRIWNhUSFRIVNhYRFgANBQAAAAAAAAAAAAA=",
        "19": "JgBOAAABIpIXERU2FhEVNxQTFxAXEBMVEjkUOBYRFhEWERUSExQVEhUSFhEWERYRFhEWEhQSFRIWERYRFhEWERY2ExQVNhQTFhEWNhUSFgANBQAAAAAAAAAAAAA=",
        "20": "JgBOAAABIpIVEhQ4FBMTORQTExQUExUSFRIVEhU3FBMTFBMUFBMTFBQTExQTFBMUExQVEhYRFhEWERYSFREVEhY2FBMUNxcQFBMWNhQTEwANBQAAAAAAAAAAAAA=",
        "21": "JgBOAAABIZQWERU2FRIUORQTExQUExYRFTYWERQ4FBMUExMUExQUExQUExMUExQTFBMUExUSFRIVEhQTFBQTFBM4FBMUNxUTExQTOBQUEwANBQAAAAAAAAAAAAA=",
        "22": "JgBOAAABJJEUExM4FRIUOBUTFRIUExUSFRIVNhQ4FBMTFBMUExQTFBUSExQTFBQTFBMTFBQTFBMUExQTFBMUFBM4FBMUNxQTFRIVNxQTEwANBQAAAAAAAAAAAAA=",
        "23": "JgBOAAABIpIUExQ4FBMUOBQTFBMUExUSFTcWNRQ4FRIVEhMUExQUExQTFBMTFBMUFBMUExQTFBMWERQTFBMWERQ4FBMTORQSFBMVOBQTFAANBQAAAAAAAAAAAAA=",
        "24": "JgBOAAABIpMVEhU2FhEUORUSFBMTFBUSFRIWERYSFDcUExUSFRITFBUSFBMTFBMUExQVEhUSFhEVEhYRFhEVEhY2FBMTOBQTFBMWNhQTEwANBQAAAAAAAAAAAAA=",
        "25": "JgBOAAABIJQVEhQ4FBMTORYRFBMUExUSFTcUExMUFTYVExQTFBMUExMUFBMTFBMUExQUExQTExQTFBQTFBMTFBQ4FRIUNxYRFBMUOBQTEwANBQAAAAAAAAAAAAA=",
        "26": "JgBOAAABJJEUExM4FhEWNxQTFBMTFBYRFhEVNhcQFTcUExQTFhITExQTExQUExQTFBMUExUSFBMVEhQTFRIUFBM4FBMUNxQUExQTOBQTFAANBQAAAAAAAAAAAAA=",
        "27": "JgBOAAABIZMXERU2FxAVNxcQFBQTFBQTFTYUOBQTEzgUFBIVFREUExQTFhEVEhQTFBMUExQUFRITFBMUExQTFBQ3FBMUORURFBMTORQTFAANBQAAAAAAAAAAAAA=",
        "28": "JgBOAAABJJAVExQ3FhISORUSFBMUExYSFRIUExQ3FDgVEhQTFBMTFBUSFBMTFBYRExQUExQTFBMVEhMUFBMUExQ4ExQTOBQTFBMUOBQTEwANBQAAAAAAAAAAAAA=",
        "29": "JgBOAAABI5IVEhU2FhEWNxUSFRIVEhQTFDcWEhU2FTYWERYSFREWERYRFhEWEhUSFRIVEhUSFRIVEhUSFRIVEhU2FhEWNxQSFRIVNxYRFgANBQAAAAAAAAAAAAA=",
        "30": "JgBOAAABI5IWERU2FhEWNxUSFRIVEhQTFBMUNxY2FTYWERYRFhEWERYRFhEWERYSFRIVEhUSFRIVEhUSFRIVEhU2FhEWNxQSFRIVNxYRFgANBQAAAAAAAAAAAAA="
      },
      "low": {
        "16": "JgBOAAABI5EXERY1FhEWNxY1FhEWERUSFhEWERYSFREWERcQFhEWERcQFxEXGgwRFRISFRIVEhUSFRMUExQTFBM4FxAXNRMUFRIWNRcRFgANBQAAAAAAAAAAAAA=",
        "17": "JgBOAAABJJETFBM4FxAXNhU2FhEWERYSEzgWERYRFRIWEhQSFhIVERYSFREWERYRFhEXEBcQFhEWERcQFhIWERU2FhEVNxUSFRITOBQTFgANBQAAAAAAAAAAAAA=",
        "18": "JgBOAAABIZQTFBU2FhEXNhY1FhEWERYRFhEWNhYRFhEWERYRFhEVEhYRFhEWERYRFRIWERYRFhEXEBcQFhEXEBc1ExQWNRcQFhEWNhYRFgANBQAAAAAAAAAAAAA=",
        "19": "JgBOAAABI5IWERc1FhEWNhY2ExQWERUSFjUWNhYRFRIWERYRFRIWERUSFhEWERYSFBIWERYRFhEWERcRFREXEBY2ExQWNhMTFxAXNhYRFQANBQAAAAAAAAAAAAA=",
        "20": "JgBOAAABIpMWERQ5FREWNhY1FhEXEBcQFxEVEhY1FhEWERYRFhEWERYRFhEWERcQFxAXERUSFRIVEhYRFhEWERU2FhIWNRYRFhEWNRcQFwANBQAAAAAAAAAAAAA=",
        "21": "JgBOAAABI5IWERc1FhEWNhY2FhEWERUSFjUWERc1FhEWERYRFhEWERUTExMWERYRFhEWERYRFhEWERYRFhEWERc1FhEWNhMUFREWNxUSFgANBQAAAAAAAAAAAAA=",
        "22": "JgBOAAABI5IWERY2ExMXNhY1FBQVERcQFxAWNhU2FxAXEBYSFhEWERUSFRIVEhYRFhEVEhYRFhEWERYSFRIVERY2FhEWNhMTFhEWNhYSFgANBQAAAAAAAAAAAAA=",
        "23": "JgBOAAABJJEXEBY2FhEWNhc1FhEWERYSEzcXNRY2ExUUExIVEhQTFBMUExQVEhMUFhEWERYRFhEWERYRFhEWERY2ExQVNxYSFREVNhcQFwANBQAAAAAAAAAAAAA=",
        "24": "JgBOAAABI5IWERU2FBMWNhc1FhEWERYRFRIWERYRFjYWERYRFhEWERMUFRIVEhUSFRIWERYRFhEWERYRFhITExY2FRIXNBcQFhEXNRYRFgANBQAAAAAAAAAAAAA=",
        "25": "JgBOAAABJJEWERc1FhAXNhY2FhEWEBcQFzUWERYRFjUXEBcRFhEVEhUSFhEWERYRFRIWERYRFhEWERYRFhEWERY2ExQWNhMTFhEWNxUSFgANBQAAAAAAAAAAAAA=",
        "26": "JgBOAAABJJEUExY1FhEXNhY1FxAXEBcQFxAWNhYRFjUXERYRFhEWERYRExQVEhYRFhEWERYRFhEWERYSExMWEhU2FhEWNhMTFhEWNxYRFgANBQAAAAAAAAAAAAA=",
        "27": "JgBOAAABJJEWERY1FxEWNhY1FxAXEBYRFzUVNhcQFzYTFBMUExUUEhMUExQVERYRFxAXEBcRFhAXEBcQFhIWERY2ExUSORYQFxAXNRUSFQANBQAAAAAAAAAAAAA=",
        "28": "JgBOAAABIZMXERY1FhEWNhc1FBMWERUSFhEWERY2FTYVEhYRFhEWERYRFhEXEBYRFxAXEBcQFhIWERYRFhEVEhY1FhIVNxQSFRIVNxYRFgANBQAAAAAAAAAAAAA=",
        "29": "JgBOAAABJJEWERY1FxAXNhY1FxAWEhYQFzUWERY1FzYTFBMUExQTFBMUExMWEhURFhEWERcQFxAWERYRFxAXERY2ExQTOBcQFhEXNRYRFgANBQAAAAAAAAAAAAA=",
        "30": "JgBOAAABIpIWERY2FRIVNxY2FRIVEhUSFRIVNhY2FTcWERUSFhEVEhUSFhEUExQTExQTFBQTFBMUExMUExQTFBQ4FBMWNhQTFBMTOBUSFQANBQAAAAAAAAAAAAA="
      },
      "mid": {
        "16": "JgBOAAABJJEWERY1FxEWNhQTFTYXEBcQFhITFBUSFhEVEhYRFRIVEhUSFRIVEhUSFRIVEhUSFRMUExQSFRIVEhU3FRIVNhYRFhEWNhUSFQANBQAAAAAAAAAAAAA=",
        "17": "JgBOAAABIpMWEBc1FhEVNxYRFjYVEhYRFjUWERYRFxAWERcQFxAWERYSFhEWERYRFhEWERYRFhEVEhYRFRIWERY1FhIVNhYRFRIWNhYRFgANBQAAAAAAAAAAAAA=",
        "18": "JgBOAAABI5ITFBY1FhEXNhYRFjUWERYRFhEWNhYRFhEWERYRFhEWERYRFhEWERYRFhEWEhURFxAWERcQFxAXEBc1FhEWNRcQFxAXNRUSFgANBQAAAAAAAAAAAAA=",
        "19": "JgBOAAABI5EXERY1FhIVNhcRFjUVEhYSFTUXNRYRFhEWERYRFhEWERYRFxAXERMTFxAXEBcQFxEWERYRFhEWERY1FhEWNxIUExQWNhYRFgANBQAAAAAAAAAAAAA=",
        "20": "JgBOAAABJJEWERY1FxAXNhYRFjUWERYSFREXEBc1FhEWERYRFhEWERYRFhEWEhMTFhEUExcQFxAXEBcQFxEWEBc1FRIWNRcQFxEVNhUSFgANBQAAAAAAAAAAAAA=",
        "21": "JgBOAAABI5EWEhY1ExQWNhYSFTYWERYRFjUWERY2FhEWERYRFhEVEhYSExMWERYRFhIVERYSExMWERcQFxAXEBc1FhEWNhMUExMXNhYRFgANBQAAAAAAAAAAAAA=",
        "22": "JgBOAAABIpIVEhY2FRIVNxUTFDcVEhUSFRIVNhU3FRIVEhUSFRIVEhUSFRIVEhUSFRIVEhUSFRIVEhYRFhIVEhU2FRIVNxURFhEWNxUSFQANBQAAAAAAAAAAAAA=",
        "23": "JgBOAAABI5EVEhU3FBMVNxUSFDgWERQTFDcUOBQ4ExQVEhUSFRITFBUSFhAUFBUSExQUExQTExQUExMUFBMUExM5FRIVNxQTFhETOBUSFQANBQAAAAAAAAAAAAA=",
        "24": "JgBOAAABIZMUExQ3FRIUORQTEzgVEhUSFBMVEhQUFTYWERYRExQWERQTFBMXEBYRFhEUExQTFBMUExUTExQUExM4FhEUOBQTExQWNRQTFAANBQAAAAAAAAAAAAA=",
        "25": "JgBOAAABIZMXEBQ4FBMUOBQTFDcVExQTEzgWERQTFDgVEhQTExQTFBQTExQTFBQTExQWERMUFhEUExQTFBMUExQ4FBMUOBURFRIUORYRFAANBQAAAAAAAAAAAAA=",
        "26": "JgBOAAABIpMVExQ3FBMTORQTFDgTFBMUExQTOBYSFDcWERMUFBMUExYRFBMUExQTFBMXEBYRFRMTFBMUFBMTFBQ3FBMUORURExQWNhQTFAANBQAAAAAAAAAAAAA=",
        "27": "JgBOAAABJJEWERQ3FhITORQTEzgVExMTFTcUNxUSFDkVEhUSFRIVEhIVFREUExQTFBMUExUSFRIUExQTFBQUExM5FRIVNhQTFRIUOBQTFgANBQAAAAAAAAAAAAA=",
        "28": "JgBOAAABJJETExQ3FRMTORYRFDcVEhQUExQTFBU2FDcVExMUFBMTFBMUExQTFBQTFBMUExMUExQXEBMUFBMWERQ4FBMTORMTFBMUORUSEwANBQAAAAAAAAAAAAA=",
        "29": "JgBOAAABIpMUExY2FRIVNxQTFDcWEhMUFDcUExQ3FTgSFRUTFBIVEhYRFREUExQTFhEUExQTFRIUFBMUExQUExQ4FRIVNhYSExQTOBQTFAANBQAAAAAAAAAAAAA=",
        "30": "JgBOAAABIZQUExM4FBMUORQTFDcUExQTFBMUOBQ3FDgWEhUSFRIVEhUSFREUExMUFBMTFBMUFBMUExQTFBMUExQ5FRIVNhYRFBMWNhQTFAANBQAAAAAAAAAAAAA="
      },
      "high": {
        "16": "JgBOAAABI5IWERY1FxETORY1FjYWERYRFhEWERYRFhEVExIUFhEUFBURFhEWERYRFhEWERYRFxEVERYRFxAXEBY2FRIWNRcQFxAWNhUSFgANBQAAAAAAAAAAAAA=",
        "17": "JgBOAAABI5EWEhY1FhEWNhY2FjUWERYRFjYTFBYRFhEWERYRFhEWERUSFhEWERUSFhEWERYRFhEWERcQFhEXEBc1FhEWNhYQFxAWNxYRFgANBQAAAAAAAAAAAAA=",
        "18": "JgBOAAABJJEWERY1FxAXNhY1FzUWERYRFRIWNRcQFhEXEBcQFhIVEhYRFhEWERYRFhEWERYRFRIWERYRFRIVEhY1FhIWNhURFhEWNhcRFQANBQAAAAAAAAAAAAA=",
        "19": "JgBOAAABI5EWERY2FRIWNxU2FTYXEBYRFjYVNxUSFRMUEhUSFRIVEhUSFRIVEhUSFRIVEhUSFRIVEhUSFRIVEhU3FRIVNxYRFRIVNhYSFQANBQAAAAAAAAAAAAA=",
        "20": "JgBOAAABI5IWERU2FhEWNxU2FjYVEhUSFRIVEhU2FhEWERYRFhEWERYRFhIVEhUSFhEVEhUSFRIVEhUSFRIVEhU2FhEWNxQSFRIVNxYRFgANBQAAAAAAAAAAAAA=",
        "21": "JgBOAAABIpIWEhU2FhEVNxY2FTYXEBYRFjYUExU3FRIVEhUSFRIVExQSFRIVEhUSFRIVEhUSFRIVEhUTFBIVEhU3ExUUNxUSFRMVNhUSFQANBQAAAAAAAAAAAAA=",
        "22": "JgBOAAABIpIWERY2FRIVNxU2FjYVEhUSFRMTOBU3FRIVExQSFRIVExQTFBEWERcQFhEWERYSFRIVEhUSFRIVEhU3FRIVNxUSFRIVNhYRFgANBQAAAAAAAAAAAAA=",
        "23": "JgBOAAABI5IVEhU2FxAWNxU2FjYVEhUSFTYWNxQ3FRIVEhYRFhEWERYRFhEWERYRFhEWEhUSFRIUExQTFBMUExQ3FhEWNhUSFRIVNhYRFgANBQAAAAAAAAAAAAA=",
        "24": "JgBOAAABI5IWERY1FhIVNxU2FjYVEhUSFRIVEhUSFTcVEhUSFRIVEhUSFRIVEhUSFRMUEhUSFRIVEhUSFhEWERY2FRIVNxURFhIVNxUSFQANBQAAAAAAAAAAAAA=",
        "25": "JgBOAAABI5IWERU2FhEWNxU2FTcVEhUSFTYWERYRFjYVExQTFBMUExQTFBIVEhUSFRIVEhYRFRIWERYRFhEWEhU3FBMUNxYRFhEWNhUSFQANBQAAAAAAAAAAAAA=",
        "26": "JgBOAAABI5IWERU2FhEWNxU2FTcVEhUSFRIVNhYRFjcUExQTFBMUExQTFBIVEhUSFRIVEhUSFRIWERYRFhEWERY3FBMUNxYRFhEWNhUSFQANBQAAAAAAAAAAAAA=",
        "27": "JgBOAAABIpIVEhY2FRIVNxU2FjYWERUSFTYWNxUSFTYWEhURFhEWEhUSFRIVEhUSFRIVEhUSFRIVEhUSFRIVEhU2FhIWNRUSFRIVNxUSFQANBQAAAAAAAAAAAAA=",
        "28": "JgBOAAABI5IVEhU2FhEWNxU2FjYVEhUSFRIVEhU2FjcUExQTFBMUExQTFBIVEhUSFRIVEhYRFhEWERYRFhEWERY3FBMUNxYRFhEWNhUSFQANBQAAAAAAAAAAAAA=",
        "29": "JgBOAAABI5IVEhU2FhEWNxU2FjYVEhUSFTYWERY3FDcVEhUSFRIWERYRFhEWERYSFREWERYRFhEVEhUTFBMUExQ3FhEWNhUSFRIVNhYRFgANBQAAAAAAAAAAAAA=",
        "30": "JgBOAAABI5IVEhQ4ExQTORQ4EzgUExYRFBMUOBM5FTcTFBMUFRITFBMUExQVEhMUFhETFBUSFRITFBMUFBMVEhM5ExQUNxQTFRIVNxMUFQANBQAAAAAAAAAAAAA="
      }
    },
    "fan_only": {
      "auto": {
        "16": "JgBOAAABJJAXNRQ4FhEUOBQTFBMTFBMUFBMTFBMUFBMTFBMUFBMUExMUFBMUExQTFBMVEhUSFhEWERYRFRMUExU2FhEUOBQTFBMTOBQTFAANBQAAAAAAAAAAAAA=",
        "17": "JgBOAAABI5EWNhY2FhEWNRcRFhEWERYRFjUWERYRFhEXEBYRFxAXEBcQFxEWERYRFRIWERYRFhEWERYRFhEWERY1FxAXNRYSFREWNRcRFgANBQAAAAAAAAAAAAA=",
        "18": "JgBOAAABI5EUOBY2FxAXNRYRFhEWERYRFhEWNRcQFxEWERYRFhEWERUSFhEWERYRFhEWERYRFhIVERYSExMWERY2FhEWNRYSExQWNRYRFgANBQAAAAAAAAAAAAA=",
        "19": "JgBOAAABJJEWNRc2FhEWNRQUFhAXEBcQFzUWNRcQFxAXEBcRFhEWERYRFhEWERYRExQWERYRFhEWERYRFhEWERY1FxEWNhMTFhEWNhcRFgANBQAAAAAAAAAAAAA=",
        "20": "JgBOAAABIZQWNhY2FhEWNRcQFxAXERYRFhEWERY1FhEWERYRFxAXEBcRFRIVERcRFhEWERYRFhEWERYRFhEWERY1FxAXNRYRFhEWNRcQFwANBQAAAAAAAAAAAAA=",
        "21": "JgBOAAABI5EWNhY2FhEUNxcQFhEXERYRFjUWEhU2FhEWERYRFhEWERYRFhIVERYSFREWERYRFhEWEhURFhEWERc1FhEWNhMTFxAXNhYRFgANBQAAAAAAAAAAAAA=",
        "22": "JgBOAHcNj6QNPBFDCBgRFg8dCxYRFxAbCxsNOxA6EhULIAcdDRwRFBMXDRoPFhMYBx4NGg8VExYOGBEXByMHHhE5ERcFSQoZERcRPQ4YDwANBQAAAAAAAAAAAAA=",
        "23": "JgBOAAABI5IWNRY3FhEWNRYRFhEWEhURFjYWNRY3FRISFRIVEhUSFRIVExQVERYRFhEWEhURFhEWERYRFhEXEBc2EhUSORQTFhEXNRYRFgANBQAAAAAAAAAAAAA=",
        "24": "JgBOAAABJJEWNRc2FhEWNRYSExMXEBcQFxAXEBcQFzUWERYRFhEWERYRFhIVEhURFhEXEBcQFxAXEBcRFhEWERY1FBMWNhYRFhEWNRYRFAANBQAAAAAAAAAAAAA=",
        "25": "JgBOAAABJJEWNRY2FBQWNRYRFhIVEhURFjYWERYRFjUWERcQFxAXERYRExMXERYRFhEWERYRFhEWERYRFhEWERY1FxAXNhMTFhEWNhcQFwANBQAAAAAAAAAAAAA=",
        "26": "JgBOAAABJJEUNxc2FhEWNRcRFhAXEBcQFxEWNRQTFjUXERUSFhEWERYRFRIWERYRFhEWEhMUFREWERYRFhIVERY2FhEWNhMUFREWNxMUEwANBQAAAAAAAAAAAAA=",
        "27": "JgBOAAABI5IWNRY2FxAXNRQTFhEWERQTFjYWNRYRFjYTFBMUExUUExIVEhQWERYRFhIVERYRFhEWERYRFhEWERY3EhUSORYRFhEWNhMUFgANBQAAAAAAAAAAAAA=",
        "28": "JgBOAAABJJETOBY3FhEWNRYRFhEWEhURFhIWERY1EzgXEBcQFxAXEBcRFhEWERYRFhEWERYRFhEWERYRFhEWERY1FBQTORMUExQVNhcQFwANBQAAAAAAAAAAAAA=",
        "29": "JgBOAAABJJEWNhY2FhEWNhYRFhEWERYRFjUWERY2FjYTFRIUExUSFRQSExMXERUSFhEWERMUFhEWERYRFhEWERY2ExQTORYRFhEWNRQTFwANBQAAAAAAAAAAAAA=",
        "30": "JgBOAAABI5EUOBY2FhEWNhYRFhEWERYRFhEWNRc1FjYTFBMUExQTFBMUExQWERUSFhEWERYRFRIWERYRFhIVERY2ExQTORYRFhEWNRcQFwANBQAAAAAAAAAAAAA="
      },
      "low": {
        "16": "JgBOAAABIZMWNhQ4FRIUOBQ3FBMUExQTFRIVEhUSFRIVEhQTFBMUFBQTFBMTFBMUFBMTFBQTExQTFBMUFBMTFBQ4ExQTOBQTFBMUOBMUFAANBQAAAAAAAAAAAAA=",
        "17": "JgBOAAABIpIUOBM5FRIVNxQ3FhEVEhUSFDgTFBQTExQVEhUSFRIUExUSFRIVEhQTFRIVEhUSFRIVExQTFBMTFBQ3FRIUOBQTExQUOBMUFAANBQAAAAAAAAAAAAA=",
        "18": "JgBOAAABIZMVNhU4ExQTOBU3FBMTFBQTFBMVNxQTFBMUExQTFBQSFBMUFBMUExQTFBMUExQTExQVEhUSFRIVEhU3FBMUOBQSFRIVOBQTEwANBQAAAAAAAAAAAAA=",
        "19": "JgBOAAABIJQVNxQ4FRIVNxQ3FRIUExQTFTcUOBQTFBMUExQTFBMTFBQUExMTFBQTFBMTFBQTFBMUExQTExQUExQ4FBMUOBQTFBMUNxUTFAANBQAAAAAAAAAAAAA=",
        "20": "JgBOAAABI5EWNhY2FhEWNRc1FhEWERYRFhIVERY2FhEWERYRExQWERYRFhEWEhQSFhEWERYRFhITExYRFhEWERY2FhEWNhMTFxAXNhMUFgANBQAAAAAAAAAAAAA=",
        "21": "JgBOAAABJJEUNxU3FBQUNxU2FBQUExQTEzgUExU3FBQTFBMUExQSFRMUExMTFBQTExQUExMUFBMUExUSFRIVEhU4ExQTOBQTFRIVNxQTEwANBQAAAAAAAAAAAAA=",
        "22": "JgBOAAABIZUTOBQ4FBMVNhQ4FBMTFBUSFBMVNxQ4FBMUExQTFBMUExQTFBIUExUSFRIVEhUTFBMUExMUFBMUExM5FBMUOBQTFBMTOBUSFAANBQAAAAAAAAAAAAA=",
        "23": "JgBOAAABIZMUOBM5ExQWNhM4ExQUExQTFjYTORU3ExQVEhMUFRITFBUSExQTFBUSFhEWERMUExQVEhMUFRIVEhU3FBMWNRQTFhEUNhYTFAANBQAAAAAAAAAAAAA=",
        "24": "JgBOAAABIpIUNxU4FBMTQA03FBMUExQTExQUExUSFDgUExMUFBMUExQTFBMUExQTFBMUExUSFBMVEhMUFBMVEhQ4FBMUOBQSFRIUORUSFAANBQAAAAAAAAAAAAA=",
        "25": "JgBOAAABIpIWNhU3FRIWNhY1FRIWERYRFjYWERYRFTcVEhMUExQTFBUSExMWERcRFhEVEhUSFhEVEhUSFRIXEBY2FRIVNxUSFRIVNhYRFgANBQAAAAAAAAAAAAA=",
        "26": "JgBOAAABIZQWNRY2FBQTOBY1FBMXERYRFhEWNRQUEzgTFBMVEhUSFRIVFREWERYSFBMTFBURFhEWERYRFhEWERc2FRISORYRFhEWNhYRFgANBQAAAAAAAAAAAAA=",
        "27": "JgBOAAABJJEWNRc2FhEWNRc1FhEWERMUFjUUORIVEzgWERYRFxETExcRFhAXEBcRFhEWERYRFhESFRQTExQTFRI4FxAXNRYRFhEWNRcQFwANBQAAAAAAAAAAAAA=",
        "28": "JgBOAAABI5EXNRY2FhEWNhY1FhIVERYRFhEWERc1FjYTFBMUExQTFBMUExMXEBcRFhEWERYRFhEWERYRFhEWERY2ExQTORYRFhEWNRcQFwANBQAAAAAAAAAAAAA=",
        "29": "JgBOAAABI5EbMRY2FhEWNhY1FhEWERYRFjYWERY2EzkTFBYRFhEWERYRFhEWERYRFhEWERYRFhIVERMUExQTFBM5FhEWNRYRFxAXNRYRFgANBQAAAAAAAAAAAAA=",
        "30": "JgBOAAABIpIUOBU3FBMXNRY1FhEWERYSFREWNhU3FTcVEhUSFRIVEhUSExQVEhUSFBMUExQTFBMWERUSFhEVEhY2FBMUNxUTFhAUOBQTEwANBQAAAAAAAAAAAAA="
      },
      "mid": {
        "16": "JgBOAAABI5EWNhM5FBMWNRcRFjUWERYRFhEWERYRFxAXEBcQFxAXERYQFxEWERYRFhEWERYRFhEWERYRFhEWERY1FxAXNRYRFhEWNhYRFgANBQAAAAAAAAAAAAA=",
        "17": "JgBOAAABIZQWNRc2FhEWNRYRFjYTFBYRFjUXEBcQFxAXEBcQFxEWEBcRFhEWERMUFhEWERYRFhEWERYRFhEWERY1FxEWNhMUExMWNhcQFwANBQAAAAAAAAAAAAA=",
        "18": "JgBOAAABI5EWNRc2FRIWNRcQFzUWERYSFREWNRcRFhEWERUSFhEWERYRFhEWERYRExQWERYRFhEWERYRFhEWERY2FhEWNhMTFhEXNhYRFgANBQAAAAAAAAAAAAA=",
        "19": "JgBOAAABJJEWNRc2FhEWNRYRFzUWERYRFjUUORMUExQTFRMTExUUEhMUExMXERYQFxAXEBcQFxETFBYRFhEWERY2ExQTOBcRFhEWNRYRFgANBQAAAAAAAAAAAAA=",
        "20": "JgBOAAABI5EUOBY2FhEWNRQUFTYWERYRFhIUEhY2FhEWERYRFhEWERYRFhEWERYRFhIVERYRFhEWERYRFhEWERc1FhEWNhURFxAXNhYRFgANBQAAAAAAAAAAAAA=",
        "21": "JgBOAAABJJAUOBY2FhEWNhYRFjUWERYRFjYWERY2ExQTFBMUExQTFRIVEhQWERYRFhEWERYRFhEWERYRFhEWEhM4FRITORYRFhEWNRcQFwANBQAAAAAAAAAAAAA=",
        "22": "JgBOAAABIJQWNRc2FhEWNRcQFzUWERYRFhEWNhY2ExQTFBMVEhQTFBMVFBEXEBcQFxAXEBcRFhEWERYRFhEWERY2FRMSORYRExQVNhYRFgANBQAAAAAAAAAAAAA=",
        "23": "JgBOAAABIZMVNxQ4FRIVNxQTFDcWERQTFDgVNxQ4FBMTFBQTFBMUExQTFBMTFBUSFBMVEhQTFRIUExQTFBMTFBQ4FBMUNxQTFRIUOBUSEwANBQAAAAAAAAAAAAA=",
        "24": "JgBOAAABI5IWNRY2FxEWNRYSFTUXEBcRFhEWERYRFjUWERYRFhEXEBcQFxAXEBcQFxAXERYRFhETFBYRFhEWERY1FhEXNhIUFhEWNhYRFgANBQAAAAAAAAAAAAA=",
        "25": "JgBOAAABI5EWNhY2FBMWNRcRFjUUExYRFjYWERYRFjYTFBMUExUSFBMUExQWEBcRFRIWERYRFhEWERYRFhEWERM5ExQTORYRFhEWNRYRFwANBQAAAAAAAAAAAAA=",
        "26": "JgBOAAABIZMUNxU4FBMUNxUSFDgTFBQTFBMUNxUSFTgTFBMUExQUExQTFBIVEhUSFBMUExUSFBMVEhUSFBQTFBQ4ExQUNxQTFRIVNxMUFAANBQAAAAAAAAAAAAA=",
        "27": "JgBOAAABIpMTOBU4FBMUNxUSFDgUExQTEzgUOBQUEzgUExQTFBMVEhUSFRIUExQTFRIVEhQTFRMTFBMUEhUTFBM4FRIVNxQTFBMTOBUSFQANBQAAAAAAAAAAAAA=",
        "28": "JgBOAAABIJQWNRc2FhEWNRcQFzUVEhYRFhIVERY2FjYTFBMUExQTFBMUExMWERcQFxAXEBcQFxETFBYRFhEWERY2ExQTOBcRFhEWNRYRFgANBQAAAAAAAAAAAAA=",
        "29": "JgBOAAABI5EWNhY2FBMWNRcQFzUWERYRFjYWERY2EzgXEBcRFhEVEhYRFhEWERYRExQWERYRFhETFBMUExQTFBM4FxEWNRYSFREWNhYRFgANBQAAAAAAAAAAAAA=",
        "30": "JgBOAAABJJEWNRY3ExQWNRYRFjYWERMUFhEWNRQ4EzkWERYRFhEWERYRFhEXEBcRFhAXEBcQFxESFRIVEhUSFRU2FhEWNhYRFhEWNRYRFgANBQAAAAAAAAAAAAA="
      },
      "high": {
        "16": "JgBOAAABIZMUOBQ4FxAUOBQ3FDcVExUSExQUExMUExQTFBQTExQTFBMVEhQUExQTFBMUExQTFBMUExQTFBMVEhQ4FBMUOBYRFhAUORQTEwANBQAAAAAAAAAAAAA=",
        "17": "JgBOAAABI5EUNxQ4FxAUOBQ3FTcUExMUFDgVEhYRFhIVEhUSFRIVEhUSFhAUExMUFBMUExcQExQUExQTFBMUExQ5ExQVNhQTFBMUOBYREwANBQAAAAAAAAAAAAA=",
        "18": "JgBOAAABIZQUNxc1FhEUOBQ3FTcUExQTExQUOBYRFhEWERYSEhUVEhUSFREUExMUExQUExQTExQUExQTFBMUExQ5FBMUNxQTFBMUOBQTFAANBQAAAAAAAAAAAAA=",
        "19": "JgBOAAABJJAVNxQ4FBMUOBQ3FzUUExMUEzkUOBQTExQUExMUExQUExQTExQUExMUFBMUExQTFBMWERYRFhEWERY2FxATOBUSFRMUNxcREgANBQAAAAAAAAAAAAA=",
        "20": "JgBOAAABIZQWNRQ4FRIVNxQ3FTcUExMUExQUExQ4FhEWERYRFhISFRUSFRETFBQTFBMTFBQTExQUExQTFBMUExQ5FRIVNhQTFBMUOBQTEwANBQAAAAAAAAAAAAA=",
        "21": "JgBOAAABIZQUNxU4FBMTOBQ4FjUUExQTFDgVExU2ExQTFBQTFBMUExQTFBQWEBQTFBMVEhUTFBMVEhIVFRIWERY1FBMUOBQTExQTOBUSFAANBQAAAAAAAAAAAAA=",
        "22": "JgBOAAABIZMUOBQ4FBMUNxU3FDcXEBQTFBQWNhY1FRIXERMTFBMVExMUFBMTFBQTFBMUExMUExQWERYRFhEWERY1FRIUOBQTFBMUOBQTEwANBQAAAAAAAAAAAAA=",
        "23": "JgBOAAABIZMWNhQ4FRIUOBQ3FjYTFBMUFDgUOBQ3FBMUExQTFBMVEhUSFRIUExUTExQUExQTFBMUExQTFBMUExY1FRIUOBQTExQTORURFAANBQAAAAAAAAAAAAA=",
        "24": "JgBOAAABJJEUNxQ4FRMWNRc0FTcWERMUFhEUExQTFDgVExQTFRIVEhUSFRETFBMUFBMUExQTFBMUExQTFBMUExQ5FRIVNhQTFhEWNhQTFAANBQAAAAAAAAAAAAA=",
        "25": "JgBOAAABJJAVNxQ4FBMUOBQ3FjYUExMUFDgUExUSFjYUExMUExQUExMUExQUExQTFBMTFBQTFBMVEhUSFRIVEhU3FBMUNxQTFBMUOBQTFAANBQAAAAAAAAAAAAA=",
        "26": "JgBOAAABJJEUNxU4FBMUNxU3FDcWERcQFxAUORMUFTYWERQTFBMVEhQTFBMUExUSFRMUExUSFBMVEhYRFRIVEhY1FRIVNxMUFBMWNRUSFAANBQAAAAAAAAAAAAA=",
        "27": "JgBOAAABI5EWNRU4ExQTOBQ4FDcWERQTFDkVNhQTFDgVEhQTFBMTFBYRFBMTFBQTExQUExMUFBMTFBQTFBMUExQ4FhETOBQTFBMWNxUREwANBQAAAAAAAAAAAAA=",
        "28": "JgBOAAABIJQUOBM5FBMTOBU3EzgUExUTFBIUFBM5FTYUExQTFBQVEhQTExQUExMUFBMUExMUExQSFRUSExQTFBM4FBQTOBMUFRIWNhMUFAANBQAAAAAAAAAAAAA=",
        "29": "JgBOAAABI5EXNRU3FhEXNRY1FjYWERYRFjYWEhI5FjUWERYRFhEWERcQFxAXEBcQFxEWERYRFhEWERYRFRIWERY1FxAXNRYRFhEWNhMTFwANBQAAAAAAAAAAAAA=",
        "30": "JgBOAAABI5EWNhM5FBQVNRc1FjUXEBYRFxEWNhM4FzUWERYRFhEWERYRFhEWERYRFhEWERcQFxAXEBcRFhAXEBc1FhEWNRcQFxEWNhURFgANBQAAAAAAAAAAAAA="
      }
    },
    "heat": {
      "auto": {
        "16": "JgBOAAABIZMUExQTFDgUOBQTFBMUExYRFhEWERYRFhEWERYSFRETFBMUFBMUExMUFBMUExQTFBMUExQTFBMUExQ4FBMUOBcRExMUOBQTFAANBQAAAAAAAAAAAAA=",
        "17": "JgBOAAABJJAXEBQUFTYUOBcQFRIUExYRFjYUExMUExQUExcQFBMUExQTFBMVEhQTFBMWERYSFRIVEhQTFRIWERU2FBMUOBQTFBMUNxcQFAANBQAAAAAAAAAAAAA=",
        "18": "JgBOAAABI5EWEhMTFDgUOBYRFBMUExYRFRIWNhYRExQUExQTFBMTFBQTFBMUExQTFBMWERYRFhEWERYSFRIUExU2FBMUNxUTExQUNxQTFAANBQAAAAAAAAAAAAA=",
        "19": "JgBOAAABJJEWERUSFTYWNxUSFRIVEhUTEzcWNhYRFRIVEhUSFRIVEhUSFRIWERYRFhEWERYRFhEWERYSFRIVEhU2FRIVNxUSFRIVNhUSFgANBQAAAAAAAAAAAAA=",
        "20": "JgBOAAABI5IVEhUSFTYWNxUSFRIVEhUSFRIVEhU2FhEWERYRFhIVEhUSFRIVEhUSFRIVEhQTFRIVEhUSFRIVEhU2FhIVNhYRFRIVNxUSFQANBQAAAAAAAAAAAAA=",
        "21": "JgBOAAABI5IVEhUSFTYWNxUSFRIVEhQTFTYWERY2FRIVEhUSFRIVEhUSFRIWERYRFhEWERYRFhEWERYRFhEWEhU2FRIVNhYSFRIVNhYRFgANBQAAAAAAAAAAAAA=",
        "22": "JgBOAAABIpIWERYRFjYVNxYRFhEWERUSFRMUNxU2FhEWERYSFRIVEhUSFRIVEhUSFRIVEhUSFRIVEhUSFRIVEhU3FRIVNhUSFhEWNhUSFQANBQAAAAAAAAAAAAA=",
        "23": "JgBOAAABI5IVEhUSFTYWNhYSFRIVEhQTFDcWNhU2FRIWERYRFhEWERYRFhEWERYSFRIVEhUSFRIVEhUSFRIVEhU2FhEXNhQSFRIVNxYRFgANBQAAAAAAAAAAAAA=",
        "24": "JgBOAAABIpIVEhUTFDcTORUSFRIVEhQUEhUTFBIVEzgVEhQTFRIVEhUSFRIVEhQTFBMTFRMUExQTFBIVExQTFBM4FRIUOBQTFBMUNxQTFAANBQAAAAAAAAAAAAA=",
        "25": "JgBOAAABIpIWERYRFjYVNxUSFhEWERUSFTcVEhUSFTYWERYRFhEWERYRFhIVEhUSFRIVEhUSFRIVEhUSFRIVEhU2FhEWNhUTFREVNhYSFQANBQAAAAAAAAAAAAA=",
        "26": "JgBOAAABI5IWERUSFTYWNxUSFRIVEhQTFRIUNxYRFjYVEhUSFRIVEhUSFRIVEhUSFRIWERYRFhEWERYRFhEWERY2FRIVNhYRFhEWNhYRFQANBQAAAAAAAAAAAAA=",
        "27": "JgBOAAABIZMXEBUSFDgUOBUSFBMUExYRFjYUNxUSFDgUExMUExQUExQTFBMUExQTFBMUExQTFRIVEhUSFBQTFBM4FBMTORQTFBMTORQTFAANBQAAAAAAAAAAAAA=",
        "28": "JgBOAAABIpIVEhYRFjYVNxUSFRMVERUSFRIVEhU3FTYWERYRFhEWERYRFhEWERYSFRIVEhUSFRIVEhUSFRIVEhU2FhEWNhUSFRIVNhYRFgANBQAAAAAAAAAAAAA=",
        "29": "JgBOAAABI5IWERUSFTYWNxUSFRIVEhQTFTYWERY2FTYWERYRFhEWEhUSFRIVEhUSFRIVEhUSFRIVEhUSFRIVEhU2FhIVNxURFRIVNxYRFgANBQAAAAAAAAAAAAA=",
        "30": "JgBOAAABIpIXEBYRFjYVNxYRFhEWERUSFRIVNxU2FjYVEhUSFRIVEhUSFRMUEhUSFhEWERYRFhEWERYRFhEWERY2FRIVNxURFhIVNxUSFQANBQAAAAAAAAAAAAA="
      },
      "low": {
        "16": "JgBOAAABI5ITFBYRFjUWNhc1FhEWERYRFhEWERYRFxAXEBcQFxAXEBcRFhEWERYRFhESFRIVEhUTFBMUExQTFRQ2FxAXNRYRFhEWNRcRFgANBQAAAAAAAAAAAAA=",
        "17": "JgBOAAABJJEWERYRFjUXNhY1FhEXERYQFzUWERYRFhEWERYRFhEWERYSFREWERcQFxAXEBcQFxAXEBcRFhEWERY1FhEWNhYRFhEWNRYRFgANBQAAAAAAAAAAAAA=",
        "18": "JgBOAAABJJEWERYRFjYWNhY1FxEWERYRFhEWNRYRFhEWERYRFhIWEBcQFxAXEBcQFxEWERYRFhEWERYRFhEWERY1FhEXNRMUFhEWNRcQFwANBQAAAAAAAAAAAAA=",
        "19": "JgBOAAABIZMUExcQFzUWNhY2ExQWERYRFjUUOBYRFhEWERYRFhIVERYRFhEXEBYRFhEWERYRFxAXEBcQFxEWEBc1FhEWNhMUFhEWNhYRFgANBQAAAAAAAAAAAAA=",
        "20": "JgBOAAABJJEWERYRFjUXNhM4FBMWERYRFhIVERc1FhEWERYRFxAWERYSFBIWERYRFhEWERYRFhEXEBcQFxAXEBc1FhEWNRcQFxEWNRYSEwANBQAAAAAAAAAAAAA=",
        "21": "JgBOAAABI5EWERYRFjUXNhY1FhEXEBcRFjUWERM4FBMXEBcQFxEWERYRFhEWERYRFhEWERYRFhEWERYSExMWERY2FhEWNhMTFhEXNRcQFwANBQAAAAAAAAAAAAA=",
        "22": "JgBOAAABI5EXERYQFzUUOBY2FRIWERYRFhEWNhY1FhEWERUSFhEWERYRFhEWERYRFhEWERcQFxAXEBcQFxAXEBc1FhEWNhMUFhEWNhYRFgANBQAAAAAAAAAAAAA=",
        "23": "JgBOAAABI5EWERYRFzUWNhY2FhETFBYRFjUWNhM5ExQTFBMUExUSFBMUExMXEBcQFxAXERYRFhEWERYRFhEWERY2ExQTORYRFRIWNRYRFwANBQAAAAAAAAAAAAA=",
        "24": "JgBOAAABIJQWERYRFjUUORY1FxEWEBcQFhEXERYQFzUWERYRFhEWERYRFhEWERcQFxAXEBcQFxAXEBcQFxEWERY1FhEWNhYRFhEWNRYRFgANBQAAAAAAAAAAAAA=",
        "25": "JgBOAAABJJEWERUSFjYWNhY1FxEWEBcQFzUWERYRFjUXERYRFhEWERYRFhEWERYRFhEWERYSExMWERYRFhEWERY2FhEWNhMUFREWNxYRFgANBQAAAAAAAAAAAAA=",
        "26": "JgBOAAABI5EWERYRFjYWNhY2FhEWERYRFhEWNRYRFjYWERYRFhEWERUSFhEWERYRFhEWERYRFhIVEhMTFhITExc1ExQWNhYQFxAXNhYRFgANBQAAAAAAAAAAAAA=",
        "27": "JgBOAAABJJEWERYRFjYWNhY1FxAXEBcRFTYWNRcREzkTFRIUExQTFBMUExMXEBcQFxAXERYRExQWERYRFhEWERY2ExQTOBcRFhEWNRYRFgANBQAAAAAAAAAAAAA=",
        "28": "JgBOAAABI5IWERYRFjUWNxY1FhIVERYRFhEWEhM4FjUUFBMVEhMXEBcQFxAXEBcQFxEWERYRFhEWERYRFhEWERY1FxAXNhIUFhEWNhYRFwANBQAAAAAAAAAAAAA=",
        "29": "JgBOAAABJJEWERYSFTUXNhY1FBMXEBYRFzUWERY1FzYSFRMUExQTFBMUExMWERYRFhEWERYSFhEWEBcQFxAXERY2ExQTOBcQFxAXNRYRFgANBQAAAAAAAAAAAAA=",
        "30": "JgBOAAABI5IWERYRFTYWNhc1FhEWERYRFhEWNhM4FjYTFBMVEhUSFRMUEhQWERYRFRIWERYRFhEWEhURFBQVERY3EhUSORYRFhEWNhYRFQANBQAAAAAAAAAAAAA="
      },
      "mid": {
        "16": "JgBOAAABIZQTFBMUEzgUOBQUFjUTFRIVEhUTFBMUExQVEhMUExQTFBMUExQTFBMUExQVEhUSFRIVEhUSFRIVExQ2FBQTOBMUExUVNRQUEwANBQAAAAAAAAAAAAA=",
        "17": "JgBOAAABIpIVEhUSFTYWNxUTFDYWERYRFjYVEhUSFRIVEhUSFRIWERYRFhEWERYRFhEWERYSFRIVEhUSFRIVEhU2FhEWNhUSFRIVNhYRFgANBQAAAAAAAAAAAAA=",
        "18": "JgBOAAABIpIWERYRFjYWNhYRFjYVEhUTFBIVNhYRFhEWEhUSFRIVEhUSFRIVEhUSFRIVEhUSFRIVEhUSFRIVEhY2FRIVNhUSFhEWNhUSFQANBQAAAAAAAAAAAAA=",
        "19": "JgBOAAABIpIVEhUSFTYWNxUSFTYWERYRFjYVNhYRFhEWERYSFRIVEhUSFRIVEhUSFRIVEhUSFRIVEhUSFRIVEhU2FhIVNxQSFhEWNhYSFQANBQAAAAAAAAAAAAA=",
        "20": "JgBOAAABIpIWERYRFjYVNxYRFjYVEhUSFRIVEhU2FhEWERYRFhIVEhUSFRIVEhUSFRIVEhUSFRIVEhUSFRIVEhU3FRIVNhUSFRIVNxYRFQANBQAAAAAAAAAAAAA=",
        "21": "JgBOAAABI5IVEhUSFTYWNhYSFTYVEhUSFTYWEhU2FRIWERYRFhEWERYRFhEWERYRFhEWERYSFRIVEhUSFRIVEhU2FhEWNxQSFRIVNxYRFgANBQAAAAAAAAAAAAA=",
        "22": "JgBOAAABI5IVEhUSFTcVNxYRFTYWEhURFhEWNhU2FhIVEhUSFRIVEhUSFRIVEhUSFRIVEhUSFRIVEhUTFBIWERY2FRIVNxURFhEWNxUSFQANBQAAAAAAAAAAAAA=",
        "23": "JgBOAAABI5IVEhUSFTYVNxYRFjYVEhUSFTYWNhU3FRIVEhUSFRMUEhUSFRIVEhUSFRIVEhUSFRIVEhUSFRIVEhU3FRIVNxUSFRIVNhYRFgANBQAAAAAAAAAAAAA=",
        "24": "JgBOAAABI5IWEhUSFTYVNxYRFjYVEhUSFRIVEhUSFTcTFBUSFRIVEhUSFRIVEhUSFRIVEhUSFRIVEhUSFRIWERY2FRIVNhYRFhEWNhUSFQANBQAAAAAAAAAAAAA=",
        "25": "JgBOAAABI5IWERUSFjUWNxUSFTYVEhUSFjYVEhUSFTYWERYRFhEWERYRFhEWERYRFhIVEhUSFRIVEhUSFRIVEhU2FhEWNxQTFBIVNxYRFgANBQAAAAAAAAAAAAA=",
        "26": "JgBOAAABIpIWERUSFTYWNxUSFTYWERYRFhEWNhUSFTYWEhUSFRIVEhUSFRIVEhUSFRIVEhUSFRIVEhUSFhEVEhY2FRIVNxURFhEWNxUSFQANBQAAAAAAAAAAAAA=",
        "27": "JgBOAAABIJQVEhQTFDgUOBQTFDgTFBQTFDcVNxMUEzkUExMUFBMUExQUEhMUFBQTExQTFRMTFBMVEhMUExQTFBM5ExQVNxMUExQTOBUSFAANBQAAAAAAAAAAAAA=",
        "28": "JgBOAAABIpIVEhUSFTYWNxUSFTYWERYSFREWERY2FTYXEBYRFhEWEhUSFRIVEhUSFRIVEhUSFRIVEhUTFBIVEhU2FhEWNxURFRIVNxYSFQANBQAAAAAAAAAAAAA=",
        "29": "JgBOAAABIpIWERYRFjYVNxYRFjYVEhUSFTQYERY2FTcVEhUSFRIVEhUSFRIVEhUSFRIVEhUSFRIVEhUSFRIVEhU3FRIVNxUSFRIVNhYRFgANBQAAAAAAAAAAAAA=",
        "30": "JgBOAAABIZQUExYREzkTOBcREzgWERQTFBMUOBQ3FDgUFBUSFRIVEhUSFREUExMUExQWERMUFBMUExQTFBMUExQ5ExQWNRQTFBMUOBQTFgANBQAAAAAAAAAAAAA="
      },
      "high": {
        "16": "JgBOAAABIZQWERYRFjUUOBc1FjUXERYRFhEWERYRFhEWERYRFhEWERYRFhEWERYRFhEWEhMTFhEWERcQFxAXEBc1FhEWNRcQFxAXNRYRFgANBQAAAAAAAAAAAAA=",
        "17": "JgBOAAABI5EWEhMTFjYTORQ3FjYWERYRFjUXEBcRFhEWERYRFhEWERYRFhEWERYRFhEWERYRFhEWERYRFhEWERY2FhEWNhMTFxEWNhYRFgANBQAAAAAAAAAAAAA=",
        "18": "JgBOAAABI5EWERcQFzUWNhY2FjUWERYRFhEWNhYRFhEWERYRFhEWERYRFhEWERYRFhEWEhURFhEWERcQFxAXEBc1FhEWNhMTFxAXNhYRFgANBQAAAAAAAAAAAAA=",
        "19": "JgBOAAABJJEWERYSEzcXNhY1FjYWERYRFjUWNxIVEhUSFRIVExQTFRMTExMWERYRFhIVEhURFxAXEBcQFxAWEhY2ExQTOBcQFxAXNRYRFgANBQAAAAAAAAAAAAA=",
        "20": "JgBOAAABI5IWERYRFjUXNhU2FDgWERYRFhEWERY1FhEXEBcRFhAXEBcQFxAXEBcRFhEWERYRFhEWERYRFhEWEhM3FxAXNhMTFhEWNhcQFwANBQAAAAAAAAAAAAA=",
        "21": "JgBOAAABI5EXERYQFzUWNhc1FjUUExcQFzUWERY2ExQTFBMUExQTFRURExQWERYRFhEWERUSFhEVEhYRFhEWERY2ExQTORYRFhEWNRcQFwANBQAAAAAAAAAAAAA=",
        "22": "JgBOAAABI5EWERYRFjUXNhY1FzUWERYRFhIVNRc2ExQTFBMUExQTFBMUExMWERYRFhEXEBcQFxAXERMTFxAXERY2FRITOBcQFxEWNRUSFgANBQAAAAAAAAAAAAA=",
        "23": "JgBOAAABI5IVEhYRFjYVNxU2FjYWERUSFTYWNxQ3FhIVERYRFhEWEhUSFRIVEhUSFRIVEhUSFRIUFBQSFRIVExQ2FhIVNhUSFRIVNhYSFQANBQAAAAAAAAAAAAA=",
        "24": "JgBOAAABJJEVEhUSFTYWNxU2FjYVEhUSFRIVEhUSFjUWERYRFhEWERYRFhIVEhUSFRIVEhUSFRIVEhYRFRIVEhU2FhEWNxQSFRIVNxYSFQANBQAAAAAAAAAAAAA=",
        "25": "JgBOAAABIpIWERUSFTYWNxU2FjYVEhUSFTYWERYRFjcUExQTFBMUExQTFREVExQSFhEWERYRFhEWERYRFhEWERY3FRIVNhYRFhEWNhUSFQANBQAAAAAAAAAAAAA=",
        "26": "JgBOAAABI5IWERUSFTcVNxU2FjYVEhUSFRIVNhYRFjcUExQTFRIUExUSFREWERYRFhEWERYRFhEWERYRFhIVEhU3FBMVNhYRFhEWNhUSFQANBQAAAAAAAAAAAAA=",
        "27": "JgBOAAABI5IWERYRFjYVNxU2FjYVEhUSFTcVNxUSFTYWERYSFRIVEhUSFRIVEhUSFRIVEhUSFRIUExUSFRIVEhU2FhIVNhYRFRIWNhUSFQANBQAAAAAAAAAAAAA=",
        "28": "JgBOAAABI5IVEhYRFjYVNxU2FjYVEhUSFRIVEhU3FTcVEhUSFRIVEhUSFREWEhURFhEWERYRFhIVEhUSFRIVEhU3FRIVNxUSFRIVNhYRFgANBQAAAAAAAAAAAAA=",
        "29": "JgBOAAABIpIXEBYRFjYVNxY2FTYWERYRFjYWERU3FTcWERUSFRIWERUSFRIVEhUSFRIVEhYRFhEVEhUSFRITFBU3FRIVNhYRFhEWNhUSFQANBQAAAAAAAAAAAAA=",
        "30": "JgBOAAABI5IVEhYRFjYVNxY1FjYVEhUSFRIVNhY3FTYWERYRFhEWERYSFRIVEhUSFRIVEhUSFRIVEhUSFRIVExQ3FRIVNhUSFRIVNxUSFQANBQAAAAAAAAAAAAA="
      }
    }
  }
}
