{
    "manufacturer": "LG",
    "supportedModels": [
        "P12RK"
    ],
    "commandsEncoding": "Base64",
    "supportedController": "Broadlink",
    "minTemperature": 18.0,
    "maxTemperature": 30.0,
    "precision": 1.0,
    "operationModes": [
        "cool",
        "heat",
        "dry",
        "heat_cool",
        "fan_only"
    ],
    "fanModes": [
        "auto",
        "low",
        "mid",
        "high"
    ],
    "commands": {
        "off": "JgBAAAABJocTMhIQEhASEBIyExASEBIQEjMSMxIQEhASEBIRERESEBIQEhASEBIQEhASMxIQEjISERIQEhASMRMADQUAAAAAAAAAAA==",
        "cool": {
            "auto": {
                "18": "JgBAAAABI4kQNBMQEBIREhA0EBIQEhIQEBMPExASEBIRERIQEBIQERMQEBMQMxE0EBIRNBASETQSMhASEhAQEhAADQUAAAAAAAAAAA==",
                "19": "JgBAAAABIooRMxEREBMQEg81EREQEhASEBMQEhASEBIQEhASEBIQEhATETMQExASEBMQMxESEDQRNBESERIPNRAADQUAAAAAAAAAAA==",
                "20": "JgBAAAABJIkRNBERERIQEhA0ERIQEhASEREQEw8UDxIQExARERIQEhESETMQEhA0EREQNBERETQRNA8TETMQExAADQUAAAAAAAAAAA==",
                "21": "JgBAAAABJIkQNBATDxMPEw81DxMPExARERIQEw8SEBIQEhATDxIREg8TEDMRNBESEBMQNBERETMQNBEREDUQNBAADQUAAAAAAAAAAA==",
                "22": "JgBAAAABJIgRNBERERIRERE0EREQExARERIQExARERIQEhESEBIQEhASEDQRNBAzERIRNA8TEDQQNBA0EREQEhEADQUAAAAAAAAAAA==",
                "23": "JgBAAAABIokSMxEREBMQEhA0EBIQEhASEBIQExASEBIQEhASEBIQEhA1EBMPExASEBIQNBASETQRMxE0EREQNREADQUAAAAAAAAAAA==",
                "24": "JgBAAAABI4kQNBIREBMQEhEzEBMPExESEBIPEhESEBIREhESDxMPEw81EBIQEg80ERIQNRASEDQQNREzEDQRERAADQUAAAAAAAAAAA==",
                "25": "JgBEAAgABvgAASGKETQQEhASEBIQNBASEBIQEhERERIRERASEREQEhASEBMPNBIREDUQEhASEDQQExAzETUPNRA0ETQRAA0FAAAAAA==",
                "26": "JgBAAAABJIkSMxEREBMQEhA0EBIQExASEBIREhASEBMPExASEBIQExE0EBIQNBEzEREQNRESDzUQEhASEBIQEhAADQUAAAAAAAAAAA==",
                "27": "JgBAAAABJIkSMxATDxIQExA0EBIQEw8TDxMRERATDxMQEhASERIQEhA1DzUPEw8SERIQNBASEDUQEhASEBIQNBAADQUAAAAAAAAAAA==",
                "28": "JgBAAAABJIkQNBESEBIRERE0EBMPEw8TEBIQEhEREhIPExASEBIQEhA0EDUQERE0EBIQNBASETQQEhASEDUPEw8ADQUAAAAAAAAAAA==",
                "29": "JgBAAAABJYgQNBESEBIQEhA0EBIQEw8SERIQERESEBIQEhASEBIQEhA1EDQQNRASEBIQNRASEDUQEhATDzUQNBEADQUAAAAAAAAAAA==",
                "30": "JgBAAAABIokSMxEREBIQEhA0EBIQEhATEBIQEhASEBIQEw8TDxMQEhA0ETQQNRAzERIQNBESEDQQEhA0EBIREhAADQUAAAAAAAAAAA=="
            },
            "low": {
                "18": "JgBAAAABI4oQNBESEBMQEhA0EBIQEhATDxMPEw8TEBIQEhASEBMQEhASEBIRNBA1EREQEhASEBIQEhASETMRNBAADQUAAAAAAAAAAA==",
                "19": "JgBAAAABJYkQNBATEBIQEhA0EBIQEhESEBIQEhASEBIQEhASEBIQEw8TEDQRERESEBMQEhARERIQEhA0EBMQEhAADQUAAAAAAAAAAA==",
                "20": "JgBEAAcACtcAASSJEDMREhASEBIQNBESEBIQEhASEBMQERIREREQExASERIPExA0EBMQMxIREBIQEhASERIQNBASEDQQAA0FAAAAAA==",
                "21": "JgBAAAABJIkQNBIREBETEBA0EBMPEhESEg8TEBASEBIQEhIQEBIQEhEREzISMhERERIQEhERERIQEhA1EDQQEhAADQUAAAAAAAAAAA==",
                "22": "JgBAAAABJIkQNBATEBIPEw81DxMQEhASEBIQEw8SEBIQEhATDxMPEw8TEDMRNBE0EBIREhASEhASEBIyETQQNBAADQUAAAAAAAAAAA==",
                "23": "JgBAAAABIokQNBETDxMQEhA0ERIQEhASEBMQEhASEBMQEhASEBIQExA0EBIQEhASEBIRERASEBIQNBETDxMPExAADQUAAAAAAAAAAA==",
                "24": "JgBEAAABIokQNBESEBMPExA0EBMPExASEBIQEhATEBIQEhASEBMQEhA0ERIQEhAzERIRERASEBMQNRASEBIRMxAAB24RAA0FAAAAAA==",
                "25": "JgBAAAABJYoPNBESEBIREhA0ERIQEhASEBIQEhIQERIQEhIREBIQEhEzERESMhASEBIQEw8TDxMQMxESEjISEBAADQUAAAAAAAAAAA==",
                "26": "JgBEAAABJIkQNBATEBIQExEyExAQEhASEBMQEhASEBMRERASEBIQEhIyEhASMhA1EREQEhASEBMPNBESEDMRNBAACr0IAA0FAAAAAA==",
                "27": "JgBAAAABIooQNBESEBIQEw80EhEQEhATEBIQEw8TEBIQExASEBEREhA0EDQQEw8TEBIQEhASEBIRNA81EBIQEhAADQUAAAAAAAAAAA==",
                "28": "JgBAAAABJYgRNBASEhAQEhA1EREQEw8TEBIQEhASEBISEREREBIQEhIyEjMQEhEyERIQEw8TDxMRMxIyEBIQNBMADQUAAAAAAAAAAA==",
                "29": "JgBAAAABJIkQNBATEREQEhA0ERIQEhASEBIQEhASEBIQEhASEBIQExAzETQQNBESEBIQEhATEBIPNRA0ETQREREADQUAAAAAAAAAAA==",
                "30": "JgBAAAABI4kTMhEREBIQEhA0EhEPEhESEBIQEhASEBIQEhASEBMQEhA0EDUQNBA0EBISEBASEhAQNBE0EDQRNBIADQUAAAAAAAAAAA=="
            },
            "mid": {
                "18": "JgBAAAABJYgQNBIREg8TEREyExASEBIREhASEBIREg8TEBIQEhATDxMQEhASMhIzERESEBIyEhESDxMzERERMxIADQUAAAAAAAAAAA==",
                "19": "JgBAAAABJocRMxIREREREREzEhASEBIQEhESEBIQEhASEREREhASEREREjISERIQEhASEBIzEhASEBIyEzISEBIADQUAAAAAAAAAAA==",
                "20": "JgBAAAABJocTMRMQEhASEBIxExASEBIREhASEBIRERESEBASEhESEBIQEjMPExIyExASEBIyEBMSEBIyEjISMxEADQUAAAAAAAAAAA==",
                "21": "JgBAAAABJ4cSMRMQEw8TDxMxExASEBIQEhESEBIQEhASEBIREhASERIQEjISMxIQEhESEBEyExATMRMQEhASEBIADQUAAAAAAAAAAA==",
                "22": "JgBAAAABJocSMhIREhASEBIxExASEBIREhASEBIRERERERIQEhESEBIQEjMSMhMyEhASEBIzEhASMhIQEhASMhIADQUAAAAAAAAAAA==",
                "23": "JgBAAAABJYgTMRMQEhASEBIyEhESEBIQEhASEBIQEhESEBIQEhASEBIzEhESEBIQEhASERIyEhERMxIQEjMSEBIADQUAAAAAAAAAAA==",
                "24": "JgBAAAABJYYUMRMQEg8TEBIyEhASEBIQEw8TEBIQEhASEBIQEhATEBIyExASEBIxExASEBIzEhASMhIQEzETMxIADQUAAAAAAAAAAA==",
                "25": "JgBAAAABJYcTMRMQEhASEBIyEhASDxMQEw8TEBIQEhASEBIQEhASEBIyExASMxIPExASEBIyEw8TMhIyEw8TEBIADQUAAAAAAAAAAA==",
                "26": "JgBAAAABJogSMxIQEhASEBIyEhERERIQEhASEBIQEhESEBIQEhASEBIyExASMhIyEhERERIyEhASMhIyEhESMhIADQUAAAAAAAAAAA==",
                "27": "JgBAAAABJIcTMhIQEhASEBIyEhASEREREhASEBIQEhASEBIQEhASERIxEzISEBIREhASEBIyEhASMhIzEjETEBIADQUAAAAAAAAAAA==",
                "28": "JgBAAAABJ4YTMRMQEhASEBIyEhASERIQEhASEBIQEhASEBIQEhASERIyEjMSEBIyExASEBIyEhESMRMyEjITMRMADQUAAAAAAAAAAA==",
                "29": "JgBAAAABJYcSMhMPExARERMxExASERIQEg8TEBIQEhATEBIQERESEBIzEjISMxIQEhASEBEzExASEBIQERESEBIADQUAAAAAAAAAAA==",
                "30": "JgBAAAABJYcTMhIREhASEBIyExASEBIQEhASERIQEhERERIQEhESEBIyEjISMhIyEhASERIxExASEBIQEhASMxIADQUAAAAAAAAAAA=="
            },
            "high": {
                "18": "JgBAAAABJYcUMRMPEhATDxMyERESEBMPExASEBIQEhATEBIPExASEBIQEhATMhMyEhASMxIQEg8TEBEzEzETMRMADQUAAAAAAAAAAA==",
                "19": "JgBAAAABJocTMhIQEhERERIyEhASERIQEhESEBIRERERERIQEhESEBIQEjISEBIQEhESMhIQEhERMhMQEhASERIADQUAAAAAAAAAAA==",
                "20": "JgBAAAABJogSMxIQEhASEBIyExASEBIQEhASERIQEhESEBIRERESEBIQEjISEBIyEhASMhIREhASMRMQEhASMhIADQUAAAAAAAAAAA==",
                "21": "JgBAAAABJYcRMxMQEhASEREyExASEBIRERESEBIQEhEREBIREhASEBIRETMSMhIQEhASMhIREhASMhIRETMSEBIADQUAAAAAAAAAAA==",
                "22": "JgBAAAABI4sQNBESEBIQEhA0EBIQEhESEBIQEhASERERERASEBMQEhASEDUQNBEzEREQNBASEBMRMxESEDQQNBEADQUAAAAAAAAAAA==",
                "23": "JgA8ABE0EBMQEg8TEDQQExASEBIPExASERIQEhERERIRERATDzUQEg8TDxMQEhA0EREREhA1DzUQEhASEAANBQAAAAAAAAAAAAAAAA==",
                "24": "JgBAAAABI4oSMxASEBIQEhA0EBMQEhASEBIQEw8TDxMRERATDxIQEw81EBIQEhE0DxMPNREREBIQNBA1EBIQNBEADQUAAAAAAAAAAA==",
                "25": "JgBAAAABJIkSMRISEBIQExA0EBIRERATEREQExASEREQEw8TEBIQExA0EhARNBERERERMxESDxMPNRA0ETMREREADQUAAAAAAAAAAA==",
                "26": "JgBAAAABI4kQNBAUEBEQEhA0EBIQEhIRDxMQEhEREBIREhASEBIQExEzERERMxIyEhEQNBASERERMxA1ETMRMxEADQUAAAAAAAAAAA==",
                "27": "JgBAAAABI4oRNBASEBIQEhA0EBIQEhATDxMQEhASEBIQEhERERIQEhA1EDQQEhEREBMPNREREBMPExESDxMQEhAADQUAAAAAAAAAAA==",
                "28": "JgBAAAABIooTMRATEBIQEhA0EREQEhATDxQPEw8TEREQEw8TEBMPFA80EDQQEg82EBIRNA8TEBIQEhASDxQPNBAADQUAAAAAAAAAAA==",
                "29": "JgBAAAABI4oRMxASEBMPExA0EBIQEw8TEREQEhASERIPEw8TEREQEhA1EDQQNBESDxMQNBASEBIQExASEDURERAADQUAAAAAAAAAAA==",
                "30": "JgBAAAABJIkQNBASEBIREg80EBIQEw8TEBISEBEREBIREREREBIRERE0EDQRNA82DxMRMxIRDxMPEw8TEDUQNBAADQUAAAAAAAAAAA=="
            }
        },
        "heat": {
            "auto": {
                "18": "JgBAAAABJIkQNBESEBMQEhA0EBMPExASEBIQExASEBMQEhA0EBIQEhASEBMPNRAzERISMxEREDQQNQ81EBIQExAADQUAAAAAAAAAAA==",
                "19": "JgBAAAABIooSMxEREBEREhIyEBIQEhIRDxIREhASEBIQEhA1EBIQEhASEDQQExARERIQNBASEjIQNREyERIQNBIADQUAAAAAAAAAAA==",
                "20": "JgBAAAABIokSMxASEBMPEhA0EBIQEw8SEREREhASEBIQEhA0EREQEhASETQQEhA0EBIQNQ8TEDQQNBA0ETQRERAADQUAAAAAAAAAAA==",
                "21": "JgBAAAABJYoQMxIREBMQEhA0ERIQEhASEBIQEhATEBIQEhA0EhEQEhASEDQQNRASEBIQNRASEDQRNBA0EDUQNBAADQUAAAAAAAAAAA==",
                "22": "JgBAAAABI4kSMxEREBIQEhA0EREQEw8TEBEREhASEBIQEhA0EBIQEhATEDQQNBA1EBIQNBEREDUQEhASEBIQExAADQUAAAAAAAAAAA==",
                "23": "JgBAAAABI4kRNBASEBIQEw81DxMPExASEBIQEhATEBIQEhA0EBIQEhA0ERMQERISEBIQNBATEDQPExASEBMQNBAADQUAAAAAAAAAAA==",
                "24": "JgA8ABA0ERIQEhATEDMREhASERIQEhASEBIQEw8TDzUQEhATEDQQEhASEDQQEhA1DxMRMxESEBIQNBESEAANBQAAAAAAAAAAAAAAAA==",
                "25": "JgBAAAABJIoQMxESEBMQEhA0ERIQEhASEBIQEhATEBIQEhA1EREQEhA1DxMRMxASEBIQNRATDzQREhASEDQQNBEADQUAAAAAAAAAAA==",
                "26": "JgBEAAABI4kRNBIRDxMPExA0ERIQEhASEBIQEhEREREQEhA0EBIQEhA1DxMQNBA1EBIQNBIQETMQEw80ExAQEhAAAaAJAA0FAAAAAA==",
                "27": "JgBAAAABI4kQNBESEBMPEhA0EBMQEhASEBMPExASEBMQERE1EBEREhA0EDUPExASEBIQNBESEDUPEw81EBIQMxEADQUAAAAAAAAAAA==",
                "28": "JgBAAAABIokRNBASEBIQExA0EBIQEhASERIPExASEBIQEhA0EBIQEhA1EDQREhA0EREQNBASEDUQEhA0EDQQEhAADQUAAAAAAAAAAA==",
                "29": "JgBAAAABJIkRNBEREBIQEhA0ERIQEhATEBIQEw8SERIQEw81ERIPEw81DzURMhIREBIRMxESEDQQEw81EDQRMxEADQUAAAAAAAAAAA==",
                "30": "JgBAAAABJIkQMxESEREQEw80EBMQEhASEBIQEhASEBIQEhA0EBIQExA0ETMQNBE0EBIQNBESEDQQNRATDxMQEhAADQUAAAAAAAAAAA=="
            },
            "low": {
                "18": "JgBAAAABI4kRMxESEBIPExA0EBIPExASEREREg8TDxMPEw81EBIPExASEBIQNREzERIQEhASEREQEhA1EDQQNBEADQUAAAAAAAAAAA==",
                "19": "JgBAAAABI4oQNRASEBIRERA1DxMRERESDhQPExEREBMPExEzEBIQExATDjUPEw8TEBIRERASEBMPNQ8UEBIPEw8ADQUAAAAAAAAAAA==",
                "20": "JgBAAAABJIkRNBASEREQEhA0EBMPExEREBIQEhATDxMPEw43DxIQEhATEDQRERA2DhASExERERIQMxESDxMQNRAADQUAAAAAAAAAAA==",
                "21": "JgBAAAABJIkSMxASEBIQExA0EREQEhATEBMPFA8SEREQExA1EBIQEg8TDzYPNRASEBIRERATEBIPNRASEDQQEhEADQUAAAAAAAAAAA==",
                "22": "JgBAAAABI4oRMxASEBMQEhA0EBIQEhASEBMRERESDxMQEhE0EBIQEhASEDUPNBIzDxMRERATDxMRMxASETQRMxAADQUAAAAAAAAAAA==",
                "23": "JgBAAAABI4oRMxESEBIQEhA0EREQExASEREQEw8SEBIQEhEzEBIQExA0ERIQEhASERIQEhASEBIRMxA0EREQEhEADQUAAAAAAAAAAA==",
                "24": "JgBAAAABI4oRNBASEBIQEw81EhAREREREBMPExASERIQEhA1DxMPExEzEBMQEg81EBMPEw8TERERNA80ERIQNBEADQUAAAAAAAAAAA==",
                "25": "JgBAAAABJYgRNBASEREREg81ERERERATEBMQEhASEBIQExA1EBIQEhA0EBMPNBASEBIQEw8TDxQPNRA0EDQQExAADQUAAAAAAAAAAA==",
                "26": "JgBAAAABI4kPNhASEBIRERA0EREQEhESDxIREw8SEREREREzDxMQEhA1EBIQNBA0EBMREg8TEBIQNBE0DzURMxAADQUAAAAAAAAAAA==",
                "27": "JgBEAAkAAbMAASKJETQRERARERIRMxESDxMQEhASEBIQEhASEBIRMxIQEBMPNBE1DxMRERATEBIOFBEREBIREw8TDxIQAA0FAAAAAA==",
                "28": "JgBAAAABI4kQNREREBIQExAxFBEQFA4TEREQEhATDxMPFA81DxIQExAxEzQQEhEzERIPExASEBMPExEREREQNBEADQUAAAAAAAAAAA==",
                "29": "JgBAAAABI4sQNBEREBMPEw81EBIQEhATDxMPEw8UDxIQEhE0DxMQExA0ETQPNRASEBIQEhASEBIQExASEDUPExAADQUAAAAAAAAAAA==",
                "30": "JgBAAAABJIkRMxESEBIQExAzERMPEhASEBMPEw8TEBIQExA0EBIQEhA1EDQRMxEzEBIREhASERIPEhASEDUQNBAADQUAAAAAAAAAAA=="
            },
            "mid": {
                "18": "JgBAAAABI4kQNRASEhEQEhA0EBMPEw8TEREREhASEBMPEw81EBMPEhASEBIQMxE1EBIQEhE0EBIQNBASEBIQNQ8ADQUAAAAAAAAAAA==",
                "19": "JgBAAAABJIkSMxEREBMPEw81EBIRERASEBIQEhATEBIRERA1EBIQEhATDzUQExEREREQEhA1EBIQNBASEDUREREADQUAAAAAAAAAAA==",
                "20": "JgBAAAABI4oPNRATDxIQEw81ERIPEw4TEREQEhASEBIQEhEzEBIQEw8TEDUPExA1EBMQEg81ERERMxIQEjIRNBAADQUAAAAAAAAAAA==",
                "21": "JgBEAAkAAjMAASWIEjMQEhASEBMPNRASEBIQExERERIQEhEREBMPNg8TDxMPEw81ETQREREREBIRNBASEDQQNBASEBIQAA0FAAAAAA==",
                "22": "JgBAAAABI4kQNRASERIPExA0EBIQExASDxQPExASEBMQEg81EBMPEhASEDURNA80ERIPEhEzERIQNBA1EBIQNBIADQUAAAAAAAAAAA==",
                "23": "JgBAAAABI4kQMxETDxMREREzEREQEhATDxMQEhATEBMPEw81EhAQEhE0EBIQEg8TEBIQEw80EBMQNBA1EDQQEhAADQUAAAAAAAAAAA==",
                "24": "JgBAAAABI4kQNBESEREQEhA0EREQEhEREBMQEg8TEBIPEw81EBIQEhEzERIRERA1EBIQEhA0EREQNBEzEDUPNRAADQUAAAAAAAAAAA==",
                "25": "JgBAAAABI4oQNBATDxMQEhEzEBIQEw8TDxMQEhASEBIQEhAzEhEQExA0EBMQNBASEBIQEw81EBIRERESEBIQEw8ADQUAAAAAAAAAAA==",
                "26": "JgBAAAABJYoQNBESEBIRERA0EREQEw8TEREQEhASEBIRERA0EREQExA0EBMQNBA1DxMPExA0EBIQExASERIPNREADQUAAAAAAAAAAA==",
                "27": "JgBAAAABJYgRMxESERIQEhA0EREREhASEBMQEhASEBIREhA1EREQEhA0EDQREg8SEREQExA0EREQEhASEDQQEhAADQUAAAAAAAAAAA==",
                "28": "JgBAAAABIooQNBATEBIQEhE0EBIQEhEREBMQEhASEBIRERE0EBIREREzEDQREREzEBMRERA1EBMQERERETQRMxEADQUAAAAAAAAAAA==",
                "29": "JgBAAAABI4oRMxEREBIQExEzEREQEg8TEBIREREREREQEhMyEBIPEw81ETQQNQ8TEBIREhAzERIQEhE0EREREhAADQUAAAAAAAAAAA==",
                "30": "JgBAAAABI4oQNREREBMQERA0EBMQEhASEBIRERESDxMQEhA0ERIQEhA1EDQQNBEzEREQExA0EREQEw81EBMPNREADQUAAAAAAAAAAA=="
            },
            "high": {
                "18": "JgBAAAABIYkRNBIQEBIREREzEBIREhASEBIRERATDxISEBA0EREREhASEBIQNBEzEhARNBASDxMQNQ8TEDQRMxAADQUAAAAAAAAAAA==",
                "19": "JgBAAAABI4kQNRASEBMPExA0EREQEhATEBIQEhATDxMQEhA1EBIPEw8TEDQQEhATEBIPNRASEBIQNQ81EBIQEhEADQUAAAAAAAAAAA==",
                "20": "JgBAAAABI4kQNREREBISEQ81DxMQEhATEBIQEhASERIPEhA1EBIRERESDzUQEhEzEREQNRERERIQNBA0EREQNBEADQUAAAAAAAAAAA==",
                "21": "JgBAAAABIokRNBEREBIQExA0EBMPExASEBIQEhESDxMQEhA1EBIPExASETMQNRASEBIQNRATDxMRMxA0ETMQEw8ADQUAAAAAAAAAAA==",
                "22": "JgBAAAABI4oSMxASEBIQEhA0EBMQEhATDxMPExASEBIRERA1DxMQEg8TEDQQNRA1EBIPNRASEBIRNBA1EDQQNQ8ADQUAAAAAAAAAAA==",
                "23": "JgBEAAABI4kRNBASEBMPExA0EREQEw8TEBIQEhESERIQEw81DxMQEhA0EBMQEhASEBIQNRASEBIQExASEBIQEhEACfsKAA0FAAAAAA==",
                "24": "JgBAAAABIooRNBATDxMQEhA0EBIQExASEBIQEhASEBIQEw81EBIQEhE0EREQExA0EBMPNQ8TEBMQEhEREBMQNBAADQUAAAAAAAAAAA==",
                "25": "JgBAAAABIooPNRATDxMQEhE0EBIQEhATDxMQEhATDxMQEhE0EBMPEhA1EBMPNRASEBIQNBATEBIQEhASEDUQEhAADQUAAAAAAAAAAA==",
                "26": "JgBAAAABIooQNBATEBIQEhA0EBIQEhATDxMQEhATEBIQExA0ERIQEg81EBIQNBEzEBIQNBESEBIQEhASEDQQNBEADQUAAAAAAAAAAA==",
                "27": "JgBAAAABI4kQNBIREBMPEhA0ERIQEhASERIPExASERIPEhE1EBIQEhEzETQQEhEREBIQNRASEBIQEhA0EREREhAADQUAAAAAAAAAAA==",
                "28": "JgBAAAABI4kQNBESEBIQEhA0EBIQEhASEREREg8TDxMQEg81EBIPExA0ETMRERE0ERIQNBEREBMPExA0EBMQNBEADQUAAAAAAAAAAA==",
                "29": "JgBAAAABJIkRMxATEBIQEhA1EBIQEhERERIPEw8TEBIQExA0EREQEhA1EDQRMxEREBIQNRATDxIQEw81EDQQEhAADQUAAAAAAAAAAA==",
                "30": "JgBAAAABI4oQMxISEBIQExAzERIQEhESEBIQEhATEBEREhA0EBMPEw81ETMQNBE0EREQNREREBMQEhA0ETMQNBAADQUAAAAAAAAAAA=="
            }
        },
        "dry": {
            "auto": {
                "18": "JgBAAAABJIoRNBASEBIQEhE0EREQDxMSERIPExASEBIQEw8TDxMQNBA1DxMQEhA1DxMRMxASDzUQNBA1ETMRMxEADQUAAAAAAAAAAA==",
                "19": "JgBAAAABJIoRNBASEBIQEhE0EREQDxMSERIPExASEBIQEw8TDxMQNBA1DxMQEhA1DxMRMxASDzUQNBA1ETMRMxEADQUAAAAAAAAAAA==",
                "20": "JgBAAAABJIoRNBASEBIQEhE0EREQDxMSERIPExASEBIQEw8TDxMQNBA1DxMQEhA1DxMRMxASDzUQNBA1ETMRMxEADQUAAAAAAAAAAA==",
                "21": "JgBAAAABJIoRNBASEBIQEhE0EREQDxMSERIPExASEBIQEw8TDxMQNBA1DxMQEhA1DxMRMxASDzUQNBA1ETMRMxEADQUAAAAAAAAAAA==",
                "22": "JgBAAAABJIoRNBASEBIQEhE0EREQDxMSERIPExASEBIQEw8TDxMQNBA1DxMQEhA1DxMRMxASDzUQNBA1ETMRMxEADQUAAAAAAAAAAA==",
                "23": "JgBAAAABJIoRNBASEBIQEhE0EREQDxMSERIPExASEBIQEw8TDxMQNBA1DxMQEhA1DxMRMxASDzUQNBA1ETMRMxEADQUAAAAAAAAAAA==",
                "24": "JgBAAAABJIoRNBASEBIQEhE0EREQDxMSERIPExASEBIQEw8TDxMQNBA1DxMQEhA1DxMRMxASDzUQNBA1ETMRMxEADQUAAAAAAAAAAA==",
                "25": "JgBAAAABJIoRNBASEBIQEhE0EREQDxMSERIPExASEBIQEw8TDxMQNBA1DxMQEhA1DxMRMxASDzUQNBA1ETMRMxEADQUAAAAAAAAAAA==",
                "26": "JgBAAAABJIoRNBASEBIQEhE0EREQDxMSERIPExASEBIQEw8TDxMQNBA1DxMQEhA1DxMRMxASDzUQNBA1ETMRMxEADQUAAAAAAAAAAA==",
                "27": "JgBAAAABJIoRNBASEBIQEhE0EREQDxMSERIPExASEBIQEw8TDxMQNBA1DxMQEhA1DxMRMxASDzUQNBA1ETMRMxEADQUAAAAAAAAAAA==",
                "28": "JgBAAAABJIoRNBASEBIQEhE0EREQDxMSERIPExASEBIQEw8TDxMQNBA1DxMQEhA1DxMRMxASDzUQNBA1ETMRMxEADQUAAAAAAAAAAA==",
                "29": "JgBAAAABJIoRNBASEBIQEhE0EREQDxMSERIPExASEBIQEw8TDxMQNBA1DxMQEhA1DxMRMxASDzUQNBA1ETMRMxEADQUAAAAAAAAAAA==",
                "30": "JgBAAAABJIoRNBASEBIQEhE0EREQDxMSERIPExASEBIQEw8TDxMQNBA1DxMQEhA1DxMRMxASDzUQNBA1ETMRMxEADQUAAAAAAAAAAA=="
            },
            "low": {
                "18": "JgBEAAABI4oRMxETEBMPEw81EBMPExIPEBMQEg8TEBMQEhEREBMQNA81ERERERA1EBIPExESEBIQNRASDzUQEhAAA3AIAA0FAAAAAA==",
                "19": "JgBEAAABI4oRMxETEBMPEw81EBMPExIPEBMQEg8TEBMQEhEREBMQNA81ERERERA1EBIPExESEBIQNRASDzUQEhAAA3AIAA0FAAAAAA==",
                "20": "JgBEAAABI4oRMxETEBMPEw81EBMPExIPEBMQEg8TEBMQEhEREBMQNA81ERERERA1EBIPExESEBIQNRASDzUQEhAAA3AIAA0FAAAAAA==",
                "21": "JgBEAAABI4oRMxETEBMPEw81EBMPExIPEBMQEg8TEBMQEhEREBMQNA81ERERERA1EBIPExESEBIQNRASDzUQEhAAA3AIAA0FAAAAAA==",
                "22": "JgBEAAABI4oRMxETEBMPEw81EBMPExIPEBMQEg8TEBMQEhEREBMQNA81ERERERA1EBIPExESEBIQNRASDzUQEhAAA3AIAA0FAAAAAA==",
                "23": "JgBEAAABI4oRMxETEBMPEw81EBMPExIPEBMQEg8TEBMQEhEREBMQNA81ERERERA1EBIPExESEBIQNRASDzUQEhAAA3AIAA0FAAAAAA==",
                "24": "JgBEAAABI4oRMxETEBMPEw81EBMPExIPEBMQEg8TEBMQEhEREBMQNA81ERERERA1EBIPExESEBIQNRASDzUQEhAAA3AIAA0FAAAAAA==",
                "25": "JgBEAAABI4oRMxETEBMPEw81EBMPExIPEBMQEg8TEBMQEhEREBMQNA81ERERERA1EBIPExESEBIQNRASDzUQEhAAA3AIAA0FAAAAAA==",
                "26": "JgBEAAABI4oRMxETEBMPEw81EBMPExIPEBMQEg8TEBMQEhEREBMQNA81ERERERA1EBIPExESEBIQNRASDzUQEhAAA3AIAA0FAAAAAA==",
                "27": "JgBEAAABI4oRMxETEBMPEw81EBMPExIPEBMQEg8TEBMQEhEREBMQNA81ERERERA1EBIPExESEBIQNRASDzUQEhAAA3AIAA0FAAAAAA==",
                "28": "JgBEAAABI4oRMxETEBMPEw81EBMPExIPEBMQEg8TEBMQEhEREBMQNA81ERERERA1EBIPExESEBIQNRASDzUQEhAAA3AIAA0FAAAAAA==",
                "29": "JgBEAAABI4oRMxETEBMPEw81EBMPExIPEBMQEg8TEBMQEhEREBMQNA81ERERERA1EBIPExESEBIQNRASDzUQEhAAA3AIAA0FAAAAAA==",
                "30": "JgBEAAABI4oRMxETEBMPEw81EBMPExIPEBMQEg8TEBMQEhEREBMQNA81ERERERA1EBIPExESEBIQNRASDzUQEhAAA3AIAA0FAAAAAA=="
            },
            "mid": {
                "18": "JgBAAAABJIkPNg8TDxMREg80EBIRFA8RDxQQEg8TDxIQExASDxMQNBA0ERIRERA0EBMPExEzEBIQNBA2EBIPEhEADQUAAAAAAAAAAA==",
                "19": "JgBAAAABJIkPNg8TDxMREg80EBIRFA8RDxQQEg8TDxIQExASDxMQNBA0ERIRERA0EBMPExEzEBIQNBA2EBIPEhEADQUAAAAAAAAAAA==",
                "20": "JgBAAAABJIkPNg8TDxMREg80EBIRFA8RDxQQEg8TDxIQExASDxMQNBA0ERIRERA0EBMPExEzEBIQNBA2EBIPEhEADQUAAAAAAAAAAA==",
                "21": "JgBAAAABJIkPNg8TDxMREg80EBIRFA8RDxQQEg8TDxIQExASDxMQNBA0ERIRERA0EBMPExEzEBIQNBA2EBIPEhEADQUAAAAAAAAAAA==",
                "22": "JgBAAAABJIkPNg8TDxMREg80EBIRFA8RDxQQEg8TDxIQExASDxMQNBA0ERIRERA0EBMPExEzEBIQNBA2EBIPEhEADQUAAAAAAAAAAA==",
                "23": "JgBAAAABJIkPNg8TDxMREg80EBIRFA8RDxQQEg8TDxIQExASDxMQNBA0ERIRERA0EBMPExEzEBIQNBA2EBIPEhEADQUAAAAAAAAAAA==",
                "24": "JgBAAAABJIkPNg8TDxMREg80EBIRFA8RDxQQEg8TDxIQExASDxMQNBA0ERIRERA0EBMPExEzEBIQNBA2EBIPEhEADQUAAAAAAAAAAA==",
                "25": "JgBAAAABJIkPNg8TDxMREg80EBIRFA8RDxQQEg8TDxIQExASDxMQNBA0ERIRERA0EBMPExEzEBIQNBA2EBIPEhEADQUAAAAAAAAAAA==",
                "26": "JgBAAAABJIkPNg8TDxMREg80EBIRFA8RDxQQEg8TDxIQExASDxMQNBA0ERIRERA0EBMPExEzEBIQNBA2EBIPEhEADQUAAAAAAAAAAA==",
                "27": "JgBAAAABJIkPNg8TDxMREg80EBIRFA8RDxQQEg8TDxIQExASDxMQNBA0ERIRERA0EBMPExEzEBIQNBA2EBIPEhEADQUAAAAAAAAAAA==",
                "28": "JgBAAAABJIkPNg8TDxMREg80EBIRFA8RDxQQEg8TDxIQExASDxMQNBA0ERIRERA0EBMPExEzEBIQNBA2EBIPEhEADQUAAAAAAAAAAA==",
                "29": "JgBAAAABJIkPNg8TDxMREg80EBIRFA8RDxQQEg8TDxIQExASDxMQNBA0ERIRERA0EBMPExEzEBIQNBA2EBIPEhEADQUAAAAAAAAAAA==",
                "30": "JgBAAAABJIkPNg8TDxMREg80EBIRFA8RDxQQEg8TDxIQExASDxMQNBA0ERIRERA0EBMPExEzEBIQNBA2EBIPEhEADQUAAAAAAAAAAA=="
            },
            "high": {
                "18": "JgBAAAABIosQNRATDhMQEhA0ERIPExATDxMQEw8SEREQEhATDxIQNBA1EREREg42DxIQNQ8UDxIQNBA1DzYSDxIADQUAAAAAAAAAAA==",
                "19": "JgBAAAABIosQNRATDhMQEhA0ERIPExATDxMQEw8SEREQEhATDxIQNBA1EREREg42DxIQNQ8UDxIQNBA1DzYSDxIADQUAAAAAAAAAAA==",
                "20": "JgBAAAABIosQNRATDhMQEhA0ERIPExATDxMQEw8SEREQEhATDxIQNBA1EREREg42DxIQNQ8UDxIQNBA1DzYSDxIADQUAAAAAAAAAAA==",
                "21": "JgBAAAABIosQNRATDhMQEhA0ERIPExATDxMQEw8SEREQEhATDxIQNBA1EREREg42DxIQNQ8UDxIQNBA1DzYSDxIADQUAAAAAAAAAAA==",
                "22": "JgBAAAABIosQNRATDhMQEhA0ERIPExATDxMQEw8SEREQEhATDxIQNBA1EREREg42DxIQNQ8UDxIQNBA1DzYSDxIADQUAAAAAAAAAAA==",
                "23": "JgBAAAABIosQNRATDhMQEhA0ERIPExATDxMQEw8SEREQEhATDxIQNBA1EREREg42DxIQNQ8UDxIQNBA1DzYSDxIADQUAAAAAAAAAAA==",
                "24": "JgBAAAABIosQNRATDhMQEhA0ERIPExATDxMQEw8SEREQEhATDxIQNBA1EREREg42DxIQNQ8UDxIQNBA1DzYSDxIADQUAAAAAAAAAAA==",
                "25": "JgBAAAABIosQNRATDhMQEhA0ERIPExATDxMQEw8SEREQEhATDxIQNBA1EREREg42DxIQNQ8UDxIQNBA1DzYSDxIADQUAAAAAAAAAAA==",
                "26": "JgBAAAABIosQNRATDhMQEhA0ERIPExATDxMQEw8SEREQEhATDxIQNBA1EREREg42DxIQNQ8UDxIQNBA1DzYSDxIADQUAAAAAAAAAAA==",
                "27": "JgBAAAABIosQNRATDhMQEhA0ERIPExATDxMQEw8SEREQEhATDxIQNBA1EREREg42DxIQNQ8UDxIQNBA1DzYSDxIADQUAAAAAAAAAAA==",
                "28": "JgBAAAABIosQNRATDhMQEhA0ERIPExATDxMQEw8SEREQEhATDxIQNBA1EREREg42DxIQNQ8UDxIQNBA1DzYSDxIADQUAAAAAAAAAAA==",
                "29": "JgBAAAABIosQNRATDhMQEhA0ERIPExATDxMQEw8SEREQEhATDxIQNBA1EREREg42DxIQNQ8UDxIQNBA1DzYSDxIADQUAAAAAAAAAAA==",
                "30": "JgBAAAABIosQNRATDhMQEhA0ERIPExATDxMQEw8SEREQEhATDxIQNBA1EREREg42DxIQNQ8UDxIQNBA1DzYSDxIADQUAAAAAAAAAAA=="
            }
        },
        "heat_cool": {
            "auto": {
                "18": "JgBAAAABIokRNBATDxIREhA0EBIQEhASERIQEhATEBIQEhATEDQQNBASEBIQNBA0EREQNRATDzUPNRASDzUQNBEADQUAAAAAAAAAAA==",
                "19": "JgBAAAABI4oRMxETEREQEhA0EBIQEhATEBIRERASEBIQEw8TDzQRNBATEjMRERASEBIQNBATEDQRNBA0ExAQEw8ADQUAAAAAAAAAAA==",
                "20": "JgBAAAABJIkQNBATDxMPExAzERIQEhESDxMQEhASEBIQEw8UDzMSNBASEDUQEg81DxMRMxERETQQNBEzERERNBAADQUAAAAAAAAAAA==",
                "21": "JgBAAAABJIkQNBIREBIQEhA1EBIQEhASEBIQEhEREBIQEw8SEDUQNBATEDQRNBASEREQNRASEDQRNBEzEDQQEhIADQUAAAAAAAAAAA==",
                "22": "JgBAAAABI4kQNBERERMPExA0EBIREhARERIQEhESERIQEhASETMRMxESEDQRMxA0EBIRNBERETQQNBA1EDQQNQ8ADQUAAAAAAAAAAA==",
                "23": "JgBEAAoACQ4AASKJETQQEhASEBMQNBASEBIQEhASEBMPExASEBIQEhA0EDQQNBESEBIQEw8TEDMREhA0EBMQEhASEBMPAA0FAAAAAA==",
                "24": "JgBAAAABIokRNBASEBEREhA0EREQEhATEBIQEhASEBIQEw8TDzUQNBA0ERIQEhA0ERIQNBESEDQQEhASEBIQNBEADQUAAAAAAAAAAA==",
                "25": "JgBAAAABI4kRMxESEBIQEhA0EBMPEw8SERIQExASEBMPEhESEDQSMxEzEBIQNRASEBIQNRASEDQQEhATEDQQEhAADQUAAAAAAAAAAA==",
                "26": "JgBAAAABI4kQNBESEBMPExA0EBMPExASEBIQExASEBIREhASEDQQNRA0EBIRNBA0EBIQNRASEDUPEhESEDQQNRAADQUAAAAAAAAAAA==",
                "27": "JgBAAAABJIkQNBESEBIQEw81DxMQERESEBIQEw8TEBIQEhASEDQQNQ81ETQQEw8SEBMQMxESEDQRERE0ERIQExAADQUAAAAAAAAAAA==",
                "28": "JgBEAAgAAgUAASKJEjMQEhATDxMPNQ8TEBIQEhATDxMQEhASEBIQEhA1DzUQNBA0EBMQNBASEDUQEhA0ERERNBASEDQQAA0FAAAAAA==",
                "29": "JgBAAAABI4kRMxESEBIQEw80EBIQExASEBIQEhATDxMQEhASDzUQNBE0DzMTNA8TEBIQNBASEDQQExA0EDUQEhAADQUAAAAAAAAAAA==",
                "30": "JgBEAAoACPMAASKJEjMQEhESDxMPNREREBEREw8TEBIQEhASEBIQEhA0EDQQNBA1EDUQNBASEDQSERA0EBMQNBE0EDQRAA0FAAAAAA=="
            },
            "low": {
                "18": "JgBAAAABIokRNBEREREQEhA0EBIQEw8TEBIQEhASEBIQEhEREDMRNRASEREQNBE0EBIQEhEREBIQEw81EDQQEhAADQUAAAAAAAAAAA==",
                "19": "JgBAAAABIooRMxASEREQEw81DxESEhASEBMPEhATEBIQEhASEDQQNBEREDUQEhASEBMQEhASEBIQEw81EDQQNRAADQUAAAAAAAAAAA==",
                "20": "JgBAAAABI4kTMhASEBIQEhA0EBMPExASEBIQEw8TDxMPExASEDQQNBEREDMSEhA0ERIQEhASEREQNREREBMQEhAADQUAAAAAAAAAAA==",
                "21": "JgBAAAABIooRNA8TDxMQEhA0EREQEhATEBIQEg8TEBIQEhASEDQPNRESEDQQNBASERIQEhASERIPNQ8TEBIQNRAADQUAAAAAAAAAAA==",
                "22": "JgBAAAABIooSMxEREBIQExEzEBIQEw8TEBIQEhEREhEPExASETMQNBASEDUPNRA0ERIQEhASEBMPNBATEDQQEhEADQUAAAAAAAAAAA==",
                "23": "JgBAAAABJIkRNA8TEREQEhE0EBIQEhEREBIQExASEBMPExASETQRMxEzEREQExASEBIQEhESEREQNBERETQRMxEADQUAAAAAAAAAAA==",
                "24": "JgBAAAABI4kSMxATDxMQEhA0ExAQEhASEBIQExASEREQEw8TETQQNBEzEBIQEw81EBIRERESEBIQNQ81EBIQEhEADQUAAAAAAAAAAA==",
                "25": "JgBAAAABJIkRNA8TEBIQEhA1EREQEhESEBIQEw8TEBIQEhATETQQNBA0EBIQNBEREBIQExASEBIPNQ81EBIRMhIADQUAAAAAAAAAAA==",
                "26": "JgBAAAABJYgRMxESEBIQEhA1EBIQEhASEBMPEw8TEREREhASETMRMRM0EBIQNBEzEBIREhERERIQMxE1DzUQEhAADQUAAAAAAAAAAA==",
                "27": "JgBAAAABJYgPNREREREQEhA0EBMQEhASEREQEhEREBIREhARETQQNA81EDUQEhERERERERASERIPNREzEDQQNRAADQUAAAAAAAAAAA==",
                "28": "JgBAAAABI4kRNBEREREQEhEzEBMRERASEBIQExASEhEPEhIREDUPNBIzEDQRERA1ERERERASEBIRERESEw8QEw8ADQUAAAAAAAAAAA==",
                "29": "JgBAAAABI4kRNBASEBIREREzEBIQEhASEBIREhASEBIREREREDQRMxA0EDURMxESEBIRERERERIQEhATEBIQMhIADQUAAAAAAAAAAA==",
                "30": "JgBAAAABIooQNBEREBMQEhA0EBIQEhASEBMRERATEBIRERESEDQQNBA1DzUQNBE0EREQEhEREBMPFA8TDzQREhAADQUAAAAAAAAAAA=="
            },
            "mid": {
                "18": "JgBAAAABJIgRNBEREBIQExA1DxIQEhESEBIQEhEREBMQEg8TEDQQNRATDxIQNRA0EBIQEw81EBMPNREREREQFA4ADQUAAAAAAAAAAA==",
                "19": "JgBAAAABIokRNBATEBIQEhEzEREQEhESEBIREhASEBIQExASETMRNBASEDQREREREBIRERA1DxMPNQ8TDxMQNBAADQUAAAAAAAAAAA==",
                "20": "JgBAAAABI4kRNBEREREQEw81EBIPExASEBIRERATEBIQEhASEDQQNBEREDQSERE0EBIQEhEzEREQNBESETQQEhAADQUAAAAAAAAAAA==",
                "21": "JgBAAAABJIcTMhIQEhASEBIyEhASERIQEhASEBIQEhASEBIQEjITMhIQEjMSMRMQEhASEBIyEhESMhIQEjITMhIADQUAAAAAAAAAAA==",
                "22": "JgBAAAABI4kRNBASEBIPFA81DxMPEw8TDxQOFA4UEBIPEw8UDjQQNA8UDzUQNBE0EBIQEw81DxMQNBE0DxQPEw8ADQUAAAAAAAAAAA==",
                "23": "JgBAAAABIosRMxAUDhMQExEyEBMPExEREBIQEhASEBIQEw8TDzURNBA1DxMPExASDxMPExA0EBIQNRE0EBIQNBAADQUAAAAAAAAAAA==",
                "24": "JgBAAAABI4oPNBESDxQPEw81EBMQERATDxMQEhATEBIQEhASETQRMxA1EBIQEhE0EBIRERA1EBIQNBE0EDQQEw8ADQUAAAAAAAAAAA==",
                "25": "JgBAAAABJYgRNBIQEREQFA80ERIPExASEBIQEhESDxQPEw8TEDURMxA0EREQNBASEBMREg80ERIPNRA0EDQQNBEADQUAAAAAAAAAAA==",
                "26": "JgBAAAABI4kRNA8TEBIREhA0EBIQEw8UDxMOFA8UDhMQEg8UDzUQNRA0EBIRNBEzEBIQEhA1EBISEQ8TEBEQEw8ADQUAAAAAAAAAAA==",
                "27": "JgBAAAABJIkQNBATEREQEhEzEREREhASEBIQEhEREBIQEhERETQQNBE0ETQQEhEREBIREhA0EBIRERATEBIRMxEADQUAAAAAAAAAAA==",
                "28": "JgBAAAABJIkQNBESEBIQEhEzEhEQEhATEBIQEhASEBIQEhATEDMRNBE0EDQRERA0ERIPExA0EREQEhASEDQREhAADQUAAAAAAAAAAA==",
                "29": "JgBAAAABIooRNBESEBIQEhEzERERERESEBIRERASEBIREhASEDQQNBEzETQRNBESEBIREREzEREQEhATEDQRNBEADQUAAAAAAAAAAA==",
                "30": "JgBAAAABI4oRMxIRERIQEhA0EBIQEhESDxMQEg8TEBIQEhEREDUQNBEzETQQNBE1EBIRERA0ERERERA1DxMRERAADQUAAAAAAAAAAA=="
            },
            "high": {
                "18": "JgBAAAABI4oPNBESERIPEw81EBIQEhASEBMQEhATEBIQEhATDzURMxERERERMxEzERERNBEREREQNBESEDQRERAADQUAAAAAAAAAAA==",
                "19": "JgBAAAABI4kQNBIREREQEhEzERIRERERERIPExASERIQEhEREDUQNBEREDQRERESEBIPNREREBIQNBEREDUQNBAADQUAAAAAAAAAAA==",
                "20": "JgBAAAABJIoRMxESEBIQEhA1EBIQEhESDxMRERATEBIQEhERETUQNBASETMREREzEBIQNRASERERMxA0EBIRERAADQUAAAAAAAAAAA==",
                "21": "JgBAAAABIYoRNBASEBIQEhA0ERERERASERIPExASEBIQEhERETMRMxESEDQRMxASERIQNBERERERMxE0ERERNBEADQUAAAAAAAAAAA==",
                "22": "JgBAAAABIokSMxEREREQExA0EBIQEhASERIPEw8TEREQEhASEDQQNBESEDQQNBEzEREQNQ8TEBIQNREzEDUQEhAADQUAAAAAAAAAAA==",
                "23": "JgBAAAABJIkQNBATEBIQEhAzEhEQEhASERIQEhASEREQExASETQQNBEzEBIQExASEBIPNBESEBIQNBA1EDQRMhEADQUAAAAAAAAAAA==",
                "24": "JgBAAAABI4kQNBESEBIQEhAzERIQEhATEBIQEhEREBIQExASEDUQNBA0EREQExA0EBIQNBEREBMRERASEBIQEw8ADQUAAAAAAAAAAA==",
                "25": "JgBAAAABJYcTMhMPEw8SEBIyEw8TDxMPEw8UDxIQEw8SEBMPEjISMxEyExASMhIRERESMhIQEhASEBIQEhATMxIADQUAAAAAAAAAAA==",
                "26": "JgBAAAABJIgTMRIQEBMREBMyEBISERIQEhASEBIREg8TEBIQEjITMRE1EBIQNBEzERIPNRASDxMPExERETMREREADQUAAAAAAAAAAA==",
                "27": "JgBAAAABI4kQNBIREBMPEhEzERIQEhEREBIQExASEBIQEhASEDQRMxA1EDURERERERIQNBEREBMQEhATDzUQNBEADQUAAAAAAAAAAA==",
                "28": "JgBAAAABIooQNBESEBIREg80EhEQEhATEBIQEhATEBIQEhATEDQQNBA1ETMREREzERIQNBESDxMPExEzEREQEhEADQUAAAAAAAAAAA==",
                "29": "JgBAAAABJIgQNBESEBIQEhE0EBIRERERERIQEhASEREQEhATEDQRMxE0ETMQNBASERIRMxESEBIPEw81DxMQNBEADQUAAAAAAAAAAA==",
                "30": "JgBAAAABJIkQNBESEBIREhA0EBIREREREBMQEhEREBIREhATDjURMxA1DzURMxE0EREQNBASEBIQEhE0EDQRERAADQUAAAAAAAAAAA=="
            }
        },
        "fan_only": {
            "auto": {
                "18": "JgBEAAsABbkAASOIEDQREhASEBIPNBESEBIQEhARERIQEhASEDUQEhA0ERIQEhASEDQQNBARETQREhAzERIQEhA0EBERAA0FAAAAAA==",
                "19": "JgBEAAsABbkAASOIEDQREhASEBIPNBESEBIQEhARERIQEhASEDUQEhA0ERIQEhASEDQQNBARETQREhAzERIQEhA0EBERAA0FAAAAAA==",
                "20": "JgBEAAsABbkAASOIEDQREhASEBIPNBESEBIQEhARERIQEhASEDUQEhA0ERIQEhASEDQQNBARETQREhAzERIQEhA0EBERAA0FAAAAAA==",
                "21": "JgBEAAsABbkAASOIEDQREhASEBIPNBESEBIQEhARERIQEhASEDUQEhA0ERIQEhASEDQQNBARETQREhAzERIQEhA0EBERAA0FAAAAAA==",
                "22": "JgBEAAsABbkAASOIEDQREhASEBIPNBESEBIQEhARERIQEhASEDUQEhA0ERIQEhASEDQQNBARETQREhAzERIQEhA0EBERAA0FAAAAAA==",
                "23": "JgBEAAsABbkAASOIEDQREhASEBIPNBESEBIQEhARERIQEhASEDUQEhA0ERIQEhASEDQQNBARETQREhAzERIQEhA0EBERAA0FAAAAAA==",
                "24": "JgBEAAsABbkAASOIEDQREhASEBIPNBESEBIQEhARERIQEhASEDUQEhA0ERIQEhASEDQQNBARETQREhAzERIQEhA0EBERAA0FAAAAAA==",
                "25": "JgBEAAsABbkAASOIEDQREhASEBIPNBESEBIQEhARERIQEhASEDUQEhA0ERIQEhASEDQQNBARETQREhAzERIQEhA0EBERAA0FAAAAAA==",
                "26": "JgBEAAsABbkAASOIEDQREhASEBIPNBESEBIQEhARERIQEhASEDUQEhA0ERIQEhASEDQQNBARETQREhAzERIQEhA0EBERAA0FAAAAAA==",
                "27": "JgBEAAsABbkAASOIEDQREhASEBIPNBESEBIQEhARERIQEhASEDUQEhA0ERIQEhASEDQQNBARETQREhAzERIQEhA0EBERAA0FAAAAAA==",
                "28": "JgBEAAsABbkAASOIEDQREhASEBIPNBESEBIQEhARERIQEhASEDUQEhA0ERIQEhASEDQQNBARETQREhAzERIQEhA0EBERAA0FAAAAAA==",
                "29": "JgBEAAsABbkAASOIEDQREhASEBIPNBESEBIQEhARERIQEhASEDUQEhA0ERIQEhASEDQQNBARETQREhAzERIQEhA0EBERAA0FAAAAAA==",
                "30": "JgBEAAsABbkAASOIEDQREhASEBIPNBESEBIQEhARERIQEhASEDUQEhA0ERIQEhASEDQQNBARETQREhAzERIQEhA0EBERAA0FAAAAAA=="
            },
            "low": {
                "18": "JgBEAAABIokQMRMSEBIRERE0EBIQEw8SERERERESEBIRMxESEDQQEhARERIQMxE0EBIQEhASERIQNBA0EBIQNBAABwYIAA0FAAAAAA==",
                "19": "JgBEAAABIokQMRMSEBIRERE0EBIQEw8SERERERESEBIRMxESEDQQEhARERIQMxE0EBIQEhASERIQNBA0EBIQNBAABwYIAA0FAAAAAA==",
                "20": "JgBEAAABIokQMRMSEBIRERE0EBIQEw8SERERERESEBIRMxESEDQQEhARERIQMxE0EBIQEhASERIQNBA0EBIQNBAABwYIAA0FAAAAAA==",
                "21": "JgBEAAABIokQMRMSEBIRERE0EBIQEw8SERERERESEBIRMxESEDQQEhARERIQMxE0EBIQEhASERIQNBA0EBIQNBAABwYIAA0FAAAAAA==",
                "22": "JgBEAAABIokQMRMSEBIRERE0EBIQEw8SERERERESEBIRMxESEDQQEhARERIQMxE0EBIQEhASERIQNBA0EBIQNBAABwYIAA0FAAAAAA==",
                "23": "JgBEAAABIokQMRMSEBIRERE0EBIQEw8SERERERESEBIRMxESEDQQEhARERIQMxE0EBIQEhASERIQNBA0EBIQNBAABwYIAA0FAAAAAA==",
                "24": "JgBEAAABIokQMRMSEBIRERE0EBIQEw8SERERERESEBIRMxESEDQQEhARERIQMxE0EBIQEhASERIQNBA0EBIQNBAABwYIAA0FAAAAAA==",
                "25": "JgBEAAABIokQMRMSEBIRERE0EBIQEw8SERERERESEBIRMxESEDQQEhARERIQMxE0EBIQEhASERIQNBA0EBIQNBAABwYIAA0FAAAAAA==",
                "26": "JgBEAAABIokQMRMSEBIRERE0EBIQEw8SERERERESEBIRMxESEDQQEhARERIQMxE0EBIQEhASERIQNBA0EBIQNBAABwYIAA0FAAAAAA==",
                "27": "JgBEAAABIokQMRMSEBIRERE0EBIQEw8SERERERESEBIRMxESEDQQEhARERIQMxE0EBIQEhASERIQNBA0EBIQNBAABwYIAA0FAAAAAA==",
                "28": "JgBEAAABIokQMRMSEBIRERE0EBIQEw8SERERERESEBIRMxESEDQQEhARERIQMxE0EBIQEhASERIQNBA0EBIQNBAABwYIAA0FAAAAAA==",
                "29": "JgBEAAABIokQMRMSEBIRERE0EBIQEw8SERERERESEBIRMxESEDQQEhARERIQMxE0EBIQEhASERIQNBA0EBIQNBAABwYIAA0FAAAAAA==",
                "30": "JgBEAAABIokQMRMSEBIRERE0EBIQEw8SERERERESEBIRMxESEDQQEhARERIQMxE0EBIQEhASERIQNBA0EBIQNBAABwYIAA0FAAAAAA=="
            },
            "mid": {
                "18": "JgBIAAABIokRNBESDxIREhA0EBEREhASEBMQERESEBIPNRAREDQQExARERIQMxEzERIQEhA0EBIQNBE0ETMQNBEAC4kTAAYJDwANBQ==",
                "19": "JgBIAAABIokRNBESDxIREhA0EBEREhASEBMQERESEBIPNRAREDQQExARERIQMxEzERIQEhA0EBIQNBE0ETMQNBEAC4kTAAYJDwANBQ==",
                "20": "JgBIAAABIokRNBESDxIREhA0EBEREhASEBMQERESEBIPNRAREDQQExARERIQMxEzERIQEhA0EBIQNBE0ETMQNBEAC4kTAAYJDwANBQ==",
                "21": "JgBIAAABIokRNBESDxIREhA0EBEREhASEBMQERESEBIPNRAREDQQExARERIQMxEzERIQEhA0EBIQNBE0ETMQNBEAC4kTAAYJDwANBQ==",
                "22": "JgBIAAABIokRNBESDxIREhA0EBEREhASEBMQERESEBIPNRAREDQQExARERIQMxEzERIQEhA0EBIQNBE0ETMQNBEAC4kTAAYJDwANBQ==",
                "23": "JgBIAAABIokRNBESDxIREhA0EBEREhASEBMQERESEBIPNRAREDQQExARERIQMxEzERIQEhA0EBIQNBE0ETMQNBEAC4kTAAYJDwANBQ==",
                "24": "JgBIAAABIokRNBESDxIREhA0EBEREhASEBMQERESEBIPNRAREDQQExARERIQMxEzERIQEhA0EBIQNBE0ETMQNBEAC4kTAAYJDwANBQ==",
                "25": "JgBIAAABIokRNBESDxIREhA0EBEREhASEBMQERESEBIPNRAREDQQExARERIQMxEzERIQEhA0EBIQNBE0ETMQNBEAC4kTAAYJDwANBQ==",
                "26": "JgBIAAABIokRNBESDxIREhA0EBEREhASEBMQERESEBIPNRAREDQQExARERIQMxEzERIQEhA0EBIQNBE0ETMQNBEAC4kTAAYJDwANBQ==",
                "27": "JgBIAAABIokRNBESDxIREhA0EBEREhASEBMQERESEBIPNRAREDQQExARERIQMxEzERIQEhA0EBIQNBE0ETMQNBEAC4kTAAYJDwANBQ==",
                "28": "JgBIAAABIokRNBESDxIREhA0EBEREhASEBMQERESEBIPNRAREDQQExARERIQMxEzERIQEhA0EBIQNBE0ETMQNBEAC4kTAAYJDwANBQ==",
                "29": "JgBIAAABIokRNBESDxIREhA0EBEREhASEBMQERESEBIPNRAREDQQExARERIQMxEzERIQEhA0EBIQNBE0ETMQNBEAC4kTAAYJDwANBQ==",
                "30": "JgBIAAABIokRNBESDxIREhA0EBEREhASEBMQERESEBIPNRAREDQQExARERIQMxEzERIQEhA0EBIQNBE0ETMQNBEAC4kTAAYJDwANBQ=="
            },
            "high": {
                "18": "JgBEAAABI4kSNBARERIQEhA0EREQExASDxMQERESEBERNBASEDUQEhASEBERNBA0EBIQNBESEBEREhASEBIPNBAAB5MJAA0FAAAAAA==",
                "19": "JgBEAAABI4kSNBARERIQEhA0EREQExASDxMQERESEBERNBASEDUQEhASEBERNBA0EBIQNBESEBEREhASEBIPNBAAB5MJAA0FAAAAAA==",
                "20": "JgBEAAABI4kSNBARERIQEhA0EREQExASDxMQERESEBERNBASEDUQEhASEBERNBA0EBIQNBESEBEREhASEBIPNBAAB5MJAA0FAAAAAA==",
                "21": "JgBEAAABI4kSNBARERIQEhA0EREQExASDxMQERESEBERNBASEDUQEhASEBERNBA0EBIQNBESEBEREhASEBIPNBAAB5MJAA0FAAAAAA==",
                "22": "JgBEAAABI4kSNBARERIQEhA0EREQExASDxMQERESEBERNBASEDUQEhASEBERNBA0EBIQNBESEBEREhASEBIPNBAAB5MJAA0FAAAAAA==",
                "23": "JgBEAAABI4kSNBARERIQEhA0EREQExASDxMQERESEBERNBASEDUQEhASEBERNBA0EBIQNBESEBEREhASEBIPNBAAB5MJAA0FAAAAAA==",
                "24": "JgBEAAABI4kSNBARERIQEhA0EREQExASDxMQERESEBERNBASEDUQEhASEBERNBA0EBIQNBESEBEREhASEBIPNBAAB5MJAA0FAAAAAA==",
                "25": "JgBEAAABI4kSNBARERIQEhA0EREQExASDxMQERESEBERNBASEDUQEhASEBERNBA0EBIQNBESEBEREhASEBIPNBAAB5MJAA0FAAAAAA==",
                "26": "JgBEAAABI4kSNBARERIQEhA0EREQExASDxMQERESEBERNBASEDUQEhASEBERNBA0EBIQNBESEBEREhASEBIPNBAAB5MJAA0FAAAAAA==",
                "27": "JgBEAAABI4kSNBARERIQEhA0EREQExASDxMQERESEBERNBASEDUQEhASEBERNBA0EBIQNBESEBEREhASEBIPNBAAB5MJAA0FAAAAAA==",
                "28": "JgBEAAABI4kSNBARERIQEhA0EREQExASDxMQERESEBERNBASEDUQEhASEBERNBA0EBIQNBESEBEREhASEBIPNBAAB5MJAA0FAAAAAA==",
                "29": "JgBEAAABI4kSNBARERIQEhA0EREQExASDxMQERESEBERNBASEDUQEhASEBERNBA0EBIQNBESEBEREhASEBIPNBAAB5MJAA0FAAAAAA==",
                "30": "JgBEAAABI4kSNBARERIQEhA0EREQExASDxMQERESEBERNBASEDUQEhASEBERNBA0EBIQNBESEBEREhASEBIPNBAAB5MJAA0FAAAAAA=="
	    }
	}
    }
}
