{
  "manufacturer": "LG",
  "supportedModels": [
    "P12EP1"
  ],
  "commandsEncoding": "Base64",
  "supportedController": "Broadlink",
  "minTemperature": 18.0,
  "maxTemperature": 30.0,
  "precision": 1.0,
  "operationModes": [
    "heat_cool",
    "cool",
    "heat",
    "dry",
    "fan_only"
  ],
  "fanModes": [
    "auto",
    "silent",
    "low",
    "medium",
    "high",
    "highest"
  ],
  "commands": {
    "off": "JgBAAGcAAUYRNBASDxMPEw81EBEQEw8TDzUPNRASEBIPEhASEBIQEhASEBIPExASEBIQNBASDzUQERATEBIQNBEADQUAAAAAAAAAAA==",
    "heat_cool": {
      "auto": {
        "18": "JgBAAGsAAUMRNRASEBIQEhA1DxMPEw8TEBIQEhASEBIQEw8SEDUPNBATDxIQNQ81EBIQNQ8SEDUQNRASEDQQNBAADQUAAAAAAAAAAA==",
        "19": "JgBAAGsAAUQQNBESEBIQEhA0EBIQERATEBIQEhASEBIQEhASEDQQNBESEDQSEBATEBIQNBASEDQQNBAzERIQEhAADQUAAAAAAAAAAA==",
        "20": "JgBAAGsAAUUTMhASEBIREREzEREREhASEBIREREREREQExARETQQNBARETQRERA0EREQNBESEDQQMxA1EBERNBEADQUAAAAAAAAAAA==",
        "21": "JgBAAGkAAUUSNBAREBMQEhA0EBIQEhARERIQEhASERIQEhASEDQQNBESEDMRMxERERIQMxERETMQNRA0EDQQEhAADQUAAAAAAAAAAA==",
        "22": "JgBAAGsAAUQQNBERERIQEhEzEBIQEhASEBIQEhASEBIQEhASEDQQMxATEDQQNBEzEBIQNBESEDQQNBA0ETETNBEADQUAAAAAAAAAAA==",
        "23": "JgBAAGoAAUURNBEREBIREREzEBIQExASEBIQExASEBEQExASEDQQNBA0EBIREREREREQNRASEDUQEhASEBIQEhAADQUAAAAAAAAAAA==",
        "24": "JgBAAGkAAUYRNBARERIQEhA0EREREhASEBIQEhASEBIQEhASEDUQNBAzERIQEhA0EBIQNBASETMRERASERERMxAADQUAAAAAAAAAAA==",
        "25": "JgBAAGoAAUURNBEREBMQEhA0EBIQEhEREBMQEhASEBEQExASEDQQMxE0EREQNBERERIQNBESEDMQEhESEDUQEhAADQUAAAAAAAAAAA==",
        "26": "JgBAAG4AAUURNBARERIQEhA0EREREhASEBIQEhASEBIQEhEREDUQNBAzEBMQNBA0EREQNRASEDQQEhASEDQQNBAADQUAAAAAAAAAAA==",
        "27": "JgBAAG0AAUYQNBATEBIQEhA0ERERERASERIQEhASEBERERERETMRNBA0EDQQEhARERIQNBASEDMREhA0EBIQEg8ADQUAAAAAAAAAAA==",
        "28": "JgBAAG0AAUUPNREREREQEhA0EBEREhASEBIQEhASEBIQEhASEDQQNBA0ETMQEhA1EBIQNBASEDURERA0ERIQMxEADQUAAAAAAAAAAA==",
        "29": "JgBAAG0AAUUSNBAREBMQEhA0EBIREhARERIQEhASEBEQExASEDQQNBE0EDMQNREREREQNBEREDURERA0ETQQEhAADQUAAAAAAAAAAA==",
        "30": "JgBAAHAAAUIRNBESEBEREhA0EBIQEhASEBIQEhASEBIQEhASEDQQNBA0ETMQNBEzEBIRMxEREDQREhAzETMRMxEADQUAAAAAAAAAAA=="
      },
      "silent": {
        "18": "JgBAAGkAAUUPNBATDxMPEw81DxIQEw8TDxMPEw8TDxMPEw8TDzUPNBATDxMQNA81EREQExASDxMPEw80ETMRERAADQUAAAAAAAAAAA==",
        "19": "JgBAAGoAAUQPNBESEBIQEhA0EBEREhASEBIQEhASEBIQEhARETQQMxESEDMREhASERIQEhASEBEREREzETMRMxEADQUAAAAAAAAAAA==",
        "20": "JgBAAGkAAUQQNBESEBIQEhA0EBIQERESEREREREREBIRERERETMRNBERETQQERE0EBIQEhASEBIQNBASEBIQEhAADQUAAAAAAAAAAA==",
        "21": "JgBAAGoAAUUQNBESEREQExA0EBIQEhASEBIQEhASEBIQEhASEDQQNBASEDQQNBARERIQEhASEBIQNBASEBMQMxEADQUAAAAAAAAAAA==",
        "22": "JgBAAGkAAUQQNBESEREQEhA0EhAQEhATEBIQEhARERIQEhASEDQQNBEREDUQMxE0EREQExASEBIQMxERETMREREADQUAAAAAAAAAAA==",
        "23": "JgBAAGoAAUQQNBESEBIQEhAzERIQEhARERIQEhASEBIQEhASEDQQNBE0EBEQExASERERERATEBIQNBARETQQNBEADQUAAAAAAAAAAA==",
        "24": "JgBAAGoAAUQQNBEREBIQEhA0EBIQEhASDxMPExASDxMQEhASDzUQNBA0ERIQEhA0EREREREREBMQNBA0EBMPEhEADQUAAAAAAAAAAA==",
        "25": "JgBAAGoAAUQPNBESEBIQEhA0EBEREhASEBIQEhASEBIQEhASEDQQMxE0EBIRMxERERIQEhASEBIRMxEzERIQNBEADQUAAAAAAAAAAA==",
        "26": "JgBAAGwAAUUSNBAREBMQEhAzERIQEhASEREREhASEBEQExASEDQQNBEzERIQNBA0EBIREREREREQNBEzEDQQEhAADQUAAAAAAAAAAA==",
        "27": "JgBAAG4AAUURNBAREBMQEhA0ERIQEhARERIQEhASEBEREhASEDQRMxE0EDQQEhEREREQEhASEBIQNBA0EDQQNBEADQUAAAAAAAAAAA==",
        "28": "JgBAAG0AAUQQNBESEBIQEhA0EBEQExASEBIQEREREREREREREDQRMxE0EDQQEhA1EBIQEhAREREREhASEBMQEhAADQUAAAAAAAAAAA==",
        "29": "JgBAAG8AAUQPNRESEBIQEhAzERIQEhASEBIQEhASEBIQEhASEDQQNBAzETMRMxEREREREREREBIQEhASEBIQNBAADQUAAAAAAAAAAA==",
        "30": "JgBAAG4AAUQPNBESEBIQEhA1EBEQExASEBIQEhARERIQEhARETMRMxA0ETQQNBA0EBIQERESEBIQExASETMQEhAADQUAAAAAAAAAAA=="
      },
      "low": {
        "18": "JgBAAGgAAUYQNBESEBIQExAzERERERASEBIQEhASEBIQEhASEDQQMxESEBIQNBA0ETMRERATEDQQNBA0EDMRNBAADQUAAAAAAAAAAA==",
        "19": "JgBAAGsAAUQPNRESEBIQEhA0EBIQEhASEBIRERASEBIRERERETQQMxESEDQQEhATEDQREhASEDUQERATEBEQExAADQUAAAAAAAAAAA==",
        "20": "JgBAAGoAAUURNBAREBMQEhA0EBIQEhAREBMQEhASERIQEhASEDQQNBATEDQQEhA0EDQQEhASEDMREhASEBERNBAADQUAAAAAAAAAAA==",
        "21": "JgBAAGoAAUQQNRASEBIQEhAzERIREREREREQEhASEBIRERASEDQQNBASEDQQNBASEDQQEhASEDQQERESETMQEhAADQUAAAAAAAAAAA==",
        "22": "JgBAAGsAAUQPNRATEBIQEhA0EBIQEhASEBMQERASEBIREREREDUQMxESEDQQNRA0ETQQEhASEDMREhASEDQQNBAADQUAAAAAAAAAAA==",
        "23": "JgBAAGoAAUQPNRESEBIQEhAzERIQEhASEBIQEhASEBIQEhASEDQQMxEzEREQEhASEDQQEhASEDQREhA0EBIQEhAADQUAAAAAAAAAAA==",
        "24": "JgBAAGkAAUUQNBESEBIQEhA0EREQEhASEBIQEhASEBIQEhASEDQQNBA0EBIQEhA0EDQQEhASEDQRERA0ERERNBAADQUAAAAAAAAAAA==",
        "25": "JgBAAGoAAUQPNRASERIQEhA0EBIQEhASEBIQEhASEBIQEhASEDQQNBAzERIQNBARETMRERASEDQQExAzETQQEREADQUAAAAAAAAAAA==",
        "26": "JgBAAG0AAUUPNREREBMQEhA0EBIQEhASEBIQERERERERERASEDQRMxA0EBIRMxA0EDQQEhASEDQRERA0EDUQNBAADQUAAAAAAAAAAA==",
        "27": "JgBAAG4AAUQPNRESEBIQEhAzEREQExAREREREREREREQEhASEDQQNBA1EDMREhERETMREREREDURMxESEBIQEhAADQUAAAAAAAAAAA==",
        "28": "JgBAAG0AAUQQNBESEBIQEhA0EBIQERATEREQEhASEBIQEhASEDQRNBA0ETQQERA1EDQRERASETQQNRASEBIQNBEADQUAAAAAAAAAAA==",
        "29": "JgBAAG0AAUUPNRESEBIQEhAzERIQEhAREBMQEhASEBEQExASDzUQNBA1EDMQNRERETMQEhASEDQQNBASEDQREREADQUAAAAAAAAAAA==",
        "30": "JgBAAG0AAUYRNBAREBMQEhA0EBIREhAREBMQEhASDxIQExASEDQQNBA1EDMRNBA0EDUQERASEDUQNRASEDMRNBAADQUAAAAAAAAAAA=="
      },
      "medium": {
        "18": "JgBAAGkAAUYPNBATEBIPExA0EBIQEhASDxMQEhASEBEQExASEDQQMxESEBIRNBA0EBMQEhA0EBEQNRASEBIREhAADQUAAAAAAAAAAA==",
        "19": "JgBAAGsAAUQSNBAREBMQEhA0EBIQEhAREBMQEhASEBMQEhASEDQQNBATEDMREREREREQEhA0EREQNBEREBMQNBAADQUAAAAAAAAAAA==",
        "20": "JgBAAGsAAUQQNBATEBEQExA0EBIQEhASEBIREREREBIQEhASEDQQNBESEDMRERE0EBERERE0EBEQNRASEDQQEhAADQUAAAAAAAAAAA==",
        "21": "JgBAAGoAAUQRNBASEBIRERA0EREREREREBIQEhESEBMQEhARETQQMxATEDQQNBAREBMQEhA0EBIQNRARETQQMxEADQUAAAAAAAAAAA==",
        "22": "JgBAAGkAAUYPNBESEBIQEhA0EBIQEhASEBMQEhASEBEQExASDzUQMxESEDMRNBE0EBIQEhA0EBIQNRA1EBIQERAADQUAAAAAAAAAAA==",
        "23": "JgBAAGoAAUQQNBATEBIQEhA0EBIQEhASEBIQEhASEBEQExASEDQQMxA1EBIQEhASERIQEhA1EBIQNBA0EBMQNBAADQUAAAAAAAAAAA==",
        "24": "JgBAAGkAAUYPNBESEBIQEg81EBIQEhASEBMQEREREREQExARETQQMxA1EBIQEhA1EBIQEhA0EBIQNBA1EDQREREADQUAAAAAAAAAAA==",
        "25": "JgBAAGkAAUURNBARERIQExA0EREQEhEREREQEhASEBIQEhATEDQQNBA0EBIQNBARERIQEhA0EBIQNBEzEDQRMxEADQUAAAAAAAAAAA==",
        "26": "JgBAAG4AAUUPNRASEBIQEhA0EBIREREREREQEhASEBIREREREDQQNBA0EBIPNRA0EBIQEhA0EBIQEhASEREQEhEADQUAAAAAAAAAAA==",
        "27": "JgBAAG0AAUUQNRASEBIREREzEREREREREREQEhASEBIQEhASEDQQNBA0EDQQERESEBIQEhA0EBIQExARERERMxAADQUAAAAAAAAAAA==",
        "28": "JgBAAG4AAUQPNRESEBIREREzEREQEhASEBIQEhASEBEQExASEDQQNBA0EDQRERA1EBEQExA0EBIQEhASEDQQEhAADQUAAAAAAAAAAA==",
        "29": "JgBAAG4AAUURNBAREBMQEhA0EBIREhAREBMQEhASEBEREhASEDQQNBA1EDMQNRASEREREREzEREREhASEDQRNBEADQUAAAAAAAAAAA==",
        "30": "JgBAAG4AAUURNBAREBMQEhA0EBIQEhAREBMQEhASERIQEhASEDQQNBE0EDQQNBA0EBIQEhA0EBIQEhA0EBIQEREADQUAAAAAAAAAAA=="
      },
      "high": {
        "18": "JgBAAGoAAUQQNBATEBIQEhA0EBIQERATEBIQEhASDxMQEhASEDQQNBESEBMQMxEzEDUQERE0EBIQEhASDxMQEhAADQUAAAAAAAAAAA==",
        "19": "JgBAAGsAAUQPNRESEBIQEhA0EBIQEhASEBIQEhASEBEQExASEDQQMxERETMQExASEDQRERA0EREREREREBIQNBEADQUAAAAAAAAAAA==",
        "20": "JgA8ABA0EBIQExASEDUQERATEBIQEhARERIQERASEBMRMxA0ERERMxERETMQNBESEDQQERESEBIQNBASEQANBQAAAAAAAAAAAAAAAA==",
        "21": "JgBAAGkAAUUPNREREBMQEhA0EREQExARERERERASEBIQEhATEDQQNBASETMQNBASEDQRERE0EBEQExASEDQQNBAADQUAAAAAAAAAAA==",
        "22": "JgBAAGoAAUQPNRASERIQEhA0EBIQEhEREREQEhASEBIQEhATEDQQNBASEDQQNBA0ETMQEhA0EBIQEhA0EREQEhEADQUAAAAAAAAAAA==",
        "23": "JgBAAGoAAUUPNRERERERERA1EBEREhASEBIQEhASEBIQEhASEDQQNBAzEBMQEhEREDUQEhA0EBEQExA0EREQNBEADQUAAAAAAAAAAA==",
        "24": "JgBAAGsAAUMQNBERERIRERA1EBEQExASEBIQEhASEBEQEhESETMRMxE0EBIQEREzETMREhA0EBEREhAyEzMRERAADQUAAAAAAAAAAA==",
        "25": "JgBAAGsAAUQRNBASEBIQEhA0EREQExASEBIQEhEREBIQEhERETQQNBA0EBIQNBEREDQRERA1EBIQEhA0EDQQMxAADQUAAAAAAAAAAA==",
        "26": "JgBAAGwAAUUQNBATEBIQEhA0EREQExARERERERASEBIRERERETMQNBA0ERIQNBA0ETMQEhA1EBIQNBERERERERAADQUAAAAAAAAAAA==",
        "27": "JgBAAG4AAUQQNBESEBIQEhAzERIQEhASEBIQEhASEBIQEhASEDQQNBA0EDQQERERETQQEhA0EBEQNRASERERNBAADQUAAAAAAAAAAA==",
        "28": "JgBAAG0AAUYRNBAREBMQEhA0EBIREhAREBMQEhASEBEQExASEDQQNBA1EDMQEhE0ETMQEhA0EBIQNBASETQQEREADQUAAAAAAAAAAA==",
        "29": "JgBAAG0AAUURNBEREBIRERA0EREQExASEBIQExASEBEREhASEDQQNBA0ETQQNBEREDQQExA0EBIQNBASEDQRMxAADQUAAAAAAAAAAA==",
        "30": "JgBAAG0AAUQQNREREBMQEhA0EBIQERERERERERASEBIQEhASEDQQNBA0EDQQNBE0EDMREhA0EBIQNBA0EBEREhAADQUAAAAAAAAAAA=="
      },
      "highest": {
        "18": "JgBAAGoAAUURNBASDxMQEhA0EBIRERESEBEQExASEBIPExASEDQRNBAREBMQNBA0EBIQNBASEBIQNBASEDQQERAADQUAAAAAAAAAAA==",
        "19": "JgBAAGkAAUYQNBATEBIQEhAzEBMQEhASEBIQEhASEBIQEhASEDQQNBASEDQQEhAREREQNRAREBMQNBASEDQQNBAADQUAAAAAAAAAAA==",
        "20": "JgBAAGsAAUQRNBEREBIRERE0EBIQEhASEBMQEhASEBEQExASEDQQMxATEDMREhA0ERIQNBARERIQNBE0ERIQEhAADQUAAAAAAAAAAA==",
        "21": "JgBAAGoAAUURNBASEBIQEhA0EBMQERATEBIPEw8TEBIQEhASDzURNBASEDQQNBASEBMQMxEREBIQNBA0EBIQNBAADQUAAAAAAAAAAA==",
        "22": "JgBAAGkAAUUSMxEREBIQExA1EBEQExASEBIQEhASEBEQEhATETMQNBESEDMRMxEzEBMQNBARERIQNBEzEDUQEREADQUAAAAAAAAAAA==",
        "23": "JgBAAGoAAUUPNREREBMQEhA0EBIQEhASEBIPExASEBIQERERETQQMxEzEBIREREREREQNBERERIQNBA0EDQQNBEADQUAAAAAAAAAAA==",
        "24": "JgBAAGkAAUYRNBAREBMQEhA0EBIQEhASEBIQEhATEBIQEhASEDQRMxA1EBIPExA0EBIQNBASEBIQERERERIQEhAADQUAAAAAAAAAAA==",
        "25": "JgBAAGoAAUQRNBEREREREREzEBIQExASEBIQExASEBEQExASEDQQNBA0ERERNBAREBIQNRASEBIQEhASEBERNBAADQUAAAAAAAAAAA==",
        "26": "JgBAAG4AAUQRNBEREBMQERE0EBIQEhASEBMQEhASEBEQExASEDQQMxE0EREQNBE0EBMQMxEREBMQEhASEDUQEhAADQUAAAAAAAAAAA==",
        "27": "JgBAAG0AAUQQNBATEBIQEhA0EBIQERESEBIQEhASEBIQEhASEDQQNBA1EDUQERATEBIQNBASEBIQEhASEDMQNRAADQUAAAAAAAAAAA==",
        "28": "JgBAAG8AAUQPNBATEBMQEhA0EBEREhASEBIQEhASEBEQExATEDQQNBA0EDQQEhAzERIQNBASEBMQEhA0EBEQExAADQUAAAAAAAAAAA==",
        "29": "JgBAAG4AAUUPNBESEBIQEhA0EBIQERESEREREREREBMQERERETQQNBA0ETQQNBASEBIRMxEREREQEhA0EBIQNRAADQUAAAAAAAAAAA==",
        "30": "JgBAAG4AAUQQNBESERIQEhAzEREREREREREQEhASEBIQEhASEDQQNBA0ETQQMxEzEREQNRASEBIQEhA0EDQQEhAADQUAAAAAAAAAAA=="
      }
    },
    "cool": {
      "auto": {
        "18": "JgBAAGkAAUYPNBATDxMPExA0EBIPEw8TEBIPExASDxMPExASDxMPExASEBIPNBEzERIQNA8TEDQQNA8TERIQEg8ADQUAAAAAAAAAAA==",
        "19": "JgBAAGkAAUUPNg8TDxIQEhEzEBMQERASEREQEhASDxMPExASDxMQEg8TEDQQEg8TEBIQNBEREDQRNBASDxMPNRAADQUAAAAAAAAAAA==",
        "20": "JgBAAGoAAUQQNBESEBIREREzEBIQEg8TDxMPExASEBIQEg8TEBIPExASDzUQEg81EBIPNRASEDUQNBARETQPEw8ADQUAAAAAAAAAAA==",
        "21": "JgBAAGoAAUURNBASEREQEg82EBIPEw8UEBERERASEBIQEhASEBIQEhEREDQQNBESDxMQNA8TEDQQNA8TEDQQNA8ADQUAAAAAAAAAAA==",
        "22": "JgBAAGoAAUUPNRIRDxMPExA0EBIPExASDxMQEg8TEBIPEw8TDxMPEhASETMQNBA1DxMQNA8TDzUQMxA1EBIQEg8ADQUAAAAAAAAAAA==",
        "23": "JgBAAGkAAUUQNRASDxMPExA0EBIQEg8TDxMPExASDxMQEg8TEBIQEg81EBIPExASEBIPNQ8TEDQPNRA0EBIQNA8ADQUAAAAAAAAAAA==",
        "24": "JgBAAGsAAUQQNBESEBIPEw81DxMPExASEBIPEw8TDxIQEhASEBIQEw81EBIPFA81EBIQMxASEDQQNBA1EDQQEhEADQUAAAAAAAAAAA==",
        "25": "JgBAAGkAAUYPNRATDxIRERA0EBIRERATDxMPExASEBIQEg8UEBEPEhA1DxMPNRASEBIQNBEREDQQNBE0DzUPNRAADQUAAAAAAAAAAA==",
        "26": "JgBAAG0AAUUSMxATEBIPExA1EBIQEg8TEBIPEhERERIQEhASEBIQEhEzEBIQNBA0EBIQNA8TEDQRERASEBIQEg8ADQUAAAAAAAAAAA==",
        "27": "JgBAAG0AAUUPNBESEBIPExA0EBIQEhASEBIQEhASEBIRERASEBIQEw80EzIREhASDxMPNRASDzUQEg8TEBIPNRAADQUAAAAAAAAAAA==",
        "28": "JgBAAG0AAUUQNRASEBIQEg81EBIQEg8TEBIPExASDxMPExASEBIQEg81EDUQEg81EBIPNQ8TEDQQEg8TDzQREhAADQUAAAAAAAAAAA==",
        "29": "JgBAAG0AAUUQNBATDxIQEhA0EBIQEhASEBIQEhASDxMRERASEBIQEhA0EDQQNBASEBIQNBASDzUQEhASDzUQNBAADQUAAAAAAAAAAA==",
        "30": "JgBAAG0AAUURNBATDxMPEw81EBIPEw8TEBMQEg8TEBIQEg8TEBIQERA1EDQQNBA0DxMPNRASDzUPExA0EBIQEhAADQUAAAAAAAAAAA=="
      },
      "silent": {
        "18": "JgBAAGkAAUYPNBESEBIQEhA0EREQEhASEBMQEhAREBIRERASEREQEhASEBIRMxA0EBIPExASDxMPExASEDQQNBAADQUAAAAAAAAAAA==",
        "19": "JgBAAGsAAUQRMxATDxMQEhA1EBIPExASEBIPEw8TDxMPEw8TEBIQEw8SEDQQEhASEBIQEg8TEBMPEw81ERIPExAADQUAAAAAAAAAAA==",
        "20": "JgBAAGkAAUUPNhAREREQEhEzEBIREREREBIQEhASEBIQEhASDxMPExASDzUQEhA0EBIQEhEREBIQEhA0EBMPNQ8ADQUAAAAAAAAAAA==",
        "21": "JgBAAGkAAUUPNREREBIQEhA1EBIQEhASEBIQEg8TDxMPEw8TEBIPExASEDQQNBASEBIQExASDxIQEhA0EDQQEw8ADQUAAAAAAAAAAA==",
        "22": "JgBAAGkAAUYRNBASEBIPEw81DxMQEhASDxMREhASEBIPEw8TDxMPEw8TDzUQNBA0DxMQEhASDxMPExA0EDQQNBAADQUAAAAAAAAAAA==",
        "23": "JgBAAGkAAUUPNRASEBMQEhA0DxMPEw8TDxMQEg8TEBIPExASDxMPEw81EBIQEg8TEBIPEw8TEBIQNBASEBIQEhAADQUAAAAAAAAAAA==",
        "24": "JgBAAGkAAUURNBASDxMQEhA0EBIPExASEBMPEhASEBIQEhASDxMQEhA0EBIQEhEzEBIPExASEBIPNQ8TDxMPNQ8ADQUAAAAAAAAAAA==",
        "25": "JgBAAGgAAUUQNBESEBIPExA0DxMPEw8TEBIRERASDxMQEhASEBIQEw80ERIQNBESDxMPEhEREBIQNBATEDQQEhAADQUAAAAAAAAAAA==",
        "26": "JgBAAG4AAUQRNA8TEBIREg81EBIQEhASDxMPEw8TDxMQEw8TDxMPExA0EBIQNBA0EBEREg8TEBEQNBASEDQRNA8ADQUAAAAAAAAAAA==",
        "27": "JgBAAGwAAUUQNBIREBIPEw81EBIPEw8TDxMPExASDxMQEg8TDxMQEg81EDUQEhASDxMPExASEBIPNRA0ERIPEw8ADQUAAAAAAAAAAA==",
        "28": "JgBAAG0AAUUQNQ8TEBIPEw81DxMPEw8TDxMPEw8TDxMQEhASDxMPEw80EDUQEg81DxMPEw8TDxMQNBA0EBIQNA8ADQUAAAAAAAAAAA==",
        "29": "JgBAAGwAAUUQNRESEBIQEhA0EBIQEhARERERERASEBIQEhEREREQEhA0EDUQMxESEBIQEhASERERMxA1EDQQEhAADQUAAAAAAAAAAA==",
        "30": "JgBAAG0AAUUQNQ8SEBMPEw81DxMPEw8SEBMQEhASEBMPEw8TDxMPEw81DzUQNBA1DxMPEw8SEBIQNBA0EDQRNBAADQUAAAAAAAAAAA=="
      },
      "low": {
        "18": "JgBAAGgAAUYQNBATEBIQEg81DxMPEw8TEBIPExASDxMPExASDxMQEg8SEBIRNA81DzUQEg8TEDQPNBA1DxMPExAADQUAAAAAAAAAAA==",
        "19": "JgBAAGgAAUYPNhASEBIPEw81DxMPEw8TEBIQEhASEBIPExASEBIPEhASEDQREhAREDUPExASEDQQNBA0EBIQMxAADQUAAAAAAAAAAA==",
        "20": "JgBAAGkAAUYPNREREBIQEg81EBMQEg8TEBIQEg8TDxMPEw8TEBIPEw8TEDQPEw81DzUREhASDzUPNQ80ETQQEhAADQUAAAAAAAAAAA==",
        "21": "JgBAAGkAAUYQNBESDxMPEw81DxMQEhATDxMQEg8SEBMPExASDxMPExAUDjQQNBASEDQQEhASETMQNBIzEDQQNBAADQUAAAAAAAAAAA==",
        "22": "JgBAAGgAAUUQNg8SEBIQEhA0EBMQEg8TEBIPEhASEBMPEhEREBIQEhASEDQPNRA1DzQQExATDzQRERASEBIPEw8ADQUAAAAAAAAAAA==",
        "23": "JgBAAGkAAUUQNRASEREQEhA0EREQEhASEBIQEhASDxMQEg8TDxMPExA0EBMQEhASDzUPEw8TDzUPEw8TEBIQNBAADQUAAAAAAAAAAA==",
        "24": "JgBAAGgAAUYQNBESEBIPExA0DxMPEw8TDxMQEg8TDxMQEg8TDxMPExA0DxMPExA0DzUQEg8TDzUPExASEDQQEhAADQUAAAAAAAAAAA==",
        "25": "JgBAAGkAAUQQNRESEBIPEw81DxMPExAREBIQEhASERIQERASEBIQEhA0DxMPNREREDQQEw8TEDQPEw8TDzUPNRAADQUAAAAAAAAAAA==",
        "26": "JgBAAGsAAUYPNRATDxMQEg81DxMQEhASDxMPExASDxMPFBASDxMQEhA0EBIPNRAzETQPEw8TDzUQEhA0EBIQEg8ADQUAAAAAAAAAAA==",
        "27": "JgBAAGwAAUUPNRESEBIPExA0ERIQERASEBIRERASEBMQEhASDxMPExA0DzUPEw8TDzUQEg8TEDQQEhA0EBIQNBAADQUAAAAAAAAAAA==",
        "28": "JgBAAG4AAUQQNBATDxMPEhA0ERIPEhESDxMPEw8TDxMPEw8TDxMQEg81DzUPExA0EDUQERESDzUPExA0DzUPEw8ADQUAAAAAAAAAAA==",
        "29": "JgBAAG0AAUQRNBESEBIPEw81DxMPEw8TDxMQEhATEBIPEw8TEBIQEhA0DzUQNBASDzURERASEDQQEw81EDQQNBAADQUAAAAAAAAAAA==",
        "30": "JgBAAG0AAUUPNg8TDxMPEw81DxMQEhASDxMPExASEBIPExAREBIREg81DzURNBA0DzUQEg8TDzUPNhASDxMQEhAADQUAAAAAAAAAAA=="
      },
      "medium": {
        "18": "JgBAAGoAAUUPNRATDxMQEhA0DxMPEhEREBIQEhEREBIRERASEBIQEhASEBIQNBA0ERIPExAzERIPEw81EBIQMxEADQUAAAAAAAAAAA==",
        "19": "JgBAAGkAAUURNBASEREQEhA0EBIQEhASEBIQEg8TDxQPEg8TEBIPEw8TDzUQEg8TDxMQEg81DxMPEw80ETUQEhAADQUAAAAAAAAAAA==",
        "20": "JgBAAGkAAUURNQ8TDxMQEhA0DxMQEg8TDxMREhASDxMPEw8TDxMQEg8TDzUQEhA0EBIQEg81DxIREg81EDQQNBAADQUAAAAAAAAAAA==",
        "21": "JgBAAGkAAUURNBATEBIPEw81DxMPEw8TDxMQEw8UDhMPExASDxMQEg8TEDQPNQ8TDxMPEw81EBIQNA8TDxMPEw8ADQUAAAAAAAAAAA==",
        "22": "JgBAAGkAAUUQNQ8TEBIPEw80ERIPEw8TEBEREREREREQEhASEBIQEhASEDQPNRA1EBIQEg81DxMPNRASEBIQNBAADQUAAAAAAAAAAA==",
        "23": "JgBAAGgAAUYQNRASEBIREREzEBIQEhASDxMQEhASDxMPEw8TEBIPEw81EBIPExASDxMQEg81EBIQNBATDzQREREADQUAAAAAAAAAAA==",
        "24": "JgBAAGkAAUQPNRATDxMPEw80EBMPEw8TDxMPEw8TEBIPEw8TDxMPExA1DxMPExA0DxMQEhA0EREQNBESDzUQNBAADQUAAAAAAAAAAA==",
        "25": "JgBAAGkAAUUPNg8TDxMPEw81EBIQEhASEBIQEhASEBMPEhASEBIQEw80ERIPNRASDxMPEw81DxMQNRA0EBIPExAADQUAAAAAAAAAAA==",
        "26": "JgBAAGwAAUUPNhASEBMQEhAzERERERASEBIQEg8TDxMQEhASEBIPEw81EBIQNBA0EBIQExA0EBIPNQ81EBIPNRAADQUAAAAAAAAAAA==",
        "27": "JgBAAG0AAUQQNRASEBIQEREzEBMPEhASEBIQEhASEBIQEhASDxMQEhA0EDQQEhATEBIPEhA1DxMQNBA0DzUPExAADQUAAAAAAAAAAA==",
        "28": "JgBAAGwAAUYQNBESEBMQERA0EBIQEg8TEBIQEg8TDxMQEg8TDxMPExA0DzUQEhA0EBIQEhA0EBIQNBA0ETMQNBEADQUAAAAAAAAAAA==",
        "29": "JgBAAG4AAUQPNRESDxMQEhA0DxMPExASDxMPEw8TEBIQEhASEBIPExA0EDQQNA8TDxMQExA0EBIRERASEBIPExEADQUAAAAAAAAAAA==",
        "30": "JgBAAHAAAUIUMhIPExASEBIyEhASEBIPExATDxMPExASEREQEhEREBIyEjETMhIyEw8TDxMyEg8TEBIQEhASMhIADQUAAAAAAAAAAA=="
      },
      "high": {
        "18": "JgBAAGoAAUUPNRASERERERA1EBIQEhARERIQEhASEBIQEg8TDxMQEhASEREQNBEzEDQREhA0EBIQNBAzERIQNRAADQUAAAAAAAAAAA==",
        "19": "JgBAAGkAAUQQNRATDxMPExA0EBMPEhEREREQEhASEBIQEw8TDxMPExASEDQQEg8TDzUQEg81DxMQNBE0DzUQEg8ADQUAAAAAAAAAAA==",
        "20": "JgBAAGgAAUYQNQ8TDxMPEw81EBIQEg8TEBIQEhASEBIQEhASEBIQEhASEDQQEhA0EDQPExA0EREQNBA1EDQQNBEADQUAAAAAAAAAAA==",
        "21": "JgBAAGoAAUQQNRATDxIRERA0ERERERASEBIQEhASEBIQEhASDxMQExASEDMRMxATEDQQEhA0DxMQEhASDxMQEhAADQUAAAAAAAAAAA==",
        "22": "JgBAAGoAAUQQNRASERERERA0EREQEhASEBIPEw8TDxMPEw8TEBIPExATEDMRMxA0EDUQEhA0EBIRERASEBIQNBAADQUAAAAAAAAAAA==",
        "23": "JgBAAGkAAUUQNBASEBIQEhA0EBIQEg8TDxMQEhASDxMQEg8TDxMQEg81DxMQEg8TEDQQEg81EBIPExASEDUQEREADQUAAAAAAAAAAA==",
        "24": "JgBAAGkAAUUPNRESDxMQEhA0ERIQEg8TEBIPEhASEBMQEhASEBIQEhA0EBIPExA0EDQPEw81EBIPEw8TEDQPNRAADQUAAAAAAAAAAA==",
        "25": "JgBAAGoAAUQQNBATEBIQEg81EBIQEg8TDxMQEg8TDxMQEg8TDxMPEw81EBIRNA8TEDQPExA0EBIPEw81DxMPEw8ADQUAAAAAAAAAAA==",
        "26": "JgBAAG4AAUUQNBASDxMPExA0EBIQEg8TEBIQEg8TDxMPEw8TDxMPEw81DxMPNRA0EDQQEg80ERIQEhAzEBMPNQ8ADQUAAAAAAAAAAA==",
        "27": "JgBAAG0AAUUQNRASEBIQEg81EBIQEhASEBIQEhASDxMQEhASEBIQEg81EDQPExASEDQQExA0EBEQEw80ETMQEhAADQUAAAAAAAAAAA==",
        "28": "JgBAAG4AAUQPNRESEBIPEw80EBMQEhAREBIQEhASEBMQEREREBIQEhA0DzUQEhA0EDQQEhA0DxMQEhA0EDQRNBAADQUAAAAAAAAAAA==",
        "29": "JgBAAG0AAUURNBASEBIQEhA0ERIQEhASEBIQEhASEBIQEhASEBIPExA0EDQQNQ8TDzUPExA0EBIQNBASDxMQEhAADQUAAAAAAAAAAA==",
        "30": "JgBAAG0AAUUQNQ8TDxIRERA0ERIQEg8TDxMPEw8SEBMPExASDxIRERA0EDQRNBA0EDQREg80EREQNQ8TDxMPNRAADQUAAAAAAAAAAA=="
      },
      "highest": {
        "18": "JgBAAGkAAUUQNQ8TDxMPEw81EBIQEhASDxMQEg8TEBIPEw8TDxIQEhASEBIQNA81DxMQNQ8TDxMQEg81ETQQNA8ADQUAAAAAAAAAAA==",
        "19": "JgBAAGkAAUUQNQ8TEBIQEhA0EBIQEhASDxMQEg8TEBIQEhASEBIPExASDzUQEhASEBIPNQ8TDxMPNRASDxQQEhAADQUAAAAAAAAAAA==",
        "20": "JgBAAGkAAUUQNRASDxMQEhA0DxMQEhATEBEQEhEREBMQERASEBIQEw8TDzUPEw80ERIQNA8TEBIQNQ8TEBIPNRAADQUAAAAAAAAAAA==",
        "21": "JgBAAGgAAUYQNQ8TEBIQEg81DxMQEg8TDxMPExASEBIPExASDxMQEhASDzQRNA8SEBIQNBESDxMPNRASEDQQEg8ADQUAAAAAAAAAAA==",
        "22": "JgBAAGkAAUUQNRASDxMPEw81DxMQEg8TDxMPEw8TDxMPExASDxMPEw8SETMQNBA1EBIQMxEREREQNBASEDUQMxEADQUAAAAAAAAAAA==",
        "23": "JgBAAGoAAUUQNQ8TDxMQEg81EBIQEg8TDxMPEw8TDxMQEg8TEBIPExA0DxMQEhASEBIPNQ8TDxMPNRA0EBIQEhAADQUAAAAAAAAAAA==",
        "24": "JgBAAGoAAUQRNBEREBIPEw81DxMQEhEREBIQEhASDxMQEhASEBIQEg81DxMPExA0EBIQNBESDxIRMxA1EBERMxEADQUAAAAAAAAAAA==",
        "25": "JgBAAGoAAUUPNhAREBIRERA0EBMPEw8TEBIQEg8TDxMQEhASDxMPEw81EBMQMxEREBIQNRASEBIPNRE0EDQPExAADQUAAAAAAAAAAA==",
        "26": "JgBAAG0AAUYPNBESEBIQEhA0EBIQEhESDxMPExASDxMQEg8SEBIREhAzEBMQNA80EBMPNRASEBIQNA81EDUQNBAADQUAAAAAAAAAAA==",
        "27": "JgBAAG4AAUQQNBESDxMQEg80ERIPEw8TEBERERASEBMPExAREREQEhA0EDQRERASEBIQNQ8TEBIPExASEREQEhAADQUAAAAAAAAAAA==",
        "28": "JgBAAG0AAUQQNRASDxMQEhA0EBIPEw8TDxMPEw8TDxMPEhASEBIQEw80ETQQEg80EhEQNBASEBIQEhASEBIPNRAADQUAAAAAAAAAAA==",
        "29": "JgBAAG0AAUUQNBATDxMQEg81EBIQEg8TDxMQEhASEBIQEg8TDxMPEw81EDQPNQ8TDxMPNRASDxMPExASDzUPEw8ADQUAAAAAAAAAAA==",
        "30": "JgBAAGwAAUURNBEREBIPExA0EBIQEhASEBIQEhASEBIQEhASEBIQEg81EDQQNRAzERIQNA8TDxMPEw8TEDQPNRAADQUAAAAAAAAAAA=="
      }
    },
    "heat": {
      "auto": {
        "18": "JgBAAGoAAUQQNRESEBIQEhA0EBIQEhASERERERERERIQEREzEREQEhASEBIQNBEzERIQNBASEDQQNBA0EBEREhEADQUAAAAAAAAAAA==",
        "19": "JgBAAGoAAUQQNRESEBIQEhA0EBIQEhASERERERASEBIREREzEBIQEhASEDQRERESEBERMxERETQQMxA1EBIRNBAADQUAAAAAAAAAAA==",
        "20": "JgBAAGwAAUITMRMQEw8TDxMxEw8TDxMPEhASEBIQEhASEBIyEhEREREQEjITDxMxExASMhIPEzISMhIzEjETEBIADQUAAAAAAAAAAA==",
        "21": "JgBAAGwAAUITMhMQEhASEBIyEhASEBIREREREREQEhEREREyEw8SEBIQEjMRMhMQEhASMhERETMRMxEzEzESMxEADQUAAAAAAAAAAA==",
        "22": "JgBAAGsAAUMSMhMQEhEREREyEw8SEBIQEhASEBIQEhASEBIyEhASEBIQETMSMhIyEhASMhMQETMRERERERASEBIADQUAAAAAAAAAAA==",
        "23": "JgBAAGwAAUMSMhIRERERERIzERERERERERERERERERERERIyEhEREBIyEhASEBIQEhASMhIQEjIRERERERERMxEADQUAAAAAAAAAAA==",
        "24": "JgBAAGwAAUMUMRIQEhEREREzEhASEBIQEhERERERERASEREzERATEBIyEhASEBIyEhASMhIQEjISEREQEjISEREADQUAAAAAAAAAAA==",
        "25": "JgBAAGsAAUMSMxIREREREBIzEREREREREhASEBERERESEBIyEREREREzERERMxERERERMxERETMRERIQEjISMhIADQUAAAAAAAAAAA==",
        "26": "JgBAAHIAAUATMxIQEhASDxMxExASDxMPEw8TDxMPEhASEBIyERETDxMxExASMhIyEhASMhMQEDQTEBIxExASEBEADQUAAAAAAAAAAA==",
        "27": "JgBAAG8AAUMRMxIRERESEBEzEhEREREQEhASEBIQEhEREREzEhASEBIyEjISEBERERESMhEREjISEBIyEhASMhIADQUAAAAAAAAAAA==",
        "28": "JgBAAHEAAUESMxIQEhASEBIyExASDxMPEw8TDxMPEw8TDxMxExASEBIyEjISEBMxEw8TMRMQEjETEBEyEzISERIADQUAAAAAAAAAAA==",
        "29": "JgBAAG8AAUMRNBIQEhASEBIyExASEBIPEw8TDxMPExASDxIzEhASEBIyEjITMRMQEhASMRMQEjETEBEyEzMRMhMADQUAAAAAAAAAAA==",
        "30": "JgBAAHEAAUITMhIQDxMTEBIyEhASEBIQEhASEBIQEhAPFBIyEhASEBIyEjISMRA1EhASMg8UEjETMhIQEhASDxMADQUAAAAAAAAAAA=="
      },
      "silent": {
        "18": "JgBAAGoAAUMSMxATDxMPEw81DxMPEw8TDxMPEhASEBIQEw80EBIQEw8SEBIPNRA0EBMPEhIREBMPEhA1DzUPNQ8ADQUAAAAAAAAAAA==",
        "19": "JgBAAGgAAUUQNBESEBMQERE0EBEREhASEBIQEhASEBEQExEzERIQEhASEDMREREREREQEhESEBIQNBASEBIQEhAADQUAAAAAAAAAAA==",
        "20": "JgBAAGkAAUQQNRESEBIQEhAzERIQEhASEBIQEhASEBIQEhA0EBIQEhASEDQQERE0EBIQEhASEBIQNBARERIQNBAADQUAAAAAAAAAAA==",
        "21": "JgBAAGoAAUQRNBESEBIQEhAzEBQPEhASEBIQEhASEBIQEhA0EBIQEhASEDQQNBASEBIREREREBIQNBASEDQQEhAADQUAAAAAAAAAAA==",
        "22": "JgBAAGoAAUQSMxEREREQExA1EBEQExASEBIQEhASEBEQEhE0ERERERERETMQNBA0EBIQEhEREREQNBERETMQNBEADQUAAAAAAAAAAA==",
        "23": "JgBAAGoAAUQTMxAREBMQEhAzERIQEhASEREQExASEBEREhA0EBIQEhEzEREQEhASEBIQEhASEBIQNBA0EhAQExAADQUAAAAAAAAAAA==",
        "24": "JgBAAGwAAUISMhIREhASDxMyEhASEBIQEhASEREQEhASEREyEhEREBIyEw8TEBIyEhAREREREhASMhIyEhASMhIADQUAAAAAAAAAAA==",
        "25": "JgBAAGkAAUQQNRESEBIQEhAzERIQEhASEBIQEhASEBIQEhA0EBIQEhA0EBERMxEREBIREREREREQNBE0EDQQEhAADQUAAAAAAAAAAA==",
        "26": "JgBAAG0AAUUSMhEREBIQExA1EBEQExASEBIQEhASEBEQEhE0EREREREzERERMxA0EREQEhERERERMxEzETMRNBAADQUAAAAAAAAAAA==",
        "27": "JgBAAG8AAUMQNBATEBIQEhA0EREREhAREREREREREBIRERE0EBIQERA1EDQQEhESEBIQERERERERERATEBIQEhAADQUAAAAAAAAAAA==",
        "28": "JgBAAG0AAUURNBARERIQEhA0EBIQEhARERIQEhATEBIRERA0EBIQEhA0EDQQEhA0EBEREhASEBIQEhASEBIQNBAADQUAAAAAAAAAAA==",
        "29": "JgBAAG4AAUUPNRATEBEREREzEBIRERERERIQEhASEBEQExA0EBEREhA0EDQRMxATEBEQExASEBIQEhASEDQQEhAADQUAAAAAAAAAAA==",
        "30": "JgBAAG4AAUQRNBERERIQERE0EBIQEhEREBMQEhASEBEQExA0EBEREhA0EDQQNBE0EBIQEhARERIQEhASETQQNBEADQUAAAAAAAAAAA=="
      },
      "low": {
        "18": "JgBAAGoAAUQRNBASEBIRERA0ERERERASEBIRERATEBMQEREzERERERASEBIQNBA0EDQQERESEDQQEhASEBIQEhAADQUAAAAAAAAAAA==",
        "19": "JgBAAGgAAUYQNBESEBIQEhA0ERERERASERIQEhASEBEREREzEREQExASEDQQERERETMRERASETQQERERERERMxAADQUAAAAAAAAAAA==",
        "20": "JgBAAGoAAUUQNBESEBIQEhA1EBEQExASEBIQEhASEBIQEhA0EBIQERESEDQQEhA0ETMREhASEDQQERESEDMREREADQUAAAAAAAAAAA==",
        "21": "JgBAAGgAAUYRNBEREBIREREzEBIQExASEBIQExASEBEQExA0EBEREhASEDQQNBASEDMREhASEDQQEhASEDQQNBAADQUAAAAAAAAAAA==",
        "22": "JgBAAGoAAUQQNBESERERERA0EBIRERASEBIQEhASEBEREhA0EBEREhASEDQQNBA0EDQQEhASEDQQEhA0EBIQEhAADQUAAAAAAAAAAA==",
        "23": "JgBAAGgAAUYQNBIREBIQExAzERERERASEBIQEhASEBIQEhA0EBEREhA0EBIQEhASEDQQEhASETQQEhAzERIQMxEADQUAAAAAAAAAAA==",
        "24": "JgBAAGsAAUQPNREREBMQEhA0EBIQEhASEBERERERERERERA0EBIRERA0EBIQEhA0EDMREhASEDQRERE0EDQQEhAADQUAAAAAAAAAAA==",
        "25": "JgBAAGoAAUQQNRESEBIQEhA0EBIQEhASEBIQEREREREQExAzERERERA0EBIQNRASEDQQEhASEDQQEhA0EDQRNBAADQUAAAAAAAAAAA==",
        "26": "JgBAAGwAAUYPNBESEREQEhA0EBIQEhASEBIQEhASEBEQExA0EBEREhA0EBIQNBA0EDQQEhASEDQQNBASEBIQExAADQUAAAAAAAAAAA==",
        "27": "JgBAAG0AAUUPNRASEREREREzERIQEhARERIQEhASEBIQEhA0EBIQEhA0EDQQERESEDQQEhASEDQQNBASEBIQNBAADQUAAAAAAAAAAA==",
        "28": "JgBAAG4AAUQPNRESEBIREREzEBIQEhASEBIQEhASEBEQExA0EBIQEhA0EDMREhA0EDUQERATEDQQNBASEDQQEREADQUAAAAAAAAAAA==",
        "29": "JgBAAG4AAUQPNRASEBIQEhA0EBEREhASEBIQEhASEBIQEhA0EBEQExA0EDMRNBESEDMQExAREDUTMhATEDQQMxEADQUAAAAAAAAAAA==",
        "30": "JgBAAG8AAUMSMxIQEhASEBIzERIQEhAREhEREBIQEhASEREyERESEREzETIRNBE0EDQRERASETMQNBA0EBIQEhAADQUAAAAAAAAAAA=="
      },
      "medium": {
        "18": "JgBAAGkAAUUQNREREBIQExA0EBIQEhASEBIQERERERIQEhAzEREQExASEBERNBA0EBIQEhA0EBERNBAREBMQNBAADQUAAAAAAAAAAA==",
        "19": "JgBAAGkAAUYQNBMPERIQEhEzEBIQEhASEBIQEhASEBIQEhA0EBEQExASEDQQEhASEBIQEhA0EBIQNBEREDQREREADQUAAAAAAAAAAA==",
        "20": "JgBAAGkAAUQRNBESEBIQEhAzERIQERATEBIQEhASEBIQEhA0EBEREhASETQQEhA0EBIQEhA0EBERNBATEDMRNBAADQUAAAAAAAAAAA==",
        "21": "JgBAAGoAAUQPNRESEBIQEhAzERIQEhASEBIQEhASEBIQEhA0EBIQEhASEDQQMxESEBIQEhA0EBERNBA0EBIQEhAADQUAAAAAAAAAAA==",
        "22": "JgBAAGoAAUUPNBESEBIQEhA0EBIQEhASEBMQEhAREREQExAzEREQExASEDQQNBA0EREQExAzERERNBAzERIQNBAADQUAAAAAAAAAAA==",
        "23": "JgBAAGoAAUQPNBESEBMQERE0EBEQExASEBIQEhASEBEQExA1EBIQEhA0EBIQEREREREREhA0EBIQMxE0EDQREREADQUAAAAAAAAAAA==",
        "24": "JgBAAGkAAUQQNRESEBIQEhAzERIQERATEBIQEhASEBIQEhA0EBEQExA0ERIQEhEzEBIQEhA0EBERNBA1EDQQNBAADQUAAAAAAAAAAA==",
        "25": "JgBAAGoAAUMQNBESEBIQEhA0EBEQExASEBIQEhASEBIQEREzEREQExA0EBERNBARERIQEhA0EBIQEhASEBIQEREADQUAAAAAAAAAAA==",
        "26": "JgBAAG4AAUQQNBATEBIQEhA0EBIQEhASEBIQEhASEBIRERA0EBIREhA0EBEQNRAzERIREREzEBIQEhASEBERNBAADQUAAAAAAAAAAA==",
        "27": "JgBAAG4AAUQRNBERERIQERE0EBIQEhERERIQEhASEBEQExA0EBEREhA0EDQQEhASEBMQEhA0EBIQEhASEDQQEhAADQUAAAAAAAAAAA==",
        "28": "JgBAAG4AAUQPNRESEBIQEREzERIQERATEBIQEhASEBIQEhA0EBEQExA0ETQQEhA0EBMQEREzEREQEhERETMQNRAADQUAAAAAAAAAAA==",
        "29": "JgBAAG4AAUURNBARERIQEhA1EBIQEhASEBIRERASEBIQEhEzEBIQExA0EDMQNRASEBIQEhEzEBIQEhA0EREQEhAADQUAAAAAAAAAAA==",
        "30": "JgBAAG4AAUQPNRESEBIQEhA0EBIQEhEREBIQEhASEBIQEhA0ERIQERA1EDMQNRA0EREQEhEzEREQEhE0EBEQNREADQUAAAAAAAAAAA=="
      },
      "high": {
        "18": "JgBAAGsAAUQPNRESEBIQEhAzERIQEhASEBIQEhASEBIQEhA0EBIQEhARERERNBAzEDQREhA0EBMQEhASEBERMxEADQUAAAAAAAAAAA==",
        "19": "JgBAAGoAAUQQNBESEBIQEhA0EBIREhAREBMQEhASEBIQEhA0EBIQERERETQQERATEDQRERA0EREQExARETQQEhAADQUAAAAAAAAAAA==",
        "20": "JgBAAGoAAUQSNBARERIQEhA0EREQExASEBEREhASEBIQEhA0EREREhASEDQQEhA0EDMQExAzERIQEhARETQQMxEADQUAAAAAAAAAAA==",
        "21": "JgBAAGoAAUQRNBERERERERE0EBIQEREREBIQExEREBMQEhA0EBERERERETMQNBASETMRERA1EREQExA0EBEREhAADQUAAAAAAAAAAA==",
        "22": "JgBAAGoAAUUPNREREBMQEhA0EBIQEhASEBIQEREREREREREzEBIRERASEDUQMxA1EDQREhA0EBEQExAzERIRNBAADQUAAAAAAAAAAA==",
        "23": "JgBAAGsAAUQPNRESEBIQEREzERIQERERERERERASEBIQEhEzEBIREREzEBIQEhASEDQRERA1EBEREhA0EDQQExAADQUAAAAAAAAAAA==",
        "24": "JgBAAGoAAUUPNRASEBIQEhA0EBIREhAREBMQEhASEBIQEhA0EBIQEhAzEREREREzEDQQEhA0EBIQEhEzEDUQMxEADQUAAAAAAAAAAA==",
        "25": "JgBAAGoAAUQPNRESEBIQEhAzEBMQEhASEBIQEhASEBIQEhA0EBIQEhAzERERMxERETMRERA1EBIQNBASEBIQEhAADQUAAAAAAAAAAA==",
        "26": "JgBAAG4AAUQPNBESERERERA0EBIRERATEBIQEhASEBIQEhA0EBEQEhE0ERIQNBA0EjIRERA1EBIQNBASEBIQNBAADQUAAAAAAAAAAA==",
        "27": "JgBAAG8AAUQPNBESEBIQEhA1EBEQExASEBIQEhASEBIQEhA0EhAQEhA0EDQSERASEDQQEhA0Eg8QNRASEDQRERAADQUAAAAAAAAAAA==",
        "28": "JgBAAG4AAUQPNBESEREQEhA0EBIRERATEBIQEhASEBIQEhA0EBEQEhE0ETQQEhA0ETMRERA1EBIQNBASEDMRMxEADQUAAAAAAAAAAA==",
        "29": "JgBAAG0AAUUQNRASERERERE0DxIREREREBMQEhASEBEQExA0EBEQExA0ETMQNBESEDMREhA0EBIQNRA1EBIQERAADQUAAAAAAAAAAA==",
        "30": "JgBAAG4AAUQQNBMQEBIQEhAzERIRERASEBIQEhASEBIQEhA0EBIQEhA0EDQQNBA0EDQQEhAzERIQNBA0EBIQMxEADQUAAAAAAAAAAA=="
      },
      "highest": {
        "18": "JgBAAGsAAUURNBARERIQEhA0EBIQEhASEBIQEhATEREREREzEBIQEhASEBIQNBA0EBIQMxEREBMQNBASEDQQNBAADQUAAAAAAAAAAA==",
        "19": "JgBAAGoAAUQSNBAREBMQEhA0EBIQEhAREBMQEhASEBMQEhA0EBIQEhASEDMREREREREQNRAREBMQNBA0ERERERAADQUAAAAAAAAAAA==",
        "20": "JgBAAGsAAUQRNBASEREREREzEREREREREBIQEhESEBMQEhAzERERERASEDQQEhA0EBIQMxERERIQNBEzEBIQNBAADQUAAAAAAAAAAA==",
        "21": "JgBAAGoAAUURNBAREBMQEhA0EBIQEhARERIQEhERERIQEhA0EBIQEhASEDQQNBASEBEQNRESEBERNBA0EDQQEhEADQUAAAAAAAAAAA==",
        "22": "JgBAAGkAAUUSMxEREREQExA1EBEQExASEBIQEhAREREQEhA1ERERERERETMQNBA0EREQNRASEBERNBA0EDQQMxEADQUAAAAAAAAAAA==",
        "23": "JgBAAGoAAUURNBAREBMQEhA0EBIQEhAREBMQEhASEBMQEhA0EBIQEhA0EBEREREREREQNRAREBMQEhASEBIQEhAADQUAAAAAAAAAAA==",
        "24": "JgBAAGsAAUQRNBASEBIQEhA0ERERERASEBIRERATEBMQEREzEREQEhA0EBIQEhA0EBIQMxASEBMQEhASEBIQNBAADQUAAAAAAAAAAA==",
        "25": "JgBAAGkAAUURNBASEREREhE0EBEQExASEBIQEREREREQEhE0EBIREREzEBIQNBASEBERNBARERIQEhASEDQQEhAADQUAAAAAAAAAAA==",
        "26": "JgBAAG8AAUQQNBESEBEREhA0EBIQEhASEBIRERERERERERA0EBIQExAzERERMxA1EBIQMxERERERERASEDQRNBAADQUAAAAAAAAAAA==",
        "27": "JgBAAG4AAUQQNBESEBIQEhA0EBIREhAREBMQEhASEBIQEhA0EBIQEREzETMQEhERERERMxEREREREREzEREREREADQUAAAAAAAAAAA==",
        "28": "JgBAAG4AAUQQNRESEBIQEhA0EBIQEhASEBIRERASEBIREREzEBIQEhA0EDQQERA1EBIQNBERERIQEhA0EBIQMxAADQUAAAAAAAAAAA==",
        "29": "JgBAAG0AAUUPNRASEREREREzEBIREREREREQEhASEBIQEhEzEBIQEhEzEDQRMxASEBIQNBASEBIQEhA0EDQRERAADQUAAAAAAAAAAA==",
        "30": "JgBAAG0AAUUSNBAREBMQEhA0EBIQEhARERIQEhATEBIQEhA0EBIQEhA0EDQQNBAzEBMQNBESEBIQEhA0EDQQNBAADQUAAAAAAAAAAA=="
      }
    },
    "dry": {
      "auto": {
        "18": "JgBAAHIAAUMTMRIREhAREREzEREREREREREREREREREREBIRERERMhIyEhEREBIzERERMhIQEjISMhIzETMTMRIADQUAAAAAAAAAAA==",
        "19": "JgBAAHIAAUMTMRIREhAREREzEREREREREREREREREREREBIRERERMhIyEhEREBIzERERMhIQEjISMhIzETMTMRIADQUAAAAAAAAAAA==",
        "20": "JgBAAHIAAUMTMRIREhAREREzEREREREREREREREREREREBIRERERMhIyEhEREBIzERERMhIQEjISMhIzETMTMRIADQUAAAAAAAAAAA==",
        "21": "JgBAAHIAAUMTMRIREhAREREzEREREREREREREREREREREBIRERERMhIyEhEREBIzERERMhIQEjISMhIzETMTMRIADQUAAAAAAAAAAA==",
        "22": "JgBAAHIAAUMTMRIREhAREREzEREREREREREREREREREREBIRERERMhIyEhEREBIzERERMhIQEjISMhIzETMTMRIADQUAAAAAAAAAAA==",
        "23": "JgBAAHIAAUMTMRIREhAREREzEREREREREREREREREREREBIRERERMhIyEhEREBIzERERMhIQEjISMhIzETMTMRIADQUAAAAAAAAAAA==",
        "24": "JgBAAHIAAUMTMRIREhAREREzEREREREREREREREREREREBIRERERMhIyEhEREBIzERERMhIQEjISMhIzETMTMRIADQUAAAAAAAAAAA==",
        "25": "JgBAAHIAAUMTMRIREhAREREzEREREREREREREREREREREBIRERERMhIyEhEREBIzERERMhIQEjISMhIzETMTMRIADQUAAAAAAAAAAA==",
        "26": "JgBAAHIAAUMTMRIREhAREREzEREREREREREREREREREREBIRERERMhIyEhEREBIzERERMhIQEjISMhIzETMTMRIADQUAAAAAAAAAAA==",
        "27": "JgBAAHIAAUMTMRIREhAREREzEREREREREREREREREREREBIRERERMhIyEhEREBIzERERMhIQEjISMhIzETMTMRIADQUAAAAAAAAAAA==",
        "28": "JgBAAHIAAUMTMRIREhAREREzEREREREREREREREREREREBIRERERMhIyEhEREBIzERERMhIQEjISMhIzETMTMRIADQUAAAAAAAAAAA==",
        "29": "JgBAAHIAAUMTMRIREhAREREzEREREREREREREREREREREBIRERERMhIyEhEREBIzERERMhIQEjISMhIzETMTMRIADQUAAAAAAAAAAA==",
        "30": "JgBAAHIAAUMTMRIREhAREREzEREREREREREREREREREREBIRERERMhIyEhEREBIzERERMhIQEjISMhIzETMTMRIADQUAAAAAAAAAAA=="
      },
      "silent": {
        "18": "JgBAAHAAAUMPNRESEBIQEhA0EBEQEhESEBIQEhASEBIQEhASEBIQNBAzERIQEhEzEREREhASEBIQNBASEDQQEhAADQUAAAAAAAAAAA==",
        "19": "JgBAAHAAAUMPNRESEBIQEhA0EBEQEhESEBIQEhASEBIQEhASEBIQNBAzERIQEhEzEREREhASEBIQNBASEDQQEhAADQUAAAAAAAAAAA==",
        "20": "JgBAAHAAAUMPNRESEBIQEhA0EBEQEhESEBIQEhASEBIQEhASEBIQNBAzERIQEhEzEREREhASEBIQNBASEDQQEhAADQUAAAAAAAAAAA==",
        "21": "JgBAAHAAAUMPNRESEBIQEhA0EBEQEhESEBIQEhASEBIQEhASEBIQNBAzERIQEhEzEREREhASEBIQNBASEDQQEhAADQUAAAAAAAAAAA==",
        "22": "JgBAAHAAAUMPNRESEBIQEhA0EBEQEhESEBIQEhASEBIQEhASEBIQNBAzERIQEhEzEREREhASEBIQNBASEDQQEhAADQUAAAAAAAAAAA==",
        "23": "JgBAAHAAAUMPNRESEBIQEhA0EBEQEhESEBIQEhASEBIQEhASEBIQNBAzERIQEhEzEREREhASEBIQNBASEDQQEhAADQUAAAAAAAAAAA==",
        "24": "JgBAAHAAAUMPNRESEBIQEhA0EBEQEhESEBIQEhASEBIQEhASEBIQNBAzERIQEhEzEREREhASEBIQNBASEDQQEhAADQUAAAAAAAAAAA==",
        "25": "JgBAAHAAAUMPNRESEBIQEhA0EBEQEhESEBIQEhASEBIQEhASEBIQNBAzERIQEhEzEREREhASEBIQNBASEDQQEhAADQUAAAAAAAAAAA==",
        "26": "JgBAAHAAAUMPNRESEBIQEhA0EBEQEhESEBIQEhASEBIQEhASEBIQNBAzERIQEhEzEREREhASEBIQNBASEDQQEhAADQUAAAAAAAAAAA==",
        "27": "JgBAAHAAAUMPNRESEBIQEhA0EBEQEhESEBIQEhASEBIQEhASEBIQNBAzERIQEhEzEREREhASEBIQNBASEDQQEhAADQUAAAAAAAAAAA==",
        "28": "JgBAAHAAAUMPNRESEBIQEhA0EBEQEhESEBIQEhASEBIQEhASEBIQNBAzERIQEhEzEREREhASEBIQNBASEDQQEhAADQUAAAAAAAAAAA==",
        "29": "JgBAAHAAAUMPNRESEBIQEhA0EBEQEhESEBIQEhASEBIQEhASEBIQNBAzERIQEhEzEREREhASEBIQNBASEDQQEhAADQUAAAAAAAAAAA==",
        "30": "JgBAAHAAAUMPNRESEBIQEhA0EBEQEhESEBIQEhASEBIQEhASEBIQNBAzERIQEhEzEREREhASEBIQNBASEDQQEhAADQUAAAAAAAAAAA=="
      },
      "low": {
        "18": "JgBAAG8AAUQRNBAREBIQExA0EBIQEhASEBIQEhASEBIQERATEBIQNBA0EBIQERA1EDQQEhASEDUQEhASEDQQNBAADQUAAAAAAAAAAA==",
        "19": "JgBAAG8AAUQRNBAREBIQExA0EBIQEhASEBIQEhASEBIQERATEBIQNBA0EBIQERA1EDQQEhASEDUQEhASEDQQNBAADQUAAAAAAAAAAA==",
        "20": "JgBAAG8AAUQRNBAREBIQExA0EBIQEhASEBIQEhASEBIQERATEBIQNBA0EBIQERA1EDQQEhASEDUQEhASEDQQNBAADQUAAAAAAAAAAA==",
        "21": "JgBAAG8AAUQRNBAREBIQExA0EBIQEhASEBIQEhASEBIQERATEBIQNBA0EBIQERA1EDQQEhASEDUQEhASEDQQNBAADQUAAAAAAAAAAA==",
        "22": "JgBAAG8AAUQRNBAREBIQExA0EBIQEhASEBIQEhASEBIQERATEBIQNBA0EBIQERA1EDQQEhASEDUQEhASEDQQNBAADQUAAAAAAAAAAA==",
        "23": "JgBAAG8AAUQRNBAREBIQExA0EBIQEhASEBIQEhASEBIQERATEBIQNBA0EBIQERA1EDQQEhASEDUQEhASEDQQNBAADQUAAAAAAAAAAA==",
        "24": "JgBAAG8AAUQRNBAREBIQExA0EBIQEhASEBIQEhASEBIQERATEBIQNBA0EBIQERA1EDQQEhASEDUQEhASEDQQNBAADQUAAAAAAAAAAA==",
        "25": "JgBAAG8AAUQRNBAREBIQExA0EBIQEhASEBIQEhASEBIQERATEBIQNBA0EBIQERA1EDQQEhASEDUQEhASEDQQNBAADQUAAAAAAAAAAA==",
        "26": "JgBAAG8AAUQRNBAREBIQExA0EBIQEhASEBIQEhASEBIQERATEBIQNBA0EBIQERA1EDQQEhASEDUQEhASEDQQNBAADQUAAAAAAAAAAA==",
        "27": "JgBAAG8AAUQRNBAREBIQExA0EBIQEhASEBIQEhASEBIQERATEBIQNBA0EBIQERA1EDQQEhASEDUQEhASEDQQNBAADQUAAAAAAAAAAA==",
        "28": "JgBAAG8AAUQRNBAREBIQExA0EBIQEhASEBIQEhASEBIQERATEBIQNBA0EBIQERA1EDQQEhASEDUQEhASEDQQNBAADQUAAAAAAAAAAA==",
        "29": "JgBAAG8AAUQRNBAREBIQExA0EBIQEhASEBIQEhASEBIQERATEBIQNBA0EBIQERA1EDQQEhASEDUQEhASEDQQNBAADQUAAAAAAAAAAA==",
        "30": "JgBAAG8AAUQRNBAREBIQExA0EBIQEhASEBIQEhASEBIQERATEBIQNBA0EBIQERA1EDQQEhASEDUQEhASEDQQNBAADQUAAAAAAAAAAA=="
      },
      "medium": {
        "18": "JgBAAG8AAUQPNBESEREQEhA0EBIRERASEBIQEhASEBIQERESEBIQNBAzERIQEhA0EBIQEhA0EBIQNBA0EBIQEREADQUAAAAAAAAAAA==",
        "19": "JgBAAG8AAUQPNBESEREQEhA0EBIRERASEBIQEhASEBIQERESEBIQNBAzERIQEhA0EBIQEhA0EBIQNBA0EBIQEREADQUAAAAAAAAAAA==",
        "20": "JgBAAG8AAUQPNBESEREQEhA0EBIRERASEBIQEhASEBIQERESEBIQNBAzERIQEhA0EBIQEhA0EBIQNBA0EBIQEREADQUAAAAAAAAAAA==",
        "21": "JgBAAG8AAUQPNBESEREQEhA0EBIRERASEBIQEhASEBIQERESEBIQNBAzERIQEhA0EBIQEhA0EBIQNBA0EBIQEREADQUAAAAAAAAAAA==",
        "22": "JgBAAG8AAUQPNBESEREQEhA0EBIRERASEBIQEhASEBIQERESEBIQNBAzERIQEhA0EBIQEhA0EBIQNBA0EBIQEREADQUAAAAAAAAAAA==",
        "23": "JgBAAG8AAUQPNBESEREQEhA0EBIRERASEBIQEhASEBIQERESEBIQNBAzERIQEhA0EBIQEhA0EBIQNBA0EBIQEREADQUAAAAAAAAAAA==",
        "24": "JgBAAG8AAUQPNBESEREQEhA0EBIRERASEBIQEhASEBIQERESEBIQNBAzERIQEhA0EBIQEhA0EBIQNBA0EBIQEREADQUAAAAAAAAAAA==",
        "25": "JgBAAG8AAUQPNBESEREQEhA0EBIRERASEBIQEhASEBIQERESEBIQNBAzERIQEhA0EBIQEhA0EBIQNBA0EBIQEREADQUAAAAAAAAAAA==",
        "26": "JgBAAG8AAUQPNBESEREQEhA0EBIRERASEBIQEhASEBIQERESEBIQNBAzERIQEhA0EBIQEhA0EBIQNBA0EBIQEREADQUAAAAAAAAAAA==",
        "27": "JgBAAG8AAUQPNBESEREQEhA0EBIRERASEBIQEhASEBIQERESEBIQNBAzERIQEhA0EBIQEhA0EBIQNBA0EBIQEREADQUAAAAAAAAAAA==",
        "28": "JgBAAG8AAUQPNBESEREQEhA0EBIRERASEBIQEhASEBIQERESEBIQNBAzERIQEhA0EBIQEhA0EBIQNBA0EBIQEREADQUAAAAAAAAAAA==",
        "29": "JgBAAG8AAUQPNBESEREQEhA0EBIRERASEBIQEhASEBIQERESEBIQNBAzERIQEhA0EBIQEhA0EBIQNBA0EBIQEREADQUAAAAAAAAAAA==",
        "30": "JgBAAG8AAUQPNBESEREQEhA0EBIRERASEBIQEhASEBIQERESEBIQNBAzERIQEhA0EBIQEhA0EBIQNBA0EBIQEREADQUAAAAAAAAAAA=="
      },
      "high": {
        "18": "JgBAAG4AAUUQNRATDxMQEhA0ERERERATEBIQERATEBIQERESERERMxA0ERERERA0ETMQExAzEREQExA0EBIQEhAADQUAAAAAAAAAAA==",
        "19": "JgBAAG4AAUUQNRATDxMQEhA0ERERERATEBIQERATEBIQERESERERMxA0ERERERA0ETMQExAzEREQExA0EBIQEhAADQUAAAAAAAAAAA==",
        "20": "JgBAAG4AAUUQNRATDxMQEhA0ERERERATEBIQERATEBIQERESERERMxA0ERERERA0ETMQExAzEREQExA0EBIQEhAADQUAAAAAAAAAAA==",
        "21": "JgBAAG4AAUUQNRATDxMQEhA0ERERERATEBIQERATEBIQERESERERMxA0ERERERA0ETMQExAzEREQExA0EBIQEhAADQUAAAAAAAAAAA==",
        "22": "JgBAAG4AAUUQNRATDxMQEhA0ERERERATEBIQERATEBIQERESERERMxA0ERERERA0ETMQExAzEREQExA0EBIQEhAADQUAAAAAAAAAAA==",
        "23": "JgBAAG4AAUUQNRATDxMQEhA0ERERERATEBIQERATEBIQERESERERMxA0ERERERA0ETMQExAzEREQExA0EBIQEhAADQUAAAAAAAAAAA==",
        "24": "JgBAAG4AAUUQNRATDxMQEhA0ERERERATEBIQERATEBIQERESERERMxA0ERERERA0ETMQExAzEREQExA0EBIQEhAADQUAAAAAAAAAAA==",
        "25": "JgBAAG4AAUUQNRATDxMQEhA0ERERERATEBIQERATEBIQERESERERMxA0ERERERA0ETMQExAzEREQExA0EBIQEhAADQUAAAAAAAAAAA==",
        "26": "JgBAAG4AAUUQNRATDxMQEhA0ERERERATEBIQERATEBIQERESERERMxA0ERERERA0ETMQExAzEREQExA0EBIQEhAADQUAAAAAAAAAAA==",
        "27": "JgBAAG4AAUUQNRATDxMQEhA0ERERERATEBIQERATEBIQERESERERMxA0ERERERA0ETMQExAzEREQExA0EBIQEhAADQUAAAAAAAAAAA==",
        "28": "JgBAAG4AAUUQNRATDxMQEhA0ERERERATEBIQERATEBIQERESERERMxA0ERERERA0ETMQExAzEREQExA0EBIQEhAADQUAAAAAAAAAAA==",
        "29": "JgBAAG4AAUUQNRATDxMQEhA0ERERERATEBIQERATEBIQERESERERMxA0ERERERA0ETMQExAzEREQExA0EBIQEhAADQUAAAAAAAAAAA==",
        "30": "JgBAAG4AAUUQNRATDxMQEhA0ERERERATEBIQERATEBIQERESERERMxA0ERERERA0ETMQExAzEREQExA0EBIQEhAADQUAAAAAAAAAAA=="
      },
      "highest": {
        "18": "JgBAAG8AAUQRNBARERIQEhE0EBIQEhASEBEREhASEBMRERASEBIQNBEzEBMQEhA0EBERMxATEBIQNBA0EDQQExAADQUAAAAAAAAAAA==",
        "19": "JgBAAG8AAUQRNBARERIQEhE0EBIQEhASEBEREhASEBMRERASEBIQNBEzEBMQEhA0EBERMxATEBIQNBA0EDQQExAADQUAAAAAAAAAAA==",
        "20": "JgBAAG8AAUQRNBARERIQEhE0EBIQEhASEBEREhASEBMRERASEBIQNBEzEBMQEhA0EBERMxATEBIQNBA0EDQQExAADQUAAAAAAAAAAA==",
        "21": "JgBAAG8AAUQRNBARERIQEhE0EBIQEhASEBEREhASEBMRERASEBIQNBEzEBMQEhA0EBERMxATEBIQNBA0EDQQExAADQUAAAAAAAAAAA==",
        "22": "JgBAAG8AAUQRNBARERIQEhE0EBIQEhASEBEREhASEBMRERASEBIQNBEzEBMQEhA0EBERMxATEBIQNBA0EDQQExAADQUAAAAAAAAAAA==",
        "23": "JgBAAG8AAUQRNBARERIQEhE0EBIQEhASEBEREhASEBMRERASEBIQNBEzEBMQEhA0EBERMxATEBIQNBA0EDQQExAADQUAAAAAAAAAAA==",
        "24": "JgBAAG8AAUQRNBARERIQEhE0EBIQEhASEBEREhASEBMRERASEBIQNBEzEBMQEhA0EBERMxATEBIQNBA0EDQQExAADQUAAAAAAAAAAA==",
        "25": "JgBAAG8AAUQRNBARERIQEhE0EBIQEhASEBEREhASEBMRERASEBIQNBEzEBMQEhA0EBERMxATEBIQNBA0EDQQExAADQUAAAAAAAAAAA==",
        "26": "JgBAAG8AAUQRNBARERIQEhE0EBIQEhASEBEREhASEBMRERASEBIQNBEzEBMQEhA0EBERMxATEBIQNBA0EDQQExAADQUAAAAAAAAAAA==",
        "27": "JgBAAG8AAUQRNBARERIQEhE0EBIQEhASEBEREhASEBMRERASEBIQNBEzEBMQEhA0EBERMxATEBIQNBA0EDQQExAADQUAAAAAAAAAAA==",
        "28": "JgBAAG8AAUQRNBARERIQEhE0EBIQEhASEBEREhASEBMRERASEBIQNBEzEBMQEhA0EBERMxATEBIQNBA0EDQQExAADQUAAAAAAAAAAA==",
        "29": "JgBAAG8AAUQRNBARERIQEhE0EBIQEhASEBEREhASEBMRERASEBIQNBEzEBMQEhA0EBERMxATEBIQNBA0EDQQExAADQUAAAAAAAAAAA==",
        "30": "JgBAAG8AAUQRNBARERIQEhE0EBIQEhASEBEREhASEBMRERASEBIQNBEzEBMQEhA0EBERMxATEBIQNBA0EDQQExAADQUAAAAAAAAAAA=="
      }
    },
    "fan_only": {
      "auto": {
        "18": "JgBAAHAAAUQRNBASDxQQEg81EBIQEhASDxMQEw8TEBIQEhASEDQQEw8TDxMQMxEzEREQNBESDzUQNBASEDQQEhAADQUAAAAAAAAAAA==",
        "19": "JgBAAHAAAUQRNBASDxQQEg81EBIQEhASDxMQEw8TEBIQEhASEDQQEw8TDxMQMxEzEREQNBESDzUQNBASEDQQEhAADQUAAAAAAAAAAA==",
        "20": "JgBAAHAAAUQRNBASDxQQEg81EBIQEhASDxMQEw8TEBIQEhASEDQQEw8TDxMQMxEzEREQNBESDzUQNBASEDQQEhAADQUAAAAAAAAAAA==",
        "21": "JgBAAHAAAUQRNBASDxQQEg81EBIQEhASDxMQEw8TEBIQEhASEDQQEw8TDxMQMxEzEREQNBESDzUQNBASEDQQEhAADQUAAAAAAAAAAA==",
        "22": "JgBAAHAAAUQRNBASDxQQEg81EBIQEhASDxMQEw8TEBIQEhASEDQQEw8TDxMQMxEzEREQNBESDzUQNBASEDQQEhAADQUAAAAAAAAAAA==",
        "23": "JgBAAHAAAUQRNBASDxQQEg81EBIQEhASDxMQEw8TEBIQEhASEDQQEw8TDxMQMxEzEREQNBESDzUQNBASEDQQEhAADQUAAAAAAAAAAA==",
        "24": "JgBAAHAAAUQRNBASDxQQEg81EBIQEhASDxMQEw8TEBIQEhASEDQQEw8TDxMQMxEzEREQNBESDzUQNBASEDQQEhAADQUAAAAAAAAAAA==",
        "25": "JgBAAHAAAUQRNBASDxQQEg81EBIQEhASDxMQEw8TEBIQEhASEDQQEw8TDxMQMxEzEREQNBESDzUQNBASEDQQEhAADQUAAAAAAAAAAA==",
        "26": "JgBAAHAAAUQRNBASDxQQEg81EBIQEhASDxMQEw8TEBIQEhASEDQQEw8TDxMQMxEzEREQNBESDzUQNBASEDQQEhAADQUAAAAAAAAAAA==",
        "27": "JgBAAHAAAUQRNBASDxQQEg81EBIQEhASDxMQEw8TEBIQEhASEDQQEw8TDxMQMxEzEREQNBESDzUQNBASEDQQEhAADQUAAAAAAAAAAA==",
        "28": "JgBAAHAAAUQRNBASDxQQEg81EBIQEhASDxMQEw8TEBIQEhASEDQQEw8TDxMQMxEzEREQNBESDzUQNBASEDQQEhAADQUAAAAAAAAAAA==",
        "29": "JgBAAHAAAUQRNBASDxQQEg81EBIQEhASDxMQEw8TEBIQEhASEDQQEw8TDxMQMxEzEREQNBESDzUQNBASEDQQEhAADQUAAAAAAAAAAA==",
        "30": "JgBAAHAAAUQRNBASDxQQEg81EBIQEhASDxMQEw8TEBIQEhASEDQQEw8TDxMQMxEzEREQNBESDzUQNBASEDQQEhAADQUAAAAAAAAAAA=="
      },
      "silent": {
        "18": "JgBAAG8AAUUQNRASDxMPEw81EBIQEg8TDxMPExASDxMQEhATDzUPEw8TDxMPNBEzEBIQEw8SEBIQEhA0EBIPNRAADQUAAAAAAAAAAA==",
        "19": "JgBAAG8AAUUQNRASDxMPEw81EBIQEg8TDxMPExASDxMQEhATDzUPEw8TDxMPNBEzEBIQEw8SEBIQEhA0EBIPNRAADQUAAAAAAAAAAA==",
        "20": "JgBAAG8AAUUQNRASDxMPEw81EBIQEg8TDxMPExASDxMQEhATDzUPEw8TDxMPNBEzEBIQEw8SEBIQEhA0EBIPNRAADQUAAAAAAAAAAA==",
        "21": "JgBAAG8AAUUQNRASDxMPEw81EBIQEg8TDxMPExASDxMQEhATDzUPEw8TDxMPNBEzEBIQEw8SEBIQEhA0EBIPNRAADQUAAAAAAAAAAA==",
        "22": "JgBAAG8AAUUQNRASDxMPEw81EBIQEg8TDxMPExASDxMQEhATDzUPEw8TDxMPNBEzEBIQEw8SEBIQEhA0EBIPNRAADQUAAAAAAAAAAA==",
        "23": "JgBAAG8AAUUQNRASDxMPEw81EBIQEg8TDxMPExASDxMQEhATDzUPEw8TDxMPNBEzEBIQEw8SEBIQEhA0EBIPNRAADQUAAAAAAAAAAA==",
        "24": "JgBAAG8AAUUQNRASDxMPEw81EBIQEg8TDxMPExASDxMQEhATDzUPEw8TDxMPNBEzEBIQEw8SEBIQEhA0EBIPNRAADQUAAAAAAAAAAA==",
        "25": "JgBAAG8AAUUQNRASDxMPEw81EBIQEg8TDxMPExASDxMQEhATDzUPEw8TDxMPNBEzEBIQEw8SEBIQEhA0EBIPNRAADQUAAAAAAAAAAA==",
        "26": "JgBAAG8AAUUQNRASDxMPEw81EBIQEg8TDxMPExASDxMQEhATDzUPEw8TDxMPNBEzEBIQEw8SEBIQEhA0EBIPNRAADQUAAAAAAAAAAA==",
        "27": "JgBAAG8AAUUQNRASDxMPEw81EBIQEg8TDxMPExASDxMQEhATDzUPEw8TDxMPNBEzEBIQEw8SEBIQEhA0EBIPNRAADQUAAAAAAAAAAA==",
        "28": "JgBAAG8AAUUQNRASDxMPEw81EBIQEg8TDxMPExASDxMQEhATDzUPEw8TDxMPNBEzEBIQEw8SEBIQEhA0EBIPNRAADQUAAAAAAAAAAA==",
        "29": "JgBAAG8AAUUQNRASDxMPEw81EBIQEg8TDxMPExASDxMQEhATDzUPEw8TDxMPNBEzEBIQEw8SEBIQEhA0EBIPNRAADQUAAAAAAAAAAA==",
        "30": "JgBAAG8AAUUQNRASDxMPEw81EBIQEg8TDxMPExASDxMQEhATDzUPEw8TDxMPNBEzEBIQEw8SEBIQEhA0EBIPNRAADQUAAAAAAAAAAA=="
      },
      "low": {
        "18": "JgBAAG8AAUQSMxERERIQEREzERERERERERERERERERERERASEDQQEhASEBIQNBEzETQPExERETMQNBA0ETMREhAADQUAAAAAAAAAAA==",
        "19": "JgBAAG8AAUQSMxERERIQEREzERERERERERERERERERERERASEDQQEhASEBIQNBEzETQPExERETMQNBA0ETMREhAADQUAAAAAAAAAAA==",
        "20": "JgBAAG8AAUQSMxERERIQEREzERERERERERERERERERERERASEDQQEhASEBIQNBEzETQPExERETMQNBA0ETMREhAADQUAAAAAAAAAAA==",
        "21": "JgBAAG8AAUQSMxERERIQEREzERERERERERERERERERERERASEDQQEhASEBIQNBEzETQPExERETMQNBA0ETMREhAADQUAAAAAAAAAAA==",
        "22": "JgBAAG8AAUQSMxERERIQEREzERERERERERERERERERERERASEDQQEhASEBIQNBEzETQPExERETMQNBA0ETMREhAADQUAAAAAAAAAAA==",
        "23": "JgBAAG8AAUQSMxERERIQEREzERERERERERERERERERERERASEDQQEhASEBIQNBEzETQPExERETMQNBA0ETMREhAADQUAAAAAAAAAAA==",
        "24": "JgBAAG8AAUQSMxERERIQEREzERERERERERERERERERERERASEDQQEhASEBIQNBEzETQPExERETMQNBA0ETMREhAADQUAAAAAAAAAAA==",
        "25": "JgBAAG8AAUQSMxERERIQEREzERERERERERERERERERERERASEDQQEhASEBIQNBEzETQPExERETMQNBA0ETMREhAADQUAAAAAAAAAAA==",
        "26": "JgBAAG8AAUQSMxERERIQEREzERERERERERERERERERERERASEDQQEhASEBIQNBEzETQPExERETMQNBA0ETMREhAADQUAAAAAAAAAAA==",
        "27": "JgBAAG8AAUQSMxERERIQEREzERERERERERERERERERERERASEDQQEhASEBIQNBEzETQPExERETMQNBA0ETMREhAADQUAAAAAAAAAAA==",
        "28": "JgBAAG8AAUQSMxERERIQEREzERERERERERERERERERERERASEDQQEhASEBIQNBEzETQPExERETMQNBA0ETMREhAADQUAAAAAAAAAAA==",
        "29": "JgBAAG8AAUQSMxERERIQEREzERERERERERERERERERERERASEDQQEhASEBIQNBEzETQPExERETMQNBA0ETMREhAADQUAAAAAAAAAAA==",
        "30": "JgBAAG8AAUQSMxERERIQEREzERERERERERERERERERERERASEDQQEhASEBIQNBEzETQPExERETMQNBA0ETMREhAADQUAAAAAAAAAAA=="
      },
      "medium": {
        "18": "JgBAAHAAAUMSMhEREBIPEw81DxMPEw8TEREREQ8TDxMREBIRETMRERERERERMxEyEhEPExEzEREREREzETQPNBEADQUAAAAAAAAAAA==",
        "19": "JgBAAHAAAUMSMhEREBIPEw81DxMPEw8TEREREQ8TDxMREBIRETMRERERERERMxEyEhEPExEzEREREREzETQPNBEADQUAAAAAAAAAAA==",
        "20": "JgBAAHAAAUMSMhEREBIPEw81DxMPEw8TEREREQ8TDxMREBIRETMRERERERERMxEyEhEPExEzEREREREzETQPNBEADQUAAAAAAAAAAA==",
        "21": "JgBAAHAAAUMSMhEREBIPEw81DxMPEw8TEREREQ8TDxMREBIRETMRERERERERMxEyEhEPExEzEREREREzETQPNBEADQUAAAAAAAAAAA==",
        "22": "JgBAAHAAAUMSMhEREBIPEw81DxMPEw8TEREREQ8TDxMREBIRETMRERERERERMxEyEhEPExEzEREREREzETQPNBEADQUAAAAAAAAAAA==",
        "23": "JgBAAHAAAUMSMhEREBIPEw81DxMPEw8TEREREQ8TDxMREBIRETMRERERERERMxEyEhEPExEzEREREREzETQPNBEADQUAAAAAAAAAAA==",
        "24": "JgBAAHAAAUMSMhEREBIPEw81DxMPEw8TEREREQ8TDxMREBIRETMRERERERERMxEyEhEPExEzEREREREzETQPNBEADQUAAAAAAAAAAA==",
        "25": "JgBAAHAAAUMSMhEREBIPEw81DxMPEw8TEREREQ8TDxMREBIRETMRERERERERMxEyEhEPExEzEREREREzETQPNBEADQUAAAAAAAAAAA==",
        "26": "JgBAAHAAAUMSMhEREBIPEw81DxMPEw8TEREREQ8TDxMREBIRETMRERERERERMxEyEhEPExEzEREREREzETQPNBEADQUAAAAAAAAAAA==",
        "27": "JgBAAHAAAUMSMhEREBIPEw81DxMPEw8TEREREQ8TDxMREBIRETMRERERERERMxEyEhEPExEzEREREREzETQPNBEADQUAAAAAAAAAAA==",
        "28": "JgBAAHAAAUMSMhEREBIPEw81DxMPEw8TEREREQ8TDxMREBIRETMRERERERERMxEyEhEPExEzEREREREzETQPNBEADQUAAAAAAAAAAA==",
        "29": "JgBAAHAAAUMSMhEREBIPEw81DxMPEw8TEREREQ8TDxMREBIRETMRERERERERMxEyEhEPExEzEREREREzETQPNBEADQUAAAAAAAAAAA==",
        "30": "JgBAAHAAAUMSMhEREBIPEw81DxMPEw8TEREREQ8TDxMREBIRETMRERERERERMxEyEhEPExEzEREREREzETQPNBEADQUAAAAAAAAAAA=="
      },
      "high": {
        "18": "JgBAAG8AAUMRNBASEBIQEhAzEREQEhASEBIQEhASEBIQEhEREDQREREREREQNBA0EDQQEhE0EBIQNBA0EDQQNBEADQUAAAAAAAAAAA==",
        "19": "JgBAAG8AAUMRNBASEBIQEhAzEREQEhASEBIQEhASEBIQEhEREDQREREREREQNBA0EDQQEhE0EBIQNBA0EDQQNBEADQUAAAAAAAAAAA==",
        "20": "JgBAAG8AAUMRNBASEBIQEhAzEREQEhASEBIQEhASEBIQEhEREDQREREREREQNBA0EDQQEhE0EBIQNBA0EDQQNBEADQUAAAAAAAAAAA==",
        "21": "JgBAAG8AAUMRNBASEBIQEhAzEREQEhASEBIQEhASEBIQEhEREDQREREREREQNBA0EDQQEhE0EBIQNBA0EDQQNBEADQUAAAAAAAAAAA==",
        "22": "JgBAAG8AAUMRNBASEBIQEhAzEREQEhASEBIQEhASEBIQEhEREDQREREREREQNBA0EDQQEhE0EBIQNBA0EDQQNBEADQUAAAAAAAAAAA==",
        "23": "JgBAAG8AAUMRNBASEBIQEhAzEREQEhASEBIQEhASEBIQEhEREDQREREREREQNBA0EDQQEhE0EBIQNBA0EDQQNBEADQUAAAAAAAAAAA==",
        "24": "JgBAAG8AAUMRNBASEBIQEhAzEREQEhASEBIQEhASEBIQEhEREDQREREREREQNBA0EDQQEhE0EBIQNBA0EDQQNBEADQUAAAAAAAAAAA==",
        "25": "JgBAAG8AAUMRNBASEBIQEhAzEREQEhASEBIQEhASEBIQEhEREDQREREREREQNBA0EDQQEhE0EBIQNBA0EDQQNBEADQUAAAAAAAAAAA==",
        "26": "JgBAAG8AAUMRNBASEBIQEhAzEREQEhASEBIQEhASEBIQEhEREDQREREREREQNBA0EDQQEhE0EBIQNBA0EDQQNBEADQUAAAAAAAAAAA==",
        "27": "JgBAAG8AAUMRNBASEBIQEhAzEREQEhASEBIQEhASEBIQEhEREDQREREREREQNBA0EDQQEhE0EBIQNBA0EDQQNBEADQUAAAAAAAAAAA==",
        "28": "JgBAAG8AAUMRNBASEBIQEhAzEREQEhASEBIQEhASEBIQEhEREDQREREREREQNBA0EDQQEhE0EBIQNBA0EDQQNBEADQUAAAAAAAAAAA==",
        "29": "JgBAAG8AAUMRNBASEBIQEhAzEREQEhASEBIQEhASEBIQEhEREDQREREREREQNBA0EDQQEhE0EBIQNBA0EDQQNBEADQUAAAAAAAAAAA==",
        "30": "JgBAAG8AAUMRNBASEBIQEhAzEREQEhASEBIQEhASEBIQEhEREDQREREREREQNBA0EDQQEhE0EBIQNBA0EDQQNBEADQUAAAAAAAAAAA=="
      },
      "highest": {
        "18": "JgBAAG8AAUQQNRESDxMPEw81EBIPExASDxMQEg8TDxMPEw8TDzUQEg8TEBEQNRAzERIQMxATEBMPNBASEBIQNBAADQUAAAAAAAAAAA==",
        "19": "JgBAAG8AAUQQNRESDxMPEw81EBIPExASDxMQEg8TDxMPEw8TDzUQEg8TEBEQNRAzERIQMxATEBMPNBASEBIQNBAADQUAAAAAAAAAAA==",
        "20": "JgBAAG8AAUQQNRESDxMPEw81EBIPExASDxMQEg8TDxMPEw8TDzUQEg8TEBEQNRAzERIQMxATEBMPNBASEBIQNBAADQUAAAAAAAAAAA==",
        "21": "JgBAAG8AAUQQNRESDxMPEw81EBIPExASDxMQEg8TDxMPEw8TDzUQEg8TEBEQNRAzERIQMxATEBMPNBASEBIQNBAADQUAAAAAAAAAAA==",
        "22": "JgBAAG8AAUQQNRESDxMPEw81EBIPExASDxMQEg8TDxMPEw8TDzUQEg8TEBEQNRAzERIQMxATEBMPNBASEBIQNBAADQUAAAAAAAAAAA==",
        "23": "JgBAAG8AAUQQNRESDxMPEw81EBIPExASDxMQEg8TDxMPEw8TDzUQEg8TEBEQNRAzERIQMxATEBMPNBASEBIQNBAADQUAAAAAAAAAAA==",
        "24": "JgBAAG8AAUQQNRESDxMPEw81EBIPExASDxMQEg8TDxMPEw8TDzUQEg8TEBEQNRAzERIQMxATEBMPNBASEBIQNBAADQUAAAAAAAAAAA==",
        "25": "JgBAAG8AAUQQNRESDxMPEw81EBIPExASDxMQEg8TDxMPEw8TDzUQEg8TEBEQNRAzERIQMxATEBMPNBASEBIQNBAADQUAAAAAAAAAAA==",
        "26": "JgBAAG8AAUQQNRESDxMPEw81EBIPExASDxMQEg8TDxMPEw8TDzUQEg8TEBEQNRAzERIQMxATEBMPNBASEBIQNBAADQUAAAAAAAAAAA==",
        "27": "JgBAAG8AAUQQNRESDxMPEw81EBIPExASDxMQEg8TDxMPEw8TDzUQEg8TEBEQNRAzERIQMxATEBMPNBASEBIQNBAADQUAAAAAAAAAAA==",
        "28": "JgBAAG8AAUQQNRESDxMPEw81EBIPExASDxMQEg8TDxMPEw8TDzUQEg8TEBEQNRAzERIQMxATEBMPNBASEBIQNBAADQUAAAAAAAAAAA==",
        "29": "JgBAAG8AAUQQNRESDxMPEw81EBIPExASDxMQEg8TDxMPEw8TDzUQEg8TEBEQNRAzERIQMxATEBMPNBASEBIQNBAADQUAAAAAAAAAAA==",
        "30": "JgBAAG8AAUQQNRESDxMPEw81EBIPExASDxMQEg8TDxMPEw8TDzUQEg8TEBEQNRAzERIQMxATEBMPNBASEBIQNBAADQUAAAAAAAAAAA=="
      }
    }
  }
}
