{
    "manufacturer": "LG",
    "supportedModels": [
        "LG080EC",
		"LG100EC",
		"LG150EC",
		"LG200EC"
    ],
    "commandsEncoding": "Base64",
    "supportedController": "Broadlink",
    "minTemperature": 16.0,
    "maxTemperature": 30.0,
    "precision": 1.0,
    "operationModes": [
        "cool",
        "auto",
        "fan_only",
        "dry"
    ],
    "fanModes": [
        "low",
        "mid",
        "high"
    ],
    "commands": {
        "off": "JgBAAGYAAT8SMhEREBEREREyEhAQEREREjIQMhEREBERERAREhASEBAREREQEREREBERMhIQETIRERARERESMREADQUAAAAAAAAAAA==",
        "auto": {
            "low": {
			    "16": "JgBAAGgAAT4TMRIPEw8SDxMwEREREBMQEg8SDxMPEg8TMBEzEjESDxIQEw8SDxEyEw8SDxMPEg8SMRIxEzESMRIADQUAAAAAAAAAAA==",
				"17": "JgBAAGgAAT4TMRIPEw8SDxIxEBIQERMPEw8SDxIQEg8TMBA0EjESDxIQERESMRIPEhASDxIQEBESDxMPEg8TDxIADQUAAAAAAAAAAA==",
				"18": "JgBAAGgAAT4TMREREBERERAzEg8SDxIRERAREREQEBETMBIyETIREBIQEhARMRIyEhARERAREREREBEREBEQMxEADQUAAAAAAAAAAA==",
				"19": "JgBAAGkAAT4TMBMPEg8TDxIwEREQERQOEw4UDhMPEhAQMhMwFDASEBIPEDMTDxMPEw8SDxMPEBETDxARETMSDxMADQUAAAAAAAAAAA==",
				"20": "JgBAAGcAAT8TMBQOEw4TDxEyEw8SDxMPEg8TDxAREhATMBMwEzARERMPEjEQEREyEw8TDhMPERESDxMPEjERMhMADQUAAAAAAAAAAA==",
				"21": "JgBAAGgAAT4TMRAREhASDxIxEw4UDhMPEhASDxIQEg8TMBMxEjESDxIPFDATMRIPEw8SDxMPEg8SEBIwEw8TDxMADQUAAAAAAAAAAA==",
				"22": "JgBEAAkACBhpAAE9FDATDxIPEhASMBEREBEUDxAREhASDxEREDIRMxIxEg8TDxEzEjETMBEREBESEBEQEw8TMBMPEzEQAA0FAAAAAA==",
				"23": "JgBAAGgAAT4RMxIPEhAQERAzEg8SEBMOEw8TDxIPEw8QMxEyETITDxIxEw8SEBEREg8RERARERETDxIxEDMQEREADQUAAAAAAAAAAA==",
				"24": "JgBAAGYAAUEQMxMOEw8TDxIxEg8TDxAREREQERASEw8SMRIxEDMTDhMxEBETDxMwEhAREBQOERATDxEyEzATMBMADQUAAAAAAAAAAA==",
				"25": "JgBAAGkAAT0TMRMPEg8TDhQvEw8TDxIPERESDxMPEw4TMRIxEjESDxMxEhASMRMPEg8SEBIPEg8TMBMPEw8SEBIADQUAAAAAAAAAAA==",
				"26": "JgBAAGYAAUATMRIPEw8SDxMwEhATDhMPEw4TDxMPEw4TMRIxEDQSDxIxEg8TMRIxEg8RERAREREQNBIPEg8TMBQADQUAAAAAAAAAAA==",
				"27": "JgBAAGkAAT0UMBEREBETDxMwEw8TDxIPEhATDhMPEw4TMBMxEjEREBQwEzATDhMPEg8TEBIPEBIRMhMQEjATDxIADQUAAAAAAAAAAA==",
				"28": "JgBAAGUAAT8TMRIPERETDxA0Eg8RERMPEg8TDhMOFA8SMBMxEzATDxIxFC8TDxIxEw4TDxMPEg8TMBMPEzATMBMADQUAAAAAAAAAAA==",
				"29": "JgBAAGsAAT4RMxIPEg8TDxMxEg8TDxMPEg8TDxIPEw8SMRIxEzATDxMwEzATMBEREBERERMPEg8RMxIxEBERERAADQUAAAAAAAAAAA==",
				"30": "JgBAAGkAAT0TMBEREw4TDxMwFA8SDxMPEw8SDxMPEw4UMBIxEDQSDxEzEjESMRIxEBETDxMPEBERMhEyEw8TMBMADQUAAAAAAAAAAA=="
            },
            "mid": {
			    "16": "JgBAAGoAATwTMBMPEBERERMwEw8SDxMPEBERERARERETLxEyFDATDxAREw8TDhMxEBERERMwERETDhQPEg8ULxMADQUAAAAAAAAAAA==",
				"17": "JgBAAGgAAT0TMRIPEw8SDxMwEw8TDhMPEw8TDhMPEg8SMRIxEDMTDhQPEBESMRIPERETDxIxEBETDxMPEzATDxIADQUAAAAAAAAAAA==",
				"18": "JgBAAGkAATwTMRAREhASDxMwEw8TDxMOEBETDxMOEw8QMxIxEzATDxMOFA4TMBMwEw8TDhMxEw8TDhMPEzATMBMADQUAAAAAAAAAAA==",
				"19": "JgBAAGgAAT4TMBMPEg8REhIwEREQEREREw4UDxIPEBEUMBMwETITDxQNFC8TDhQOFA4SEBIwEw8TDhQvEw8UDhMADQUAAAAAAAAAAA==",
				"20": "JgBAAGoAATsUMBMPEw4UDhMwFA8SDxEREg8QEREREBETMBQwEzESDxMPEDMTDhMxEg8RERAzEw4TDxMwEw8SMRMADQUAAAAAAAAAAA==",
				"21": "JgBAAGYAAT8UMBMPEw8SDxMwERETDxIPEw8SDxMPEg8TMBIxEzESDxEREzATMBERFA0TDxMwEw8SDxIxEzESDxMADQUAAAAAAAAAAA==",
				"22": "JgBAAGUAAT8TMRMPEg8TDxAzEw8SDxMPEg8TDxARERETMRIwFC8UDhMOEzATMRAzEBERERAzEw4TDxMwEzAQMxAADQUAAAAAAAAAAA==",
				"23": "JgBAAGgAAT0RMxIPEw8QEREzEg8TDxIPEw8SDxMPEg8SMRIyEjESDxMxEBERERAREw8TDxAzEw8SMRMPEw4TDhQADQUAAAAAAAAAAA==",
				"24": "JgBAAGgAATwTMRMPFA4SDxMwEhASDxIPEw8SDxESEg8SMRIxEjEQERMxEBITDxIxEw4TDxMwEw4TMRIPEhASMRMADQUAAAAAAAAAAA==",
				"25": "JgBAAGYAAT4TMREREBEREREyERESEBERERAQEREREBESMRIyETMQEREyEBIQMxIQEBERERAzEg8SMhARETISEBEADQUAAAAAAAAAAA==",
				"26": "JgBAAGYAAUATMRAREREQERA0Eg8TDxIPEw8SDxIPEREQNBMwEjAUDhA0Eg8RMxIxEBETEBIwEw8SMRMOEzETMBMADQUAAAAAAAAAAA==",
				"27": "JgBAAGgAAT0UMBMPEw4TDxMwEw8SDxMPEw4TDxMPEg8TMBMwEzATDxMwEzESEBAREBERERMwFA4SMRIxEBETDxMADQUAAAAAAAAAAA==",
				"28": "JgBAAGUAAT8UMRIPEw8SDxEyExASDxIPEw8SDxEREBERMhMxEjEQERMwEzEQEhMwEhASDxMwEw8TMBEzEg8TMBMADQUAAAAAAAAAAA==",
				"29": "JgBAAGkAAT0TMBMQEg8SDxMwEw8SDxMPEw4TDxMPEg8RMxMwEjEQEREyEzETMRIPEw8SDxIxEg8RMxMwEzESDxEADQUAAAAAAAAAAA==",
				"30": "JgBAAGcAAT4SMRMQEBERERAyEhAQEREREBERERIQEBERMxEyETIQEREyEjIRMxEyEBERERAzEhAQMxEyEjESMREADQUAAAAAAAAAAA=="
            },
            "high": {
			    "16": "JgBAAGcAAT4TMREREBEREREyEREREBIQEhAQERIQEBISMBEyEjIQERIQEg8SERAzERERMhEQEREQEhARETIRMhAADQUAAAAAAAAAAA==",
				"17": "JgBAAGYAAT8SMREREBERERAzERAREREQEhARERAREREQMxEwEzIRERAREhARMRIQEhARMhEREREQEREyERERERAADQUAAAAAAAAAAA==",
				"18": "JgBAAGYAAT8TMRIQERASDxMxEREREBIQEREQERIQERERMhAzETIREBEREhAQMxEyEBERMxEQEREREREyEhASMREADQUAAAAAAAAAAA==",
				"19": "JgBAAGcAAT4SMhIPEhAREBIyERASEBIQEREQEREREREQMxEyEDMQERAREzEREREREBERMhERERASEBIxEzERERAADQUAAAAAAAAAAA==",
				"20": "JgBAAGgAAT4SMhEQERESEBEyERASEBEQEhASEBERERASMhEyETIRERARETIRERAzERAQNBAREREQEREzETIRMhEADQUAAAAAAAAAAA==",
				"21": "JgBAAGUAAT8RNBEQEBERERA0EBERERIPEhASEBEQERERMhEyEjERERAREjESMhEQERERMhERERASMhEREBIQEREADQUAAAAAAAAAAA==",
				"22": "JgBAAGcAAT0SMhIQEBESEBAzERARERARERASEBEREhARMhExEjESEBIQETIRMxEyEBERMhEQEhARMhASEREQMxIADQUAAAAAAAAAAA==",
				"23": "JgBAAGcAAT8SMREREBERERAyEhASEBIPEg8TEBAREREQMxExEzEQEhExEhAREBIQEg8SMhARERERMxAREjIREBIADQUAAAAAAAAAAA==",
				"24": "JgBAAGkAATwTMRMOEw4UDxIxEw8SDxEREw4RERMOEw8TLxUvEzESDxQvERETDxMwEBERMxMPEBEQMxMPEzESMRMADQUAAAAAAAAAAA==",
				"25": "JgBAAGcAAT4QMxEREBERERIxEREQERMPEhARERAREBIQERAzEDMSDxEzEBERMhEREBESMhEQEw8REBEzEg8SEBEADQUAAAAAAAAAAA==",
				"26": "JgBAAGYAAT8SMhEREBESEBEzEREREBAREREQEREREBERMhIyEjIREBEyEhARMhEyEREQMhEREhARMhEyERERMRIADQUAAAAAAAAAAA==",
				"27": "JgBAAGYAAT8SMRIQERERERAzEREQERIREBEQEhARERASMREzEDMQEREzETIQEREREBETMREREBESMhAzEDMRERAADQUAAAAAAAAAAA==",
				"28": "JgBAAGcAAT8RMhIQEBERERIyERAREREREBERERARERERMRIxEzERERAzETIRERAyEREQNBAREREQMxAzEjERMhAADQUAAAAAAAAAAA==",
				"29": "JgBAAGcAAT4RMxEQERIQERA0EBERERIQEBERERAREREQMxAzEjERERA0ETERMhEREg8SMRIQEREQERERERARERIADQUAAAAAAAAAAA==",
				"30": "JgBEAAYAB4BnAAE+EjISEBARERESMhAREBIRERAREREQEREREDIRMhMxEREQMxEyETIRMhARETMREREQEhARERARETIRAA0FAAAAAA=="
            }
        },
        "cool": {
            "low": {
			    "16": "JgBAAGcAAT8SMRIQEBEREREyEhAQEREREBERERAREREQMhERERERERAREBIRERAzEBEREREQEhARMhIQEBERMxAADQUAAAAAAAAAAA==",
				"17": "JgBAAGgAAT0RMxIQEBERERAzEhAREBEREBERERAREBERMhEREBESERASEBERMhIREBEQEREREBERMhEREDMQERIADQUAAAAAAAAAAA==",
				"18": "JgBAAGcAAT4RMhIQERAREREyEREQEREREhAQERIQEBERMhIQEREQERESEBEQMxIxEhARERAREBETMBIREDITMREADQUAAAAAAAAAAA==",
				"19": "JgBAAGcAAT4RMhEREBESEBEyEREQEREREBEQEREREBESMRMQEBESEBEREDQQERAREREQEREREBERMhIyERARERIADQUAAAAAAAAAAA==",
				"20": "JgBAAGgAAT0TMREREBESEBEyEhAREBIQEg8REhARERATMREREBESEBEREDMQEREyEhARERAREREQMxAyEhAQMxAADQUAAAAAAAAAAA==",
				"21": "JgBAAGYAAT4TMhERERASEBAzEBERERAREREQERARERIQMxEQEBEREREQETIRMhEREREREBEREhARMhAzEjISEBAADQUAAAAAAAAAAA==",
				"22": "JgBAAGcAAT4SMREREBERERIyEBEREREREBEREREQERESMRIQERERERASEDMRMhAzEhAQEREREg8SMhEyEDMSMRIADQUAAAAAAAAAAA==",
				"23": "JgBAAGYAAUAQMxEREBERERAzEBEQEREREBETEBARERESMhAREBEREREyEg8SEBIQEBERERIQEBERERAREhAREBEADQUAAAAAAAAAAA==",
				"24": "JgBAAGcAAT8QMxIQEhAQEREyEhAREREQEREQEREREBEQMxARERESEBEzEBESEBEyEhAQEREREBERERIQEBIQMhMADQUAAAAAAAAAAA==",
				"25": "JgBAAGcAAT4TMREREBEQEhIxERESEBAREREQEREREBERMhIQERAREREyEhARMhMQERAREBIREBERERERETIQEREADQUAAAAAAAAAAA==",
				"26": "JgBAAGYAAT4TMhAREREQERIxEhARERAREREQEREREREQMxEQEREQEREyERERMhIxEREREBERERAREREQETMQMBMADQUAAAAAAAAAAA==",
				"27": "JgBAAGcAAT4SMhARERESDxIyERARERARERESEBAREREQMxEQEREQEREzEDMQEREREREQEREREBERERIxEREQEREADQUAAAAAAAAAAA==",
				"28": "JgBAAGcAAT8RMxEREBIQEREzEBERERIQERAREBESEBEQMxEQERIQEREzEDMREBEzERARERAREREQERIyEBIRMhEADQUAAAAAAAAAAA==",
				"29": "JgBAAGgAAT4TMRASEg8REREyERERERAREREQEREREREQMxARERERERAzEDMRMxEQEBERERASEREQEREyETISEBEADQUAAAAAAAAAAA==",
				"30": "JgBAAGYAAT4RNBEQEREQERIxEhARERAREREQERIQEhAQMxEQEREQERAzEjESMhEyEREQEREREBEREREyETIRMhEADQUAAAAAAAAAAA=="
            },
            "mid": {
			    "16": "JgBAAGcAAT0SMhEQERERERAzEhAQERIQEBERERAREREQMxAREBESEBIQEREQERIyEBERERAzEhAQMxIPEjISMhEADQUAAAAAAAAAAA==",
				"17": "JgBAAGcAAT4RMRMPERASERAzEBEREREQEhARERAREREQMxIQEBERERASEBERMhIREBEQEREyERESMREyEREQEREADQUAAAAAAAAAAA==",
				"18": "JgBAAGYAAT8RMxEREBERERIxERESEBEREBEQEREREBERMhEREREREBEREBERMhIxEhASDxIyERARMhEyEhARMhEADQUAAAAAAAAAAA==",
				"19": "JgBAAGYAAUAQMxIQEBERERAzEBERERAREBISEBARERESMREREBERERIPEjESEBIQEBESEBIxEhAQMxEyEjERERAADQUAAAAAAAAAAA==",
				"20": "JgBAAGcAAT4TMhAREREQEREzEREQERAREREQERIQEhARMhAREREQERIREDISEBEyERASERAyEhARMhAzEjERMhMADQUAAAAAAAAAAA==",
				"21": "JgBAAGgAAT4SMRMQEBERERAyEREQEREREBERERIQEBERMhIQEg8SEBEREDMQMxEQEhEQERAzEBESEBEQERESDxIADQUAAAAAAAAAAA==",
				"22": "JgBAAGcAAT4SMhIQEBERERAzEg8SEBEREBERERAREhARMhEREBERERARETMQMxAzEREQEREyEhASEBARERERMhIADQUAAAAAAAAAAA==",
				"23": "JgBAAGYAAT8SMhIQEg8REREyEhASEBAREhEQERAREREQMxERERASEBIyEREQEhAREBEREREyEBERERASEDMSEBEADQUAAAAAAAAAAA==",
				"24": "JgBAAGgAAT4QMxIQEBESEBAzEREQERIREBERERAREBIQMxIQEBESEBEzEREQEREyEBIREREyEBEREBIREDMSMREADQUAAAAAAAAAAA==",
				"25": "JgBAAGcAAT4SMhIQEBEREREyEhAQEREREBEREREREBERMhEREBESEBEyEhAQMxASEBERERAzEhARERExEREQEREADQUAAAAAAAAAAA==",
				"26": "JgBAAGcAAT4SMhEQEREQERAzERASEBIQEREQERAREhEQMxAREBIREREyERARMhA0EBERERAzEBEQEREzEREQMxAADQUAAAAAAAAAAA==",
				"27": "JgBAAGcAAT4SMhAREhEQEREzERARERIQEBERERAREREQMxEQERERERA0EDMRERAREREQEREyEhARERAzEjESEBEADQUAAAAAAAAAAA==",
				"28": "JgBAAGcAAT4TMREREhAQERIyEBIQERIQEREQEREREBESMhAREREQEREyEDMSEBEyERERERAzEBERERAzETIRMhEADQUAAAAAAAAAAA==",
				"29": "JgBAAGcAAT4SMhIQEREQERIyEhARERAREREQEREQEREQMxERERARERIyEjERMhESEBASEBIxERERMhIQEREQERAADQUAAAAAAAAAAA==",
				"30": "JgBAAGgAAT0TMREREREREBEzEREQEREREREQEREREBERMhEREBEQEhEyETIRMhIyEBERERAzEhAQMxEQEREQMxEADQUAAAAAAAAAAA=="
            },
            "high": {
				"16": "JgBAAGgAAT0RMxIQEBEREREzEBEQEREREg8SEBEQEhASMREQEREREREQEhEQERAzEBERMxEREREQMxAzEhAQMxAADQUAAAAAAAAAAA==",
				"17": "JgBAAGcAAT4SMRMPERATEBAyEREQERIQERAREREQERESMRIQEBESERAREBIRMhEREBEQMxASEREQMxIxEjESEBEADQUAAAAAAAAAAA==",
				"18": "JgBAAGgAAT4SMhEQEBIRERAzEg8SEBEREBERERAREREQMxAREBISEBARERESMRIxEhASMREREhARMhEyEjIRMhEADQUAAAAAAAAAAA==",
				"19": "JgBAAGgAAT4SMhEREBIREBEzERARERARExAQERASEBEQMxAREREQEREREDMSEBAREhASMRIQEhARERIQEBEREhAADQUAAAAAAAAAAA==",
				"20": "JgBAAGgAAT4RMhIREBEQEREyEREQEREREg8SEBEREBERMhEREBEQEhIQEDMSEBAzERASMhARERESDxEREhAQMxIADQUAAAAAAAAAAA==",
				"21": "JgBAAGcAAT4SMhAREREQEREyERASEBIQEREQERAREREQMxEQEhEQERERETIRMhASEhAQMxAREhEQERARETISERAADQUAAAAAAAAAAA==",
				"22": "JgBAAGcAAT4RMhEQERESEBEyEREQERAREhAQEREREBERMhIQERESEBEREDMRMhEyEhASMRIQEBEREREQEjIQMxAADQUAAAAAAAAAAA==",
				"23": "JgBAAGcAAT4TMREREBEQEhAyEhAREBIQEhAQEREREBERMhEREBESEBEyEhASEBEREBEQMxEQExAQERIyEBEREhAADQUAAAAAAAAAAA==",
				"24": "JgBAAGgAAT4RMhIPEREREBIyEBERERAREhAREBEQEhARMhIPEhAREREzEBERERIxERERMxAREBERERA0ERAQMxAADQUAAAAAAAAAAA==",
				"25": "JgBAAGgAAT4SMhEREBERERIxEREREBEREREQEREREBERMhEREBEREREyERESMREREBESMhAREw8SEBIxETIQERMADQUAAAAAAAAAAA==",
				"26": "JgBAAGYAAT8SMhEQEhARERAzERASERAREBERERAREREQMxAREREREBIyEBERMhEyERERMhEREREQEREzETIQMxIADQUAAAAAAAAAAA==",
				"27": "JgBAAGcAAT8SMRIQEBERERAyERESDxIREBERERARERERMhEREBEREBEyEjESEBIQEBESMhEREBERMhEQEREQEREADQUAAAAAAAAAAA==",
				"28": "JgBAAGcAATwUMhIQEBERERAzERAREBIQERASERAREREQMhIQERASERAzETESEBEzEBEQMxEREREQMxEQEBIQMxEADQUAAAAAAAAAAA==",
				"29": "JgBAAGgAAT0SMhEQEREREBEzEBERERAREBERERAREhEQMhEREBERERAzETISMREREBERMhEREBERMxEQETMREBEADQUAAAAAAAAAAA==",
				"30": "JgBAAGcAAT8SMRIQEBETEBAzEBESEBEREBERERASEBERMhEREBESEBIxEjERMxAzERARMhIQEBERMxARETISMhAADQUAAAAAAAAAAA=="
            }
        },
        "fan_only": {
            "low": {
			    "16": "JgBAAGcAAT8SMRERERAREREyERAQEhAREBERERARERERMhERETIQEREyEREQMxIQEBERERAREREREBAzEhARERAADQUAAAAAAAAAAA==",
				"17": "JgBAAGcAAT8SMRERERAREREyERAQEhAREBERERARERERMhERETIQEREyEREQMxIQEBERERAREREREBAzEhARERAADQUAAAAAAAAAAA==",
                "18": "JgBAAGcAAT8SMRERERAREREyERAQEhAREBERERARERERMhERETIQEREyEREQMxIQEBERERAREREREBAzEhARERAADQUAAAAAAAAAAA==",
                "19": "JgBAAGcAAT8SMRERERAREREyERAQEhAREBERERARERERMhERETIQEREyEREQMxIQEBERERAREREREBAzEhARERAADQUAAAAAAAAAAA==",
                "20": "JgBAAGcAAT8SMRERERAREREyERAQEhAREBERERARERERMhERETIQEREyEREQMxIQEBERERAREREREBAzEhARERAADQUAAAAAAAAAAA==",
                "21": "JgBAAGcAAT8SMRERERAREREyERAQEhAREBERERARERERMhERETIQEREyEREQMxIQEBERERAREREREBAzEhARERAADQUAAAAAAAAAAA==",
                "22": "JgBAAGcAAT8SMRERERAREREyERAQEhAREBERERARERERMhERETIQEREyEREQMxIQEBERERAREREREBAzEhARERAADQUAAAAAAAAAAA==",
                "23": "JgBAAGcAAT8SMRERERAREREyERAQEhAREBERERARERERMhERETIQEREyEREQMxIQEBERERAREREREBAzEhARERAADQUAAAAAAAAAAA==",
                "24": "JgBAAGcAAT8SMRERERAREREyERAQEhAREBERERARERERMhERETIQEREyEREQMxIQEBERERAREREREBAzEhARERAADQUAAAAAAAAAAA==",
                "25": "JgBAAGcAAT8SMRERERAREREyERAQEhAREBERERARERERMhERETIQEREyEREQMxIQEBERERAREREREBAzEhARERAADQUAAAAAAAAAAA==",
                "26": "JgBAAGcAAT8SMRERERAREREyERAQEhAREBERERARERERMhERETIQEREyEREQMxIQEBERERAREREREBAzEhARERAADQUAAAAAAAAAAA==",
                "27": "JgBAAGcAAT8SMRERERAREREyERAQEhAREBERERARERERMhERETIQEREyEREQMxIQEBERERAREREREBAzEhARERAADQUAAAAAAAAAAA==",
                "28": "JgBAAGcAAT8SMRERERAREREyERAQEhAREBERERARERERMhERETIQEREyEREQMxIQEBERERAREREREBAzEhARERAADQUAAAAAAAAAAA==",
                "29": "JgBAAGcAAT8SMRERERAREREyERAQEhAREBERERARERERMhERETIQEREyEREQMxIQEBERERAREREREBAzEhARERAADQUAAAAAAAAAAA==",
                "30": "JgBAAGcAAT8SMRERERAREREyERAQEhAREBERERARERERMhERETIQEREyEREQMxIQEBERERAREREREBAzEhARERAADQUAAAAAAAAAAA=="
            },
            "mid": {
			    "16": "JgBAAGYAAT8RMxERERAREREyEREQEREREBEREREREREQMhIQETMREBA0EBESMRIQEREQEREyEREREBEyETMQEhAADQUAAAAAAAAAAA==",
				"17": "JgBAAGYAAT8RMxERERAREREyEREQEREREBEREREREREQMhIQETMREBA0EBESMRIQEREQEREyEREREBEyETMQEhAADQUAAAAAAAAAAA==",
                "18": "JgBAAGYAAT8RMxERERAREREyEREQEREREBEREREREREQMhIQETMREBA0EBESMRIQEREQEREyEREREBEyETMQEhAADQUAAAAAAAAAAA==",
                "19": "JgBAAGYAAT8RMxERERAREREyEREQEREREBEREREREREQMhIQETMREBA0EBESMRIQEREQEREyEREREBEyETMQEhAADQUAAAAAAAAAAA==",
                "20": "JgBAAGYAAT8RMxERERAREREyEREQEREREBEREREREREQMhIQETMREBA0EBESMRIQEREQEREyEREREBEyETMQEhAADQUAAAAAAAAAAA==",
                "21": "JgBAAGYAAT8RMxERERAREREyEREQEREREBEREREREREQMhIQETMREBA0EBESMRIQEREQEREyEREREBEyETMQEhAADQUAAAAAAAAAAA==",
                "22": "JgBAAGYAAT8RMxERERAREREyEREQEREREBEREREREREQMhIQETMREBA0EBESMRIQEREQEREyEREREBEyETMQEhAADQUAAAAAAAAAAA==",
                "23": "JgBAAGYAAT8RMxERERAREREyEREQEREREBEREREREREQMhIQETMREBA0EBESMRIQEREQEREyEREREBEyETMQEhAADQUAAAAAAAAAAA==",
                "24": "JgBAAGYAAT8RMxERERAREREyEREQEREREBEREREREREQMhIQETMREBA0EBESMRIQEREQEREyEREREBEyETMQEhAADQUAAAAAAAAAAA==",
                "25": "JgBAAGYAAT8RMxERERAREREyEREQEREREBEREREREREQMhIQETMREBA0EBESMRIQEREQEREyEREREBEyETMQEhAADQUAAAAAAAAAAA==",
                "26": "JgBAAGYAAT8RMxERERAREREyEREQEREREBEREREREREQMhIQETMREBA0EBESMRIQEREQEREyEREREBEyETMQEhAADQUAAAAAAAAAAA==",
                "27": "JgBAAGYAAT8RMxERERAREREyEREQEREREBEREREREREQMhIQETMREBA0EBESMRIQEREQEREyEREREBEyETMQEhAADQUAAAAAAAAAAA==",
                "28": "JgBAAGYAAT8RMxERERAREREyEREQEREREBEREREREREQMhIQETMREBA0EBESMRIQEREQEREyEREREBEyETMQEhAADQUAAAAAAAAAAA==",
                "29": "JgBAAGYAAT8RMxERERAREREyEREQEREREBEREREREREQMhIQETMREBA0EBESMRIQEREQEREyEREREBEyETMQEhAADQUAAAAAAAAAAA==",
                "30": "JgBAAGYAAT8RMxERERAREREyEREQEREREBEREREREREQMhIQETMREBA0EBESMRIQEREQEREyEREREBEyETMQEhAADQUAAAAAAAAAAA=="
            },
            "high": {
			    "16": "JgBAAGcAAT4SMREREg8SEBEzEREQEREREBEQEREREBERMhERETISEBAzEBERMxEQEREQMxEQEhARMhIQEBESEBAADQUAAAAAAAAAAA==",
				"17": "JgBAAGcAAT4SMREREg8SEBEzEREQEREREBEQEREREBERMhERETISEBAzEBERMxEQEREQMxEQEhARMhIQEBESEBAADQUAAAAAAAAAAA==",
                "18": "JgBAAGcAAT4SMREREg8SEBEzEREQEREREBEQEREREBERMhERETISEBAzEBERMxEQEREQMxEQEhARMhIQEBESEBAADQUAAAAAAAAAAA==",
                "19": "JgBAAGcAAT4SMREREg8SEBEzEREQEREREBEQEREREBERMhERETISEBAzEBERMxEQEREQMxEQEhARMhIQEBESEBAADQUAAAAAAAAAAA==",
                "20": "JgBAAGcAAT4SMREREg8SEBEzEREQEREREBEQEREREBERMhERETISEBAzEBERMxEQEREQMxEQEhARMhIQEBESEBAADQUAAAAAAAAAAA==",
                "21": "JgBAAGcAAT4SMREREg8SEBEzEREQEREREBEQEREREBERMhERETISEBAzEBERMxEQEREQMxEQEhARMhIQEBESEBAADQUAAAAAAAAAAA==",
                "22": "JgBAAGcAAT4SMREREg8SEBEzEREQEREREBEQEREREBERMhERETISEBAzEBERMxEQEREQMxEQEhARMhIQEBESEBAADQUAAAAAAAAAAA==",
                "23": "JgBAAGcAAT4SMREREg8SEBEzEREQEREREBEQEREREBERMhERETISEBAzEBERMxEQEREQMxEQEhARMhIQEBESEBAADQUAAAAAAAAAAA==",
                "24": "JgBAAGcAAT4SMREREg8SEBEzEREQEREREBEQEREREBERMhERETISEBAzEBERMxEQEREQMxEQEhARMhIQEBESEBAADQUAAAAAAAAAAA==",
                "25": "JgBAAGcAAT4SMREREg8SEBEzEREQEREREBEQEREREBERMhERETISEBAzEBERMxEQEREQMxEQEhARMhIQEBESEBAADQUAAAAAAAAAAA==",
                "26": "JgBAAGcAAT4SMREREg8SEBEzEREQEREREBEQEREREBERMhERETISEBAzEBERMxEQEREQMxEQEhARMhIQEBESEBAADQUAAAAAAAAAAA==",
                "27": "JgBAAGcAAT4SMREREg8SEBEzEREQEREREBEQEREREBERMhERETISEBAzEBERMxEQEREQMxEQEhARMhIQEBESEBAADQUAAAAAAAAAAA==",
                "28": "JgBAAGcAAT4SMREREg8SEBEzEREQEREREBEQEREREBERMhERETISEBAzEBERMxEQEREQMxEQEhARMhIQEBESEBAADQUAAAAAAAAAAA==",
                "29": "JgBAAGcAAT4SMREREg8SEBEzEREQEREREBEQEREREBERMhERETISEBAzEBERMxEQEREQMxEQEhARMhIQEBESEBAADQUAAAAAAAAAAA==",
                "30": "JgBAAGcAAT4SMREREg8SEBEzEREQEREREBEQEREREBERMhERETISEBAzEBERMxEQEREQMxEQEhARMhIQEBESEBAADQUAAAAAAAAAAA=="
            }
        },
        "dry": {
            "low": {
				"16": "JgBAAGcAAT4TMRAREREQERMxEBEREhAREBIREREQERERMhASERARMhESEBEQEhExEREQERESEBEQMxAREjIRERAADQUAAAAAAAAAAA==",
				"17": "JgBAAGgAAT4QNBARERASEBEzERAREREREBERERARERERMhIQERATMRASEBIRMhARERIREBEQEhAQMxEREDMSMhEADQUAAAAAAAAAAA==",
				"18": "JgBAAGYAAT8SMxEPExAQERAzERESEBEQEhASEBARERERMhASERASMhEREBEQNBAzEBERERIQEREQMhEzEhASDxAADQUAAAAAAAAAAA==",
				"19": "JgBAAGYAAT8SMhARERIPERIyEBEREhARERIQERAREhAQMxASEREQMhMQETIQERASEw8QERESEBASMhEyERERMxAADQUAAAAAAAAAAA==",
				"20": "JgBAAGcAAT4SMhEQEhAREREyEBEREBMQEBEREREQEBIQMhEREBIRMhASETIRERAzERIPEREREBESMhEyETIQEREADQUAAAAAAAAAAA==",
				"21": "JgBAAGYAAUARMxMOEw8QEhMwEBITDxIPERESDxMPEBERMhARFA8SMRIPEzATMRIPEw8SDxMPEw4TMREzEjATMRMADQUAAAAAAAAAAA==",
				"22": "JgBAAGYAAUARMhMPEg8REhIxEBETDxMPEBERERAREREQMhEREw8TMBIQEDMTMBMwEhATDhMPERESDxEREw8QERMADQUAAAAAAAAAAA==",
				"23": "JgBAAGYAAT8TMRIPEg8RERA0Eg8TDxIPEg8TDxIPEw8SMRASEg8RMxMwERETDhMPEw8QERMPEBEUDhEREw8TMBMADQUAAAAAAAAAAA==",
				"24": "JgBAAGgAAT0UMBEREg8SEBMwEw8SDxEREw4TDxMPEg8TMBMPEBETMRIxEw4TDxMyEg8SDxIQEg8QEREREDMTDxMADQUAAAAAAAAAAA==",
				"25": "JgBAAGgAAT0TMRIPEw8TDhMxEg8TDxIPFA4QEhIPEw8SMRIPEw8SMBMxEw8SMRMPEg8UDhMPEw8QERARETIUMBEADQUAAAAAAAAAAA==",
				"26": "JgBAAGYAAT8SMhMPEBETDxMwEw8SDxEREBERERMPEg8RMhEREBERMxIxEBEUMBAzEw8TDxIPEw8SDxIxEg8RERMADQUAAAAAAAAAAA==",
				"27": "JgBAAGkAAT0TMRMPEg8SEBIwERETDhQPEg8SEBIPEw8TMBMPEg8SMRMwEzETDxIPEw8QERQPEg8SEBIwEw8SMRMADQUAAAAAAAAAAA==",
				"28": "JgBAAGYAAT8RMxASEBERERAzEBEQEhERERARERARERERMhEREBERMhEyETMQERIyEBERERAREREQEREyETIREREADQUAAAAAAAAAAA==",
				"29": "JgBAAGcAAT4SMRIREg8REREyEBEQEhAREg8SEBIQEhARMhEQERESMREzETIQNBEQEBERERIQEREQERIxEDMSMhMADQUAAAAAAAAAAA==",
				"30": "JgA8ABUzERASEBAREDMQEhIQERAREREQEBISEBEyEBESEBEyEjESMREzETIREBIRERARERAyERERERIQEAANBQAAAAAAAAAAAAAAAA=="
            },
            "mid": {
				"16": "JgBAAGcAAT4TMRAREREQERMxEBEREhAREBIREREQERERMhASERARMhESEBEQEhExEREQERESEBEQMxAREjIRERAADQUAAAAAAAAAAA==",
				"17": "JgBAAGgAAT4QNBARERASEBEzERAREREREBERERARERERMhIQERATMRASEBIRMhARERIREBEQEhAQMxEREDMSMhEADQUAAAAAAAAAAA==",
				"18": "JgBAAGYAAT8SMxEPExAQERAzERESEBEQEhASEBARERERMhASERASMhEREBEQNBAzEBERERIQEREQMhEzEhASDxAADQUAAAAAAAAAAA==",
				"19": "JgBAAGYAAT8SMhARERIPERIyEBEREhARERIQERAREhAQMxASEREQMhMQETIQERASEw8QERESEBASMhEyERERMxAADQUAAAAAAAAAAA==",
				"20": "JgBAAGcAAT4SMhEQEhAREREyEBEREBMQEBEREREQEBIQMhEREBIRMhASETIRERAzERIPEREREBESMhEyETIQEREADQUAAAAAAAAAAA==",
				"21": "JgBAAGYAAUARMxMOEw8QEhMwEBITDxIPERESDxMPEBERMhARFA8SMRIPEzATMRIPEw8SDxMPEw4TMREzEjATMRMADQUAAAAAAAAAAA==",
				"22": "JgBAAGYAAUARMhMPEg8REhIxEBETDxMPEBERERAREREQMhEREw8TMBIQEDMTMBMwEhATDhMPERESDxEREw8QERMADQUAAAAAAAAAAA==",
				"23": "JgBAAGYAAT8TMRIPEg8RERA0Eg8TDxIPEg8TDxIPEw8SMRASEg8RMxMwERETDhMPEw8QERMPEBEUDhEREw8TMBMADQUAAAAAAAAAAA==",
				"24": "JgBAAGgAAT0UMBEREg8SEBMwEw8SDxEREw4TDxMPEg8TMBMPEBETMRIxEw4TDxMyEg8SDxIQEg8QEREREDMTDxMADQUAAAAAAAAAAA==",
				"25": "JgBAAGgAAT0TMRIPEw8TDhMxEg8TDxIPFA4QEhIPEw8SMRIPEw8SMBMxEw8SMRMPEg8UDhMPEw8QERARETIUMBEADQUAAAAAAAAAAA==",
				"26": "JgBAAGYAAT8SMhMPEBETDxMwEw8SDxEREBERERMPEg8RMhEREBERMxIxEBEUMBAzEw8TDxIPEw8SDxIxEg8RERMADQUAAAAAAAAAAA==",
				"27": "JgBAAGkAAT0TMRMPEg8SEBIwERETDhQPEg8SEBIPEw8TMBMPEg8SMRMwEzETDxIPEw8QERQPEg8SEBIwEw8SMRMADQUAAAAAAAAAAA==",
				"28": "JgBAAGYAAT8RMxASEBERERAzEBEQEhERERARERARERERMhEREBERMhEyETMQERIyEBERERAREREQEREyETIREREADQUAAAAAAAAAAA==",
				"29": "JgBAAGcAAT4SMRIREg8REREyEBEQEhAREg8SEBIQEhARMhEQERESMREzETIQNBEQEBERERIQEREQERIxEDMSMhMADQUAAAAAAAAAAA==",
				"30": "JgA8ABUzERASEBAREDMQEhIQERAREREQEBISEBEyEBESEBEyEjESMREzETIREBIRERARERAyERERERIQEAANBQAAAAAAAAAAAAAAAA=="
            },
            "high": {
				"16": "JgBAAGcAAT4TMRAREREQERMxEBEREhAREBIREREQERERMhASERARMhESEBEQEhExEREQERESEBEQMxAREjIRERAADQUAAAAAAAAAAA==",
				"17": "JgBAAGgAAT4QNBARERASEBEzERAREREREBERERARERERMhIQERATMRASEBIRMhARERIREBEQEhAQMxEREDMSMhEADQUAAAAAAAAAAA==",
				"18": "JgBAAGYAAT8SMxEPExAQERAzERESEBEQEhASEBARERERMhASERASMhEREBEQNBAzEBERERIQEREQMhEzEhASDxAADQUAAAAAAAAAAA==",
				"19": "JgBAAGYAAT8SMhARERIPERIyEBEREhARERIQERAREhAQMxASEREQMhMQETIQERASEw8QERESEBASMhEyERERMxAADQUAAAAAAAAAAA==",
				"20": "JgBAAGcAAT4SMhEQEhAREREyEBEREBMQEBEREREQEBIQMhEREBIRMhASETIRERAzERIPEREREBESMhEyETIQEREADQUAAAAAAAAAAA==",
				"21": "JgBAAGYAAUARMxMOEw8QEhMwEBITDxIPERESDxMPEBERMhARFA8SMRIPEzATMRIPEw8SDxMPEw4TMREzEjATMRMADQUAAAAAAAAAAA==",
				"22": "JgBAAGYAAUARMhMPEg8REhIxEBETDxMPEBERERAREREQMhEREw8TMBIQEDMTMBMwEhATDhMPERESDxEREw8QERMADQUAAAAAAAAAAA==",
				"23": "JgBAAGYAAT8TMRIPEg8RERA0Eg8TDxIPEg8TDxIPEw8SMRASEg8RMxMwERETDhMPEw8QERMPEBEUDhEREw8TMBMADQUAAAAAAAAAAA==",
				"24": "JgBAAGgAAT0UMBEREg8SEBMwEw8SDxEREw4TDxMPEg8TMBMPEBETMRIxEw4TDxMyEg8SDxIQEg8QEREREDMTDxMADQUAAAAAAAAAAA==",
				"25": "JgBAAGgAAT0TMRIPEw8TDhMxEg8TDxIPFA4QEhIPEw8SMRIPEw8SMBMxEw8SMRMPEg8UDhMPEw8QERARETIUMBEADQUAAAAAAAAAAA==",
				"26": "JgBAAGYAAT8SMhMPEBETDxMwEw8SDxEREBERERMPEg8RMhEREBERMxIxEBEUMBAzEw8TDxIPEw8SDxIxEg8RERMADQUAAAAAAAAAAA==",
				"27": "JgBAAGkAAT0TMRMPEg8SEBIwERETDhQPEg8SEBIPEw8TMBMPEg8SMRMwEzETDxIPEw8QERQPEg8SEBIwEw8SMRMADQUAAAAAAAAAAA==",
				"28": "JgBAAGYAAT8RMxASEBERERAzEBEQEhERERARERARERERMhEREBERMhEyETMQERIyEBERERAREREQEREyETIREREADQUAAAAAAAAAAA==",
				"29": "JgBAAGcAAT4SMRIREg8REREyEBEQEhAREg8SEBIQEhARMhEQERESMREzETIQNBEQEBERERIQEREQERIxEDMSMhMADQUAAAAAAAAAAA==",
				"30": "JgA8ABUzERASEBAREDMQEhIQERAREREQEBISEBEyEBESEBEyEjESMREzETIREBIRERARERAyERERERIQEAANBQAAAAAAAAAAAAAAAA=="
            }
        }
    }
}
