{
  "manufacturer": "Mitsubishi Heavy",
  "supportedModels": [
    "SRKM25H",
    "SRK40HBE",
	"RKS502A502",
	"RKS502A503"
  ],
  "supportedController": "Broadlink",
  "commandsEncoding": "Base64",
  "minTemperature": 18,
  "maxTemperature": 30,
  "precision": 1,
  "operationModes": [
    "cool",
    "heat",
    "dry"
  ],
  "fanModes": [
    "low",
    "med",
    "high",
    "auto"
  ],
  "commands": {
    "off": "JgBoAL/6EnYSdhN1EnYSMxF3EnYTdRMyETUSMhI0EXYSNBE0EjMSMxJ2EnYSdhF4ETMSdhMyEnYSMxI0ETQSMxF3EjMSdhIzEnYSMxJ2FDIRdxE0ETMSdhI0EXcSMxF3EjMTdRN1EvoSAA0F",
    "cool": {
      "low": {
        "18": "JgBoAL/7E3USdhJ2EnYSMxMzETQRdxIyEjQSNBE0EnUSdhJ2EjMRNRJ1EncRMxMyEnYTdRR0EnYTMxIzEnYSdhIzEjMSNBA0E3YRMxJ2EzMRdxE0EjMTdRI0EXYRNBJ2ETUSdRN1EvkSAA0F",
        "19": "JgBoAL76E3UTdRN1E3USMxMzETQTdRE0EjMSMxMyEnYSdhN1EzMSMxJ2EXcRNBJ2EjMSdhJ2EnYSMxE0EnYTMhN1EzMRNBIyEnYTMxF3EjMSdhIzEzMQdxI0EnYSMxF2EzMRdhN1EvoRAA0F",
        "20": "JgBoAL/6E3QTdRN1E3UTMxE0EjMTdRI0ETMTMhI0EnYSdhF2EzMRNBF3EnYSMxIzEjMSdhN1E3USMxI0EnYRdxJ2EjMSMxIzEXcSMxJ2EjMSdhMyEjQRdxE0E3USMxF2EzMSdhJ2EfoTAA0F",
        "21": "JgBoAL/6E3USdhJ2EnYSMxE0EjMSdhMyEjQRMxI0EXYSdhJ2EzMSMxN1E3USMxJ2EnYSNBJ1EnYTMxEzE3YSMhMzEXcSMxMyEXcSNBJ2ETMSdhIzEzMSdRI0EnYRNBF3EjMSdhJ2EvoRAA0F",
        "22": "JgBoAL/6EnYSdhF3EnYRNBE0EjMSdhI0EDQTMhI0EXcSdhF3ETQSMxJ2EnYSNBE0EXcRMxN1E3USMxI0EnYSdhIzE3UTMhI0EXcRMxJ2EzISdhMzEjMRdxIzEnYSMxJ2EjMSdhJ2EvkTAA0F",
        "23": "JgBoAL/6EXcRdhN1E3UTMxE0ETQSdhIzETQSMxI0EHgRdxJ2ETQRNBJ2EnYSMxF3ETQSMxJ2E3UTMhMzEHgRNBJ2E3USMhI0EnYRNBN1EjMSdhMyEzMSdhEzE3USMxJ2EzMSdhJ2EvkSAA0F",
        "24": "JgBoAMD5EnYSdhJ2E3USMxIzEzISdhMzETQRMxMzEnYSdRN1EzMSMxJ2E3UTMhMzEDQSMxJ2E3UTMxE0E3UTdRJ2EXcRNBMyEXcSNBF3ETMSdhIzEzMRdxIzEnYSMxF3ETURdhN1EvoRAA0F",
        "25": "JgBoAL77EXcSdhF3EXcRNBIyEjQRdhMzEjMRNREzEnYRdxJ3ETMSMxJ2E3UTMxJ2EXcSdRI0EXcRNBIzEnYTMhE0EjMTdRMzEXcRNBJ2ETMSdxMyEjMTdRIzEnYSNBF3ETQRdxJ2EfoRAA0F",
        "26": "JgBoAL/6EnYSdhJ2EnYSMxIzEjMRdxIzEjMTMxE0EXcRdxF3ETQSMxF2E3UTMxIzEnYSdhIzEnYSNBIzEnYRdxE0ETMTdRMzEnYRNBN1EzISdhI0EjISdxIyEnYSNBJ2EjMRdxJ2EfoSAA0F",
        "27": "JgBoAL/6EnYTdRN1E3UTMhI0ETQSdhEzEzMRNBIzE3UTdRN1EzMQNRJ2EnYRMxJ2EjQRdhMzEnYRNBMyEXcSNBF3EDQTdhIyEnYSNBF3EjMSdBQzEjMSdhIzEncQNBJ2EzISdhN1EvoSAA0F",
        "28": "JgBoAL77EnYSdRN1EnYTMxE0EzISdhIzEjMSMxMzEnYSdhJ2EjMRNBJ2EnYSMxE0EjMSdhMzEnUSNBE0EXcTdRJ2EjISdhMzEXcSMxJ2EjMTdRMyEjQRdxEzEnYTMhJ2EzMSdhJ2EfoSAA0F",
        "29": "JgBoAMD7EXYTdRJ2EnYSNBA1EjITdRMzEjMTMhE1EXcSdhF2EzMSMhN1EnYTMxF2E3UTMxIzEnYSMxE1EXcRMxMyE3USdhI0EXYSNBJ2EjMRdxE0ETQRdxIzEnYSMxJ2EzMSdhJ2EfoTAA0F",
        "30": "JgBoAMD6EnUSdhJ2EnYTMxIzEjMTdRMzETQRMxMzEXcSdhF2EzMSMxJ2E3USMxI0EHgQNBMyEnYSNBIzEnYSdhIzEnYSdhE0EnYSMxF3EjMTdRIzEzMRdxIzEXcRNBJ2EzIRdxJ1E/kSAA0F"
      },
      "med": {
        "18": "JgBoAMH5EnYTdRN1E3USMxN1EzMRdxE0EjMRNBE0E3UTMhJ2EjQQNRF3EXcTMhIzEnYRdhN1E3YRNBIzEnYSdhMyEjQRMxMyEnYSNBF3EjMSdhIzEjQSdRIzEnYSMxN1EzISdhN1EvoSAA0F",
        "19": "JgBoAMD5EXcSdhJ2EnYTMxF2EjQRdxEzEjQSMxE0EXcSMxJ2EzISNBF2E3UTMhN1EjQRdxJ1EnYTMxE0E3USMxJ2EzISMxIzEnYTMxB4ETQSdhEzEjQSdhE0EnYSMxN1EzMQdxJ2EfsRAA0F",
        "20": "JgBoAMD4E3USdhN1EnYTMhJ2EjQSdhE0EjISNBE0E3USMxF3EzMSMhJ3EXcRMxI0ETQSdhJ2EnYSMxIzEnYSdhJ2ETUQNBIzEnYSNBF3EjMSdhIzEjMRdxIzEnYSMxN1EzISdhJ2EvoRAA0F",
        "21": "JgBoAL77EnYSdhJ2EnYSMxN1EzISdhI0ETQSMhMzEXcRNBJ2EjMSNBF2EnYRNRF3EXcRMxR0E3UTMhI0EnYSMxIzEXcSNBEzEnYSMxN1EjQRdhI0ETQSdhIzEnYSMxF3EjMTdRN1EfoSAA0F",
        "22": "JgBoAMH5E3USdhN1EnYUMRN1EjQRdxMyEzIRNREzEnYTMhN1EjQSMxJ2EnYSMxIzEnYSMxJ2EnYRNBMyE3USdhI0EnYSMxIzEnYSMxJ2EjMSdhIzEjMSdhI0EHgRNBJ2EjISdhN1E/kSAA0F",
        "23": "JgBoAMD6EnYSdhJ2EXcSMxJ2EzITdRIzEzIUMhE0EnYSMxJ2ETQRNBJ2E3USMxN1EzITMxF3EnYRNBIyE3UTMxJ2EnYSMxIzEnYTMhJ2EjMTdhIyFDESdhI0EnYRNBJ2EjMRdxN1EvoRAA0F",
        "24": "JgBoAMD7EXcRdxF3EXcRNBN1EjMRdxIzEjMTMhI0EXcRNBN1EjISNBF3EnYSMxIzEjQRNBF3EnYTMRI0EXcSdRJ2E3UUMhE0EnYTMhF2EzQRdhI0EjISdhI0EXYTMxJ2EjMSdhN1EvkSAA0F",
        "25": "JgBoAMD6EXcRdhJ2E3YSMxF3ETQSdhMyEzMRNBIyEncSMxJ2EzISMxJ2E3USMxJ2EnYTdRI0EHgQNRMxEnYSNBIzEjMTdRI0EXYSMxJ2EzITdRIzEjQSdhIzEXcSMxJ2EjMRdxF3EvkSAA0F",
        "26": "JgBoAL/6EnYTdRJ1E3YSMxJ2EzITdRE1ETMTMhMzEXcSMxJ2EjMSMxJ3EXcSMhIzEnYTdRIzEnYSNBE0EnYSdhE0EjMSdhIzEnYSMxJ2EjQRdhMzETMTdhMyEnUTMxF3EjMTdRJ2EvkSAA0F",
        "27": "JgBoAL/6EnYSdhJ2EnYRNBJ2EzISdhMzETQSMxIzEnYRNBJ2EjMTMxF3EXYSNBF3ETQSdxEyE3USNBE0EnYTMhJ2EzMRdhI0EXcSMhJ2EjMSdhI0ETQSdhMyEXcSNBB4EjISdhJ2EvkTAA0F",
        "28": "JgBoAMD5EXcSdRJ2E3USNBF3EjMSdhMyEzMRMxMyE3UTMxJ2EjMSMxF3EnYSMxIzETQTdRMyE3UTMxIzEXcRdxF3EjMSdhIzEXcRNBJ2EjMSdhIzEjQRdxE0EnYSMhN1EjQRdxN1EfoTAA0F",
        "29": "JgBoAMH5E3UTdRJ2EnYSMxJ2EjMSdhI0EjITMhI0EXcRNBF3EjMSMxJ2EncRMxJ2E3USMxI0EXYTMxE0EnYRNBE0EnYSdhE0EnYTMhN1EzMRdhI0ETQRdxIzEnYRNBJ2EjMSdhN1EvkSAA0F",
        "30": "JgBoAL77EXcSdRJ2EnYRNRF3ETMTdRMyEzMRNBIzEnYSMxF4ETMSMxN1EnYSNBIzEXcRNBIzEXcSMxE0EnYTdRMyEnYSdhMzEXcRNBF3ETMSdxIzEjMSdhE0EnYSMxJ2EjQRdxF3EPsSAA0F"
      },
      "high": {
        "18": "JgBoAL76E3USdhJ2EnYRNBIzEnYTdRIzETQSNBE0EnYTdREzFDESNBJ2EXcRNBIzEXcRdxJ2EnYSMxIzEncRdxEzEjMSNBE0EXcRNBJ2EjMRdxIzEjMSdhMzEnYSMxF3ETQSdhN1EvkRAA0F",
        "19": "JgBoAL/6EnYSdhJ2EnYRNBMyEXcSdhI0ETMSMxI0EXcSdhE0EjMSNBJ2EnUSMxJ2EjMSdhJ2E3UTMhI0EXcRNBF3EjMSMxIzEncRMxJ2EjQSdRMzETQSdhMxEnYTMxF3EjMSdhJ2EvkSAA0F",
        "20": "JgBoAL/6EnYSdhJ2EXcRNBIzEnYTdRMzETQRNBE0EnYSdhIzEzITMxF3EXcSMxE0EjMSdRR0E3UTMxE0EnYSdhJ2EzITMxE0EnYSMhN1EjMTdBQzETQSdhIzEXcSNBJ2ETMSdhN1EvkTAA0F",
        "21": "JgBoAL/7EnYSdhJ2EXcRNBIyEnYUdBI0ETQSMxE1EXcRdhMyEjMSNBJ2EnUSNBF3EXcSMxJ2EnYSMxE0EXcSMxMyEnYTMxIzEXcSMxN1EjMRdxE0EjMSdhMyEnYSNBB4ETQSdhJ2EfoSAA0F",
        "22": "JgBoAL/7EXcSdRJ2EnYTMxE0EnYSdhIzETUQNBIzEnYSdhMzEjMSMxJ2EnYSMxE0EnYSMxN1E3UTMhI0EXcRdxIzEnYSMxIzEnYRNBJ2ETQSdhMyEzMSdhA0E3YSMhN1EjQRdxF3EfoSAA0F",
        "23": "JgBoAL77EXcQeBB4EXcRNBEzE3USdxIyEjQRNBMzEHcRdxI0EjISMxN1EnYTMxF3EjMSMxJ1E3YSMxIzEnYSMxJ2EnYTMhI0EXcSMxF3EjMSdhIzEjMSdhIzEnYTMhJ2EjQRdxF3EPsSAA0F",
        "24": "JgBoAMH5E3USdhJ2EXcSNBA0EnYSdhIzEzMRNBE0EnYSdhIzETQSMxN1E3UTMhI0EDUTMRN1EnYSNBIzEnYSdhJ2EnYRNBIzEnYSNBB4ETMTdhIyFDISdhIzEnYSMxF3EjMSdhN1EvoRAA0F",
        "25": "JgBoAL/7EHgRdxF3EXYSNBE0EnYRdxIyEjQRNBMyEnYSdhI0ETMTMhJ2E3UTMxF3EnYSdRMzEXcSMxMyEnYRNREzEzISdhI0EXcSMxF3EjMRdxE0EjMSdhIzEnYTMhJ2EzMRdxF3EfoSAA0F",
        "26": "JgBoAMH6EnYRdxF3EXcSMxIzEnYSdhIzEjMSMxI0EXYTdRI0EjMSMxJ2EnYSMxE0EnYTdRIzEnYSNBE0EXcRdxE0EjITdRI0EXcRNBJ2EjMSdhMzEjMSdhIyEnYTMxF2EjQRdxJ2EvkSAA0F",
        "27": "JgBoAL/6EXcRdxF3EXcSMxE0EnYSdhIzEjMSMxIzE3UTdRMzETQSMhNzFXUTMxF3EjMSdhIzEnYTMhE1EXcRMxJ2EzISdhMzEXcSMxJ2EjMRdxI0ETMSdxIyEnYTMxJ1EzMRdxJ0E/oSAA0F",
        "28": "JgBoAMD5EncRdxF3EXcSMhIzEnYSdhMzETQSMxIzEXcRdxE0EjMTMhJ2E3UTMxE0EzESdhI0EXcSMxIzEnYSdhN1EzISdhI0EXcRMxN2EzESdhI0ETQSdhIzEXcSNBF2ETQSdxF2EvkTAA0F",
        "29": "JgBoAMD6E3UTdRN1EnYSMxIzEnYSdhIzEjMTMxE0EnYSdhE0ETQRNBJ2EnYRNBN1E3USMxMzEHgRNBIyEnYSNBIzEnYSdhE0EnYSMxF3ETUSdhIyEzISdhMzEXcSMxJ2EjMSdhN1EvkRAA0F",
        "30": "JgBoAL/6EnYTdRN1EnYTMhI0EXcSdRMzETMTMxIzEnYSdhIzEjMSNBJ2EXcRNBIyE3UTMxIzEnYTMhE1EnYSdhIyEncSdxEyEnYSMxN1EzMSdhE0EjMSdhIzEXcSMxJ2EjMSdhN1EfsRAA0F"
      },
      "auto": {
        "18": "JgBoAL77EnYSdhF3EXcRNBJ2EnYSdhIzEjMRNBMyEnYSNBE0ETMTMxJ2EXcSMxIzEnYTdRN1EnYTMhE1EXcSdhEzEjMSNBIzEnYSMxJ2ETUSdRIzEzISdhIzEnYSNBF3ETQSdhJ2EvkSAA0F",
        "19": "JgBoAL/7EnYRdxF3EXcRNBJ2EnYSdhE0EjMRNBIzEnYTMxE0ETMSNBF3EnUTMxJ2ETQSdhN1EnYSMxMzEXYTMxJ2ETMTMxE0EXcSMxJ2EjMSdhIzEzITdRMyE3UTMxF3ETMSdxJ2EvkSAA0F",
        "20": "JgBoAMD5EnYTdRN1EnYTMhJ2EnYTdRI0ETQRNBIyE3USNBIzEzIRNRF4EHcRMxIzEjQRdxF3EnYRNBE0EnYSdhF3EzISMxIzE3USMxN1EzMSdhIzEjMSdhIzEXcRNBJ2ETQSdhJ2E/gSAA0F",
        "21": "JgBoAMD6EnUTdRN1EnYTMxF3EXcSdRI0EjMSNBEzEnYSMxI0ETQRNBJ2EXcSMxN1EnYTMhF3EncSMhIzE3UTMhMzEXcSMxEzEnYTMxJ2EjMSdhIzEzMQeBE0EnYSMhN1EzMRdhJ2EvoSAA0F",
        "22": "JgBoAMD5EncRdxJ2EXcSMhN1EncRdRQyEjQRNBIzEnYRNREzEzISNBF3EnUTMxE0EnYSMxF3E3USMxE0EnYTdRIzEnYSNBA1EXcRMxJ3EzISdhIzEjMSdhIzEnYSNBF3EDQTdhF2EvkSAA0F",
        "23": "JgBoAMD7EXcRdhJ2E3YSNBB3EHgSdBM0EjITMxIzEnYSMxI0EjMSMhN1E3USNBF2EjQUMRN1EnYSMxIzEncRMxJ2EnYTMhMzEXcSMxF3ETQRdxIzETQSdhIzE3UTMhN1EzMSdhF3EfoSAA0F",
        "24": "JgBoAMD6E3gPdhJ2EXcRNBF3E3USdhIzETQSMxI0EXcSMxE0EjMSMxJ2EnYSMxI0ETQSMhN1EnYTMhI0EnYSdhJ2EnYRNBIzEnYSNBF2EjMTdhIyEzMRdhMzEnYRNBJ2EjMSdhJ2EvkSAA0F",
        "25": "JgBoAMH6EXcSdhJ2E3UTMhJ2EnYUdBIzEjMTMhI0EXcSMxE0EjMRNBJ2EnYSMxJ2EnYTdRIzE3UTMhI0EXcRMxI0EzISdhIzEnYTMhF3EjQSdhA0EjMTdRMzFHQSMxJ2ETQSdhJ2EvkRAA0F",
        "26": "JgBoAMD5E3USdhR0EnYTMxF2E3USdhI0ETQSMhI0EXcRNBIzEjQRMxN1E3YSMhMzEXcRdhMzEXcRNBE0EnYSdhIzEjMTdRMyE3USNBF3EjMSdhIzEjMRdxIzEnYRNBJ2EzITdRN1E/kSAA0F",
        "27": "JgBoAL/6EnYSdhN1EnYSMxJ2E3USdhMyEjQSMhIzE3UTMxIzEjMSMxJ2EXcSMxJ2EjMSdhMzEnUSNBE0EnYSMxF2EjQSdhE0EnYTMhN1EzMQeBIzEjISdxIzEXYTMxN1ETQSdhN1EvkTAA0F",
        "28": "JgBoAL/6EncRdxF3EXcRNBN1EXcRdxIyEzMSMxIzEnYSMxMyEjMTMhN1EnYSNBE0ETQSdhE0EnYSMxMyEnYTdRJ2FDISdRI0EHgRNBJ2EjMYbxMzEjMTdRIzEnYTMxF2EjQRdxJ2EPsSAA0F",
        "29": "JgBoAMD6EnYRdxF3EXcSMxJ2E3cQdhE0EjMSNBE0EnYSMhI0EjMSMxJ2EnYSNBF2EnYSNBA0EnYSMxMzEnYRNBIzEnYTdRIzEnYTMhJ2EjMSdhMyEjQRdxE0EnYRNBJ2EjMRdxJ2EvkTAA0F",
        "30": "JgBoAMD5EnYTdRN1E3YSMhJ2E3UTdRMzETQTMhE1EnYSMhMyEjQSMxJ2EnYSMxE0EnYSMxMyEnYSMxMzEXcRdxIzEnMWdRIzEnYSMxF3EjMSdhE0EjMSdhI0EXcRNBJ2EjISdhN1E/kSAA0F"
      }
    },
    "heat": {
      "low": {
        "18": "JgBoAMD6E3UTdRJ2EnYSMxQxEjMSdhMyEjQRNBIyEnYTdhN1EjMRdxJ1EjQRNBIzEnYSdhN1EjQRNBJ2E3URdxE0EjMTMhIzEnYTMhJ2EzMRdxEzEzISdhI0EnYTMhJ2EjMSdhJ2EfsRAA0F",
        "19": "JgBoAL/7EXcRdxJ1EnYUMhE0EjMSdhIzEjMTMhE1EnYSdhF3ETMSdhN2EjITMxJ2ETQSdhJ2ETQSMxF3EnYRNRF3EjITMhI0EXcRNBF3ETQSdhIzEjMSdhMyEnYTMxJ1EjQRdxF3EfoSAA0F",
        "20": "JgBoAMD6E3USdhJ2EnYSMxI0ETQRdxEzEjQSMxIzEnYSdhN1EzISdhJ2EjQRMxIzEjQSdhF3EjMRNBN2EXYSdhJ2EjQSMhIzE3UTMhN1EzMRdxIzEjMSdhIzEnYRNBJ2ETQTdRN1EvkTAA0F",
        "21": "JgBoAMD5E3UTdRJ2EnYTMxE0ETQRdxIzETQSMxMyEnYSdhJ2EzMRdxF3ETQTMRJ2EnYSNBF2EzMSMxJ2E3UTMhE1EnYRMxMyEnYSNBF4EjISdhIzEjQRdhMyEnYSMxN1EjMTdRJ2E/kRAA0F",
        "22": "JgBoAMD5EnYSdhJ2EnUTMxE0EjMSdhI0ETMSNBIzEnYTdRF3EjMSdhJ2EjMTMxIyE3USMxN1EzMSMxJ2EnYSdhIzEnYTMhMyEnYTMhJ2EjMTdRI0ETQRdxE0EnYSMxJ1EjQRdhN3EPoTAA0F",
        "23": "JgBoAL/6E3UTdRN1EnYTMhMzETQRdxEzEjQRNBIzEnYSdhN0FDIRdxJ2EjQQNBN2EzESNBF3ETQSMxJ2EnYTMxJ1EnYTMxIyE3UTMhN1EzMRdxE0EzISdhI0EnYSMhJ2EjMSdhN1EfoSAA0F",
        "24": "JgBoAL/6EnYSdhJ2EXcRNBIzEjQRdxA1EjISNBIzEnYSdhJ2EjMSdhJ2EjQRNBIyEjQRNBJ2EjMRNRJ1EnYSdhF3EnYTMxEzE3USMxN1EjQRdhMzEjMSdhE0EnYTMhJ2EjMTdRN1EfoSAA0F",
        "25": "JgBoAMH5EnYSdhJ2EnYSNBE0ETMTdRMzEjMSMxE0EXcTdRN1EjMRdxJ3EjITMhR0EnYTdRI0EjMRNBJ2EnYSMxIzEjMTdRMyEnYTMxB4ETQTdRIyEzMRdxIzEnYSMxN1EzIRdxJ2EvoSAA0F",
        "26": "JgBoAMD5EnYTdRJ2EnYTMxE0ETQTdRIzEjMTMhI0EXcSdhJ2ETQSdhJ2ETQRNBIzEXcRdxIzEjMSNBB4EXYTdRMzETQSdhIyEnYTMxF3EjMSdhIzEzMSdhE0EnYSMhN1EzMRdhN1Ef0PAA0F",
        "27": "JgBoAMD5E3YSdhF3EnYSMhMzETQSdhIzEjMTMhIzEnYUdBN1FDETdRJ2EjQRNBJ2EjMSdhMyEjMSMxJ2E3UTMhJ2EjQRdxE0EXcSMxJ2EzIRdxE0EjMTdRMzEXYTMxF3ETQSdhF2E/kSAA0F",
        "28": "JgBoAL/5EnYSdhJ2E3YTMRMzETQTdRMyETURMxIzE3USdhN1EjQSdhJ1EzMSMxIzEjMSdhMyEzMRNBF3EXcTdRJ2EjMSdhE0EnYTMhJ2EjMSdhIzFDIRdhMzEXcRNBN1EzETdRR0EvoSAA0F",
        "29": "JgBoAMD6EXcRdxB4EHcSNBIyEzMUdBIzETQSMxMyE3YRdxJ2ETMTdRJ2EjMTMxF3EnYSMxIzEjQRMxJ2EnYRNBIzE3UTdRMzEXcRNBF3EjMTdRIzEjMSdRQyEnYTMhN1EjQRdxJ2EfoRAA0F",
        "30": "JgBoAL76EnYSdhJ2EnYTMhE1ETMTdRIzEzMRNBE0EnYSdhN1EjMSdhJ2EjMSMxI0EXYTMxE0EjMRNBJ2EnYSdhIzE3USdhIzEnYTMxF2EjQRdxEzEjQRdhI0EXcSMxN1EzIRdxN1EfsRAA0F"
      },
      "med": {
        "18": "JgBoAL/7EnYRdxF3EXcRNBF3ETMSdhMyEzMRNBIzEnYSNBF3ETMSdhN2ETMTMxE0EnYSdhJ2ETQSNBF2EnYSdhI0ETMTMhI0EnYSMxF3EjMSdhMyETQSdhIzE3USNBF2EjQRdxJ2EPsSAA0F",
        "19": "JgBoAL/7EXcRdxF3EnYSMxJ2EjMRdxMyEjMSMxI0EXcRNBJ2EjISdhN1EzMRNBJ2EzITdRJ2EzMRNBJ2EXcRMxJ3EjITMxE0E3UTMhJ2EzMRdxE0EjISdhI0EnYSMxJ2EjMRdxN1EvkSAA0F",
        "20": "JgBoAL/6EnUTdRN1E3UTMxF3EjMTdRI0ETQRMxIzEnYSNBJ1EjQSdxB3EzISMxE0ETQSdhN1EjMTMxF3EXcRdxF2EjQTMRI0EnUSNBJ2EjMTdRIzEzMRdxEzE3USNBF2EjQRdxF2EvoSAA0F",
        "21": "JgBoAMD6EXcRdxJ2EnUTMxJ2ETQSdhMyEjQQNBIzE3USNBF3EjMSdhJ2EjMSNBB3EnYSNBF3ETMSMxJ2EnYTMxE0E3USMxE1EXcRMxJ2EzITdRMzEjMRdxE0EnYSMxJ2EzISdhN1EfoTAA0F",
        "22": "JgBoAMD6EnYSdRJ2E3USNBF3EjMSdhMyEjQRMxIzEnYTMxF3EjMTdRJ2EzISMxIzEnYRNBJ2EzITMxF3EnYSdhIzEXcSMxIzE3USMxJ2EjMTdRMyEjQRdxE0E3USMxF3EjMRdxN1EfoTAA0F",
        "23": "JgBoAL/6EnYTdRJ2E3YSMhJ2EzMSdRMzEjMSMxIzEncRMxJ2FDESdhN1EzMSMxJ2EjMSMxJ1EzMTMhN0FHUTMxJ1EnYSNBE0EnYSMxF2FDISdhE0EjMSdhI0EHgQNRJ2ETMTdRJ2E/kRAA0F",
        "24": "JgBoAL/6EnYTdRN1EnYTMxF2EzMSdhIzEjMSMxE0EnYSMxJ2EzMRdxJ2ETQRNBIzEjMTMhN1EzMRNBJ2EXcRdxF3EXcSMxE0EnYSMxF3EjMSdhIzEjQRdhI0EnYSMhJ3EjISdhN1EvoSAA0F",
        "25": "JgBoAMD7EXcRdxF3EXcRNBJ2ETQSdhMyEjMSMxMzEHcSNBJ2ETMSdhN1EjMSNBJ2EnYRdxIzEjMRNRF2EXcRNBMyEjQRdhI0EXcSMxJ2EjMSdhI0ETMSdhMyEnYSNBJ1EjQRdxJ2EfoSAA0F",
        "26": "JgBoAMD6E3USdhJ2E3USMxJ2EjMUdBIzEjQRNBE0EnYTMhJ1EzMSdhJ2EjMSMxI0EHgQeBIzEjITMxF3EnYRdxIzETQSdhIzEXcSNBF3EjITdhIyFDIRdxIzEnYSMxF3EjMSdhJ2EfsRAA0F",
        "27": "JgBoAMD5EnYSdhJ2EnYSMxJ2EjMSdhI0EjISMxMzEnYTMhF3EjMSdhJ2EjMRNBF3EjMSdhMyEjQRNBN1EnYSMxJ2EjMSdhIzEnYSMxN1EzITdRMzEjISdxIyE3USNBJ2ETQSdhJ2EvkSAA0F",
        "28": "JgBoAMD6EnYRdxN0EnYTMxF3EjMTdhEzEzIRNBIzE3UTMxJ2ETQRdxF3ETQSMxIzEjMSdhMyFDIRMxJ3EnYTdRJ2EjITdRI0EnYSMxJ2EzISdhMyEjQSdhEzEncSMhJ2EjQSdhJ2EPsSAA0F",
        "29": "JgBoAL79D3cRdxF3EXcRNBF3ETQRdxMyETQSMxMyEnYSNBJ2ETMTdhN1EjITMxF3EXcSMxMyEjQRMxN1EncRMxMzEnUTdRMzEXcSMxJ2EjMRdxI0EDQSdhIzEnYTMxJ1EjQRdxJ2EfoTAA0F",
        "30": "JgBoAL/6EnYTdRJ2EXcRNBF3ETMTdRMzEjMSMxI0EnYRMxN1EjMSdhN1EjQRNBIzEXcSMxE0EjMTMxJ1E3cRdRMzEXcRdxIzEXcRNBN1EjMSdhIzEjMTdRMyE3USNBF3ETQSdhJ2EfoRAA0F"
      },
      "high": {
        "18": "JgBoAML4EnYSdhJ2EnYSMxIzEnYTdRIzEzISMxMzEXYTdhIzEjMSdhN1ETQTMhE0E3USdhN1EzITMxF2EnYSdhI0ETQSMxIzEnYSMxN1EzISdhI0ETQSdhEzEnYTMxF3ETQSdhJ2EfoSAA0F",
        "19": "JgBoAL/6E3YSdhF3EXcSMhMyEnYSdhMzETQSMxI0EXcRdxEzEzISdhN1EzMRNBJ2EjMSdhN1EzITMhJ2EXgRMxNzFDMSNBE0EXcRNBN1EzIRdxIzEjMSdhI0EnUTMxB4EDURdxF2EvoSAA0F",
        "20": "JgBoAL77EXcRdxJ2EXcRNBE0EnYSdhIzETQTMxE0EXYSdhI0EjMSdhJ2EjITMxE0EjMRdxVzEjQRNBF3EnYSdhJ2EjISNBE0EnYSMxJ2EjMRdxE1EDQTdRIzE3USNBN1ETQSdhJ2EvkUAA0F",
        "21": "JgBoAL/6EnYSdhF3EnYRNBIzEXcTdRI0ETQSMhMzEXcRdhMzETQRdxJ2EjQRMxJ2EncRMxN1FjARNBF3EnYRNBE0EnYSMxE0EnYSMxN1EjMTdRMzEjMSdhIyEnYTMxF3EjMSdhJ2EvkSAA0F",
        "22": "JgBoAL77EnYSdhF3E3USMhMzEnYSdhIzEzITMxE0EnYSdhEzEzMSdRN1EjQSMxMyEnYSNBF3EjISMxN1E3UTdRI0EnUTMxIzEXcSMxJ2EjMRdxE0EjMTdhE0EXcRNBF3EjMTdRJ1E/kSAA0F",
        "23": "JgBoAL/6E3UTdRN1EnYTMxE0EnYRdxE0EjMSMxIzEnYTdRIzFDIRdxF3ETQSMhN2EzISMxJ2EjMTMxF2E3UTMxF3EXcRNBEzEnYTMxF3EjMSdhIzEjQRdxE0EnYSMhN1EzITdRJ2EfsRAA0F",
        "24": "JgBoAL/5E3UTdRN2EXYRNREzE3UTdRIzEjMTMxE0EnYTdRMyETQSdhJ2EjMTMhI0ETQSMhR0EzMRNBJ2EnYSdhJ2EnYSMxIzEnYTMxF3ETQSdhEzFDIRdxIzEnYSMxJ2EjMSdhN1EvoRAA0F",
        "25": "JgBoAL77EnYRdxF3EXcRNBMyEXcRdhQyETQSMxI0EXcQeBA1ETMSdhJ2EzMSMxJ1E3YSdhIzEjMSNBJ2EXcQNBMyEjQSdhIzE3UTMhJ2EjQSdhIyEjMTdRMzEXcXLxF2EjMSdhJ2EvkSAA0F",
        "26": "JgBoAL/6EnYTdRN1E3UTMxE0EXcSdhE0EzIRNBIzEnYTdRMyEzMRdxF3ETQSMhMzEnYSdhE0EjMSNBF3EHcSdhI0ETMTdhIyE3USNBJ2ETQSdhIzEzMSdRIzEnYSMxN1EzMRdxF2EvoRAA0F",
        "27": "JgBoAL/6EXYRdxJ2EnYSNBA0E3USdxMxEzMRNBIzEXcSdhI0ETMSdxF3ETMTMxF2EzMSdhE0EjMSMxJ2EXcSMxN1EzISdhQyEnUTMxF3ETQSdhIzETQSdhIzE3USMxJ2EjQQeBN0EvoSAA0F",
        "28": "JgBoAMH6EnYSdhF2EnYSNBE0EnYTdRI0EjIRNBIzEnYSdRQzEjMRdxF3ETQSMxE0EjMSdhI0ETQSMhN0E3cSdhJ2EjIUdBMzEnYSMxJ2EjMSdhMyEjQRdxEzEnYUMRJ2EzMSdhJ2EfoSAA0F",
        "29": "JgBoAMD5E3UTdRN4EHUSMxI0EHgRdhI0ETMTMxIzEnYSdhE0EjMSdhJ2EjQRMxN1EnYSMxI0EjMSMxJ2EnYSMxIzEnYTdBMzE3UTMhJ2EzMRdxE0EzETdhMyEnYRNBJ2EjMSdhN1EvkSAA0F",
        "30": "JgBoAL/6EnYSdhN1EnYSMxI0EHcSdhMzEjYOMxI0EXcSdhIzEjMRdxJ2EjQRMxIzE3USNBE0EjMTMhJ3EnUSdhE0E3USdhIzEnYSMxN1EzMSdhIzEjMTdRMyEnYSMxJ2EjMTdRJ2EvkSAA0F"
      },
      "auto": {
        "18": "JgBoAL/6EXcSdhN1EnYSMxJ2EnYSdhIzEzISNBI0EHYTMxE0EjMRdxF3EjMTMhIzE3UTdRN1EjQRNBJ2EnYSdhE0EzISMxIzEnYTMhF3EjQRdxEzEzISdhMzEXcRNBN1EzIRdxJ2EfsQAA0F",
        "19": "JgBoAMH5EnYTdRN1E3USMxJ2EnYSdhMzEDUSMhMzEXcSMxMyEzMQeBB4EDQSMxJ2EzMSdRN1EzMRNBF3E3USMxJ2EjQRMxIzE3USNBJ2EjMSdhIzEzIRdxE0EnYSMxJ2EjMTdRJ2E/kRAA0F",
        "20": "JgBoAMD7EXcRdxF3EXcRNBJ2EnYSdhIzEjMRNBIzEnYSMxMzETMSdhJ3EjMSMxIzEjMRdxJ2EzMRMxJ3EXcRdxF3EjITMxIzEnYSMxJ2EjMSdhI0ETMSdhMyEnYSNBJ2ETQSdhJ2EfoRAA0F",
        "21": "JgBoAMD5EnYTdRN1E3YSMxJ1E3UTdRI0ETQSMxI0EXcRMxIzFDIRdxJ1EzMSMxF3EnYSMxF3ETQSMxN1FHQSMxMzEXcRNBE0EnYSMxJ2EjMSdhMyEjQRdhMzEXcRNBN1EjISdxJ1EvoSAA0F",
        "22": "JgBoAL77EXYRdxJ2EnYTMxB4EXcSdRI0EjIUMhIzEnYSMxMyEjMSdxF3ETMTMhI0EXcSMxN1EjMSMxJ2EXgSdRIzEnYSMxI0EXYSNBF3ETQTdRIzETQSdhE0EnYSMxN1EzMRdxJ2EfoRAA0F",
        "23": "JgBoAL/7EXcRdxF3EXcRNBJ2EnYSdhE0EzISMxIzEnYTMxA1EjMRdxF1FDMRNBJ2EjMTMhJ2EjQSMhJ2E3YSMhN1EnYTMxE0EnYSMxJ2EjMSdhI0EDQTdRMyEnYSNBJ2EjYPdxF2EvkSAA0F",
        "24": "JgBoAMH5EnYSdRN1E3USNBJ2EXcSdhIzETQRNBIzEnYSMxI0ETQSdhF3EjMTMhE0EzISNBF3ETQSMhN1EnYTdRJ3EnYSMhI0EXcSMxJ2EjMSdhMyEjQRdxEzEnYSMxN1EzMSdhJ2EfoSAA0F",
        "25": "JgBoAMH5EnYRdxJ2EnYTMhN1EnYTdRMyEjQRNBIzEnYSMxIzEjMTdRN1EzISNBB4EXcRdxE0EjMRNBF3EXcSMxIzEjQRdhI0EXcRMxN1EjMTdRI0ETQSdhIzEnYSNBF3ETMTdRJ2EvkTAA0F",
        "26": "JgBoAMH5EXcSdhN1EnUTMxJ2EnYRdxIzETQTMhE0EnYTMhI0ETQTdRJ2ETQTMhIzEnYSdhIzEzISNBJ2EXcRdxEzEzITdRMzEnYSMxN1EjMSdhI0ETMTdRIzE3UTMxJ1EzMSdhF3EfoSAA0F",
        "27": "JgBoAMD5E3UTdRJ2EnYRNBN1EnYTdRIzEzMRNBEzEnYSNBE0EjMSdhN1EzMRNBJ2EjISdxIzEjMSMxN1FHQSMxJ2ETURdxIyE3USMxN1EjQSdRQyEjMRdxIzE3USMxN1EjMSdhN1EvkTAA0F",
        "28": "JgBoAL77EXcRdxF3EXcRNBJ2EXcSdhE0EjMSMxIzE3UTMxE0EjIUdBN1EzISNBE0EzMRdhMzEjITMhJ3EXYSdhJ2EjQSdhE0EnYSMxJ2EjMSdhIzEjMTdRQxE3USNBJ2EjMRdxJ2EfoSAA0F",
        "29": "JgBoAMD6EnYSdhJ2EnYSMxN1EnYTdRIzEjQRNBIyE3YRNBE0EjMTdRN1EzMRNBJ2EnYRMxIzEzMSMxJ2E3UTMhE1EHgRdxEzE3USMxJ2FDISdRMzETQRdxIzEnYSMxF3ETQSdhN1EvkUAA0F",
        "30": "JgBoAL/6EnYSdhJ2EnYRNBF3EXcSdhMyEjMSMxMyE3USNBIyEzMRdhJ2EjQRNBMyEXcRNREzEjMSNBJ2EnYRdxIzEnYSdhIzEnYSMxN1ETQSdhE0EjQTdBI0EXcRNBF3EjMSdhJ2Ef0OAA0F"
      }
    },
    "dry": {
      "low": {
        "18": "JgBoAL76EnYSdhJ2EnYSMxMyFDIRdxE0EjMRNBE0EnYTdRN1EjMSdhI0EXYSNBEzEnYTdhJ2EjISdhQyEXcSdhIzETQSNBEzEncRMxN1EzISdhMzETQSdhMyEnYSNBB4EDQTdRJ2EfoSAA0F",
        "19": "JgBoAL/6EncRdxB4EHgSMhIzEjQRdhMzETQSMxE0EnYSdhJ2EjMTdRMyE3UTMxF3EjMSdhJ2EjMTdRIzEnUUMhF3EjMSMxI0EnYSMhR1EjISdhMzETQTdRE0EnYSMxJ2EjMSdxB3EfoTAA0F",
        "20": "JgBoAMH4EnYSdhJ2EXcSMxMyEzMRdxE0ETMSNBIzEnYSdhJ5EDISdhIzEnYSNBEzEzISdhJ2EzMSdhIzEnYRdxN1EjMSMxMyEXcSMxJ2EzITdRMzEjMSdhEzEncTMhJ2EjMSdhJ2EfoTAA0F",
        "21": "JgBoAL/7EXcRdxJ2EnYSMxE0EjMSdhE0EjMSNBE0E3USdhJ2EjMSdhIzEXcSMxJ2EnYRNBN1EzISdhMzEnURNRIyEnYTMxIzEnYSMxJ2EzISdhI0ETMSdhMyEnYTMxF3EjMSdhJ2EvkSAA0F",
        "22": "JgBoAMD6E3USdhJ2EXcSMxMyEjMSdhIzEzMRNBEzE3UTdhN1EjMSdhIzEnYRNBMyEnYSNBJ2ETQRdxIyEnYSdhMyEnYTMxIzEnYTMhJ2EjQRdxIyEzISdhMzEnUTMxJ2EjMRdxR0EvkRAA0F",
        "23": "JgBoAMH6EXcSdhF3EnYRNBIzEjMTdRE0ETQTMxIzEXcSdhF3ETQSdhIyEnYSNBJ2ETQSMxN1EjMRdxI0EnYRMxJ2E3USMxMzEngPNBN1EjMRdRQzEzIRdxE0E3USMxN1EjQSdhF3EfoTAA0F",
        "24": "JgBoAMD6EnYSdRJ2E3YSMxE0EjMSdhMyEjQSMhMzEXcSdRN1FDIRdxE0E3USMxI0EjITMhJ2EjQRdxE0EnYSdhF3EnYRNBIzEnYSMxF4ETMSdhMyEjQSdRMzEXcRNBJ2EjISdhN1E/kSAA0F",
        "25": "JgBoAL77EnYSdhF3EHgQNRIyEzMRdxE0EjMSNBIyEnYSdhN2ETMSdhIzEnYTMxF3EnYSdhE0EjMSdhI0EnUSMxIzEzMRdhI0EnYSMxJ2ETQRdxIzEjMSdhIzEnYTMxF2EjQRdxJ2EPsSAA0F",
        "26": "JgBoALr7EnYTdRN1EXcRNBIzEjMSdhIzEjMRNRIyEnYTdRN1EjMTdRI0EXcRNBIzEXcSdhIzETQSdhE0EnYSdhMyEzMTdRE0EnYTMhJ2ETURdhIzEzISdhMzEnUTMxF3EjMSdhN1EvkSAA0F",
        "27": "JgBmABJ3EnYRdxF3ETMTMhI0EnYRNBIzEjMSMxJ2EnYSdhMyE3UTMhJ2EjQRdxIzEXcTMhMyEnYRNBN1EjMSdhIzEnYSNBB4ETQSdhIyE3YRNBMyEnYSMxJ2EjQReA81EXcRdhL6EQANBQAA",
        "28": "JgBoAMD5EncSdhF3EncRMhMyEzMSdhIzEjMTMhE0E3UTdRN1EzISdhI0EnUSNBIzEjMSdhE0ETQSdhIzE3UTdRN1EzMRdhI0EXcRNBN1EjISeBA0ETQSdhIzEnYTMxB6DzQRdxF2EfsSAA0F",
        "29": "JgBoAMD6EnYRdxF3EXcSMxIzEjQRdhMzETQRNBE0EnYSdhF3EjMTdRIzE3USNBF3EXYRNREzEzMSdRMzEnYRNBMyE3USdhE1EXcRMxJ2EjMSdhI0EjMRdxE0EncRNBF2EzIRdxJ2EvkSAA0F",
        "30": "JgBoAL/7EnYSdhJ2EXcRNBMyEjMSdhIzEzMRNBIyEnYTdRJ2EjMTdxA0EnYRNBMyEXcRNREzEjQSdRI0EXcSdRI0EnYSdhIzEnYSMxJ2EjMRdxIzEjMTdRMyEnYSNBF3ETQSdhN1EfoRAA0F"
      },
      "med": {
        "18": "JgBoAMD6EXcTdRN1E3USMxF3EjMSdhMyEzMTMhIyEncTMhJ2EjMSdhIzE3USMxMzEXcQeBJ2ETQSdhMxEnYTdhIzEjMSMxMzEXYSNBF3ETMTdRIzEzMSdhE0EnYTMhJ2ETURdhJ3EPsRAA0F",
        "19": "JgBoAMH4EXcQdxJ2EnYSNBF3ETMTdhIyEzMRNBMyEnYSNBF3EjISdhMyE3USMxN1EjQSdhJ2EjMRdxE0EnYRNBF3ETQSMxMzEnUSNBF3ETQTdRIyEzMSdhIzE3USMxJ2EjQQdxJ2EvoRAA0F",
        "20": "JgBoAMH5E3USdhN1EnYSNBF2EjQRdxE0EzIRNRIyEnYTMhJ2EjQSdhIzEnYSMxI0ETMTdRN1EjMTdRMyE3UTdRN1EjQRNBE0EnYTMhF3EjMSdhIzEjQRdhI0EHgRNBJ2EjITdRN1EvoRAA0F",
        "21": "JgBoAL/6E3USdhJ2EnYRNBJ2ETQSdhIzEzMRNBE0EnYSMxF2FDISdhIzE3USMxN1E3UTMxJ1EjQRdxEzEncRMxMzEnYSMxMyEXcSNBF3ETMSdhIzEjYQdhIzEnYRNBF3EjMSdhF3EvoQAA0F",
        "22": "JgBoAL/6EnYTdRN1E3UTMxJ2EjMRdxIzEjMRNBIzEnYTMhN1EjQRdxIzEnYRNBIzEnYSMxJ2EjMTdRIzEnYTdRMzEXcSMxIyE3USNBF3EjMSdhIzEzISdhIzEncSMhJ2EjMSdhN1EvoRAA0F",
        "23": "JgBoAMD5FHUSdhJ2EnYSMhN1EjQRdxMyEjMTMxE0E3USMhJ2EzITdRMzEnYSMxJ2EzIRNRF3ETMTdRIzE3UTMxJ1EnYTMxIzEXcSMxJ2EjMSdhIzEjMSdhI0EnUSNBF3ETQSdhN1EvkSAA0F",
        "24": "JgBoAL/6E3UTdRJ2EnYSMxJ2EzISdhI0ETMTMhMzEnYRNBN1EjMTdRI0EXYRNBIzEzMSMxJ2ETQSdhIzEXYTdhN1EnYSMxE0EnYSMxJ2EzISdhMzETMSdxIyE3UTMxF3EjMSdhJ2EvkSAA0F",
        "25": "JgBoAL/7E3UTdRJ2EnYSMxN1EjMTdRI0ETQSMxMyEXcSMxN1EjMSeQ80EXYRNRJ2EXcRdxIzEjISdhMzEXcRNBIzEjQQdxMyEnYSMxN1EzITdRMzETQRdxIzEnYSMxF3ETQSdhJ2EfoTAA0F",
        "26": "JgBoAMD7EXcRdxF2EXcSNBF3ETQSdhIyEjQSMxIzEXcSNBF3ETQRdxEzE3UTMxE0EnYSdhIzETQSdhMyEXgRdxA0EjMSdhMzEXcSMxF3ETQSdhMyEjMRdxIzE3USMxJ2EjQRdxF3EfoSAA0F",
        "27": "JgBoAMD6EnYSdhJ2EnYSMxN1EjMTdRI0ETMTMhI0EnYSMxJ2EzISdhIzEnYTMhN1EjMSdhMzETQRdxE0EXcSMhJ3EzITdRE0EnYSMxN1EzITdRI0EjMTdREzE3YSMxF3ETQSdhN1EvsQAA0F",
        "28": "JgBoAL/5EnYTdRJ2EnYUMRJ2EjQRdxEzFDESNBIzEnYSMxF3EzMRdxEzEnYRNBMzETQSdhE0EjMTdRMyEXcSdhN1EjMSdhIyFHUTMxJ1EzMRdxE0EjMSdRMzEXcSMxN1EjMSdhN1EfsSAA0F",
        "29": "JgBoAL/5EnYRdxN1E3USMxF2EzMRdxIzEjMSNBA1EnYSMhJ2EzMRdxIzEnYSMxJ2EnYSMxMzETMTdRIzE3UTMxE0EnYSdhIzEnYSMxN1EjMSdxEzFDISdhIzEngQMxF3ETQSeQ92EvkSAA0F",
        "30": "JgBoAMD8EHcRdxF3EngPNBF3ETQRdxMyETQSMxI0EHcSNBF3EjMSdhEzEnYTMxE0E3UTMhI0ETMSdhIzE3USdhI0EXYTdhIzEXcSMxJ2EjQRdhI0ETMSdhIzEnYSMxJ2EzMRdxJ2EPsRAA0F"
      },
      "high": {
        "18": "JgBoAMH5EXcSdhF2E3USNBIzE3UTdRMyEjQQNREzEnYSdhMzETQSdhIzE3UTMhI0EXcRdxF3EjISdhMyEnYTdRIzEzMRNBIzEnYTMhF3ETQTdhEzEzMRdxE0EXcRNRF4EDMSdhN0E/kSAA0F",
        "19": "JgBoAMD6EnYSdhJ2EnUSNBIzFHQUdBMyEzMSMhMyEnYTdRI0EjMSdhIzEnYSMxJ2EjMSdhJ3ETMSdhIzE3UTMxJ2EjMSMxMyEnYSMxJ2EjMTdRMyEjQQeBA1EnYSMhJ3EjMSdhF3EfoSAA0F",
        "20": "JgBoAL/6E3UTdRJ2E3USMxI0EXcSdhE0EjITMxIzE3USdhIzEzMQdxE1EnYTMRMzEjMSdhJ2EjMRdxIzEXcSdxF2EzISMxIzE3UTMxJ3ETMSdhE0EjMRdxIzEnYSMxJ2EjMSdhN1EvkTAA0F",
        "21": "JgBoAL/6E3USdxF2EncRNBA0E3UTdRE0EjMTNBA0EnYRdxE0EjQQdxE0EXcRNBJ2E3YSNBF1EjQRdxA1EncRMhM0EHcSMxE0EncSMxN0EjMSdxA0EzITdhI0EHgRMxF3EjMSdhJ2EvoRAA0F",
        "22": "JgBoAL/6E3YRdxF2EncRMxI0EnYSdxQxETMSNBEzE3YRdhI0ETQRdxE0EXcRNBE1EHcSNBB3EjMSdxEzE3UTdRIzEncRNBE1EXYRMxJ2EzMRdxE0EjQRdxIzEXcRNRB3FDASdhN1EvkTAA0F",
        "23": "JgBoAL/6EnYRdxF2E3UTMxIzEncRdhIzEjQQNBIzE3UTdhE0ETQRdxE0EnQUMxF3EjQQNRF2EjMSdhMzEXcRNQ94EnYRNBIzEXcSMxF4EDQSdxEzEjUQdxEzEnYTMhR1EjMRdxF3EfoRAA0F",
        "24": "JgBoAMH6EXcReBB4EHcRNBEzE3YSdhIzEjMRNREzEnYSdxA1ETMSdhMyEncUMRE1EDQSMxN2ETQSdRE0EncSdRN1EnYSMxI0EXcRNBJ2EjMSdxEzEjMSdhE0EnYSNBF2EzMRdxJ2EPwQAA0F",
        "25": "JgBoAMH6E3USdhN1EncRMxIzEXgQdxIzEjMTMxE1EXYRdxE0EjMRdxIzEncQNBJ3EnUSdxEzEzMRdxE1EHcRMxI0EjQRdxA0EnYSNBF2EjUSdRE0ETMTdRI0EXcRNBJ3ETQSdhF2EfsRAA0F",
        "26": "JgBoAMH6EnYSdxJ1EnYSNBE1EHcSdhIzEjMRNBE1EXYSdhIzEzQQdxE0EHcSNBIzEXcRdxE0EjQRdhIzEnYTdhE0EDURdhIzEncSMxF3EjMQeREzEjMSdRMzEXcSMxJ2EjMTdRJ3EfoRAA0F",
        "27": "JgBoAL/6EXcRdxF3EXcRNBIzEnUSdxMyEjMRNBMzEXcRdxE0ETQSdRMzEXcSMxJ2EjMTdRIzEjQSdhEzEnYSMxJ2EjQRdxE0EncSMhJ2EjMSdhE1ETQSdRIzEnYTMxF3ETQRdxF3EfoSAA0F",
        "28": "JgBoAL77EXYSdhJ3EnYSNBA0EXgQdxMxEjQSMxIzEnYTdRMzETMSeBIxE3YRNBI0EDURdhIzETQReBA0EnYSdhJ2EjMSdhMzEnUTNBB3EjMSdhI0ETMSdxEzEnYRNBJ2EjQSdRJ3EfoSAA0F",
        "29": "JgBoAMD6FHURdhJ2EnYSNBE0EXcReBAzEjQRNREzEXcSdxE0EjQPeRAzEnYSMxN1EnYSNBE0EjMSdhMyEHkQNBIzE3UTdRMzEnUTMhF5EDQSdhE1ETMReBA0EnYRNBN2EjMSdRJ2EfsRAA0F",
        "30": "JgBoAL/7EnYRdxF3EXcRNREyEncSdhE1EDQSMxI1EHgQdxA1ETMSdhM0EHcSMxE0E3YRNBEzETQSdhI0EnUTdhE0EXcRdxE0EXcRNBF3EzMQeBA0ETURdhMzEnUTNBB3ETURdxF2EfoRAA0F"
      },
      "auto": {
        "18": "JgBoAL/6EXcTdhF3EXYSMxF3EncRdBQ0ETMTNBA1EXcRNBA1ETMTdhEzEnYTMxE1EHcRdxF4DzUSdhIyE3UTdRQzEDURMxI1D3gRMxJ2EjMSdhMzETQSeBAzEncRNBF2EjMReBF2EvkSAA0F",
        "19": "JgBoAL78EHgQeg52FHcQOAx4EHcReBA3DjUQNBE1EHoONw82DzUQeA85DnYRNRB3ETQSeA95DzcOeBE1EHkQNg54EDUQNg80EngPNg96DzgMeRA1EDUPeBA1EXgQNRB3ETUReBJ1D/0PAA0F",
        "20": "JgBoAL76EXgSdhJ2EXgRMxB4EnUSdxE1EDQRNBI0EnURNRE0ETQReBA0EXcRMxI1EDURdxB5EDQSdRI1D3gSdhF3EjMRNBE1EXYRNBF3ETUReBA0ETMSdhE0EncSMhJ3EjQQdxJ2EPsSAA0F",
        "21": "JgBoAL/9D3cRdxF2EncRNRB4EHcReBA1ETQSNQ80EXcRNBA2EDUPeRE1FXERNhB3EHgQNBN3EDQRdxA0EnYSNRA2D3gRNA44D3gRMxF4ETQQeBA2EDQRdxE2D3gPNhF4DzQRdhN3EPsRAA0F",
        "22": "JgBoAL38EXgQdxF3EXcRNBF2EXgSdhE1EDUQNREzEncRNRAzEzMRdxE0EXcRNRA0EncRNBJ2ETQRdxA1EXcRdxEzEncRNRA1EHcRNBJ3EDURdxA0ETURdhI0EnYSNBF3EDQReBF2EvoQAA0F",
        "23": "JgBoAL78EncRdhJ4D3cSNBB4EXYSeBA0EDURNREzEXgQNBIzEjQRdxA1EXYRNRJ3ETQQNRF2ETYQdxEzEXcRNRJ2EHgRNBE1EnURNBB4ETUQdxE1ETQRdhI0EXYSMxN2ETQRdxJ2EPwQAA0F",
        "24": "JgBoAL77EXcRdhB5EHgQNBJ3EXYSdxA2EDMSNBE0EnYRNBE1EDMSdxI0EHcRNRE0ETUQNBJ4DzMUdRE1EHcSdhF3EXcRNRA1EXcRNBF3EDUQeBE0EjMRdxE0EXcSNBB3EjMSdhN1EvoQAA0F",
        "25": "JgBoAL78D3gQeBB4EXYSMhJ3E3YRdxEzETURMxI0EHgSMxIzEjMSdRI1EXcRNBF3EHcTdhE1ETMRdxE1EHgPNRIzEjQRdhI0EXgQNBJ2ETMSdxE0ETMSdhI0EXgRNBF3EDQSdxJ2EPsQAA0F",
        "26": "JgBoAMD6EncRdxF3EXcSMhF3EXcReBE0ETISNRE0EXcRNg80EzMRdhIzEXgRNBE0EXcRdxMzETISdxIzEnYRdhM0EDURdxEzEXcSNBB5EDQRdxIyEjUQdxI0EHgRNBF3EjMQeBF2EvoRAA0F",
        "27": "JgBoAMH7EnUSdxB4EnYRNBB4EXcRdxIyEjQRNBE0EXcRNBIzEjQRdhIzE3USNBN1EjMRdxE1EDQRdxE1EHgRNBF2EjMTdhI0EHcRNRB4ETMReBEzEjMRdxIzE3YRNBF3ETQRdxJ2EfoRAA0F",
        "28": "JgBoAMD7EXYSdhJ2EncRNRB3EXcRdxI0ETISNBIzEncRMxE1EjMRdxA0E3USNhA0EDQSdxE0ETMSdhI0EXYSdhN1EzMSdhIzEnYRNBF3EjMSdxE0ETQRdxA0EnYTMxJ2ETQRdxF3EfoRAA0F",
        "29": "JgBoAMD6EXgRdxB4EHgQNRF2EXgRdxE0ETMRNBIzEnYSNRE0ETMRdxIzEXcSNBF2EnYSMxI0ETQSdhE0EXYTNBEzEnYUdRA0EnYSNBF3ETQSdhE0EjMRdhQyEXgRNBJ2ETQRdhJ2EfsQAA0F",
        "30": "JgBoAL77EXcRdxJ2EnUTNBF2EXcRdxE0EjMSMxE0EXcSMxI1ETQRdhIzEnYSNBA1EXcQNRE0ETQSdhE0EnYSdxEzEnYTdRE1EXcQNRF2EjQRdhI1EDUQdxIzEXYTNBB4ETQRdxJ1EfoSAA0F"
      }
    }
  }
}
