{
    "manufacturer":"Hantech",
    "supportedModels":[
      "A018-12KR2"
    ],
    "commandsEncoding": "Base64",
    "supportedController": "Broadlink",
    "minTemperature": 16,
    "maxTemperature": 25,
    "precision": 1,
    "operationModes":[
      "cool",
      "dry",
      "fan_only"
    ],
    "fanModes":[
      "low",
      "mid",
      "high"
    ],
    "commands":{
      "off":"JgB4AAABIZAQFBAUERMQOBE3ERMRExETERMRExAUEBMRExETERMRNxETEBQRExAUEBQQFBAUEDcSExATERMRNxISEDkRNxETEBMRExAUERMRExETEBQRExAUERIRExETERMRExAUERMRNxE3EDgRExA4ERMQFBETEwANBQ==",
      "cool":{
        "low":{
          "16":"JgB4AAABIo8QFBATEBUPOBE4EBMQFBAVDzgQFBE3EBQRFA8UEBUPOBAUEBUPOBEUDxUPFBATEDkRExATEBQQORATERMQFBAUEBQQFA4WEBUPExAUERMQFBETERMQFBAUEBQQFBATEBUQExEUDzgQFRA3EDkPOBAUFAANBQ==",
          "17":"JgB4AAABIJAQFQ8UEBQQORA3EBQQFQ8VDzgRFBA4ERMPFBAUEBQPORAUEBQPORAUEBMRFA8VDzkQFBAUDxUPORAUEBQPFBA4EBUPFBAUDxUPFBETERMRFA8UEBQQFQ4VDxYOFBEUDxQQFBEUEDcQFBA4DzkRExE4EQANBQ==",
          "18":"JgB4AAABIJEVDxETERMRNxE3EBQQFQ8UEDgQFBE3ERMRFA8UERMPORESEBQQOBAUEBQQFBETEDgQFBAUEBQQOBAUERMRNxEUDxQQFA8UERQQExETERMRExEUDxQQExETERMQFBAUEBQQFBAUETcQFBE3EDgRExETEQANBQ==",
          "19":"JgB4AAABIo8RExEUDxQRNxA4EBQQFBAUETcRFA84ERQQFBATEBQQOBETERIQOBEUEBMRExAUETcQFBAUERMSNhAUEBQQOBA4ERMRExETERMQExISERMQFBAUERMSEg8VERMQExETEBQQFBAVDzgRExA4EBQQOBA4EgANBQ==",
          "20":"JgB4AAABIJERExAUEBQPORE3ERQQExETEDgRExA4ERMQFBESEBQRNxETERQPOBETERMRExETEDgRExEUEBMQOBETEDgQFBAUEBQQFBATERMRExAUEBUPFBETEBQREhETEhIRExAUEBQRExAUEDgRExE3ERMQOBETEgANBQ==",
          "21":"JgB4AAABIJARExAUERMRNxA4EBQRExAUETcRExA4EBQPFRAUEBQQOBETEBQQOBETEBQQExETEDgQFBEUDxQQOBAUEDgRExA4EBQQFBAVEBMRExAUEBMRExETERMRExAUERQQExATERQQExETETcQFBE3EBQRExA4EgANBQ==",
          "22":"JgB4AAABIZARExETERIRNxE4ERISEhETEDgRExE3ERMRExETERQPOBETERMRNxETEBQQFBESETgRExESEBQRNxISETcRNxISEhIRFA8VEBMRExETERMQFBATEhIRExEUEBQQExEUEBMRExESETcSExA4ERISEhEUEQANBQ==",
          "23":"JgB4AAABIJEQFBETEBMQORA4ERMQFA8UETgPFBA5DxQPFg8VDxUPOQ8VDxURNhAVDxUOFg8UEDgQFBAUEBQQOBAUEDgQOBA4EhIRExETDxUPFBAVDxQPFRAVDxUPFQ8UEBQPFQ8VDxQSEhISEDkPFBAUEDkPOBA4EwANBQ==",
          "24":"JgB4AAABIZARExAUERMRNxE3ERMRExETETcRExA4ERMRExESEhIROBAUERIRNxETEhIRFBATETcRExAUEBQRNxE3ERMRExETERMRExATERMRExETEBQQFBEUDxQRExESEhISEhETERMQFBAUETcRFBATEDgRNxETEgANBQ==",
          "25":"JgB4AAABIJERExESEBQRNxE3EhIRExETETcRExA4ERMRExEUDxQQOBETERMRNxETERQPFBATEjcRExETFgoTORE3ERMREhE4EBMSEhETERMRExAUEBQRExETERMQExETEhIRExETERMRFBATETcRExETEDgRExA4EgANBQ=="
        },
        "mid":{
          "16":"JgB4AAABIZARExETERMQOBE3ERMRExETETcRExE3EBQQFBETERMRNxETERMRNxETEBQQExE3EhMQExETERMRNxAVEBMRExETERMRExAUEBMSEhETERMQFQ8VEBMRExETEBQREhAUERMQFBAUETcQFBA4EDgSEhE3EwANBQ==",
          "17":"JgB4AAABIZARExETERMRNxE3ERMQFBETETcRExE3ERMQFBETEBMROBESEhIRNxISEBQRExA4ERMRExETERMRNxETERMRExA4ERMQFBESERMRExETERMQFBEUEBQQExETEBMQFBAUERMRExAUETcRExE3EDgRExETEwANBQ==",
          "18":"JgB4AAABIZARExETEBQRNxE3ERMQFBETEDgRExA4ERMRExETERMRNxETEBQRNxETEBQREhE4ERMREhETERMRNxETEBQRNxETEBQRExETERMRExETERIRExAUERMRExETERQPFBATERMSEhETETcRExE3ERMQOBE3EwANBQ==",
          "19":"JgB4AAABIZARExEUEBMRNxA4EBQRExETETcRExE3EBQRFA8UEhIQOBAUERMQNxITERISEhE3ERMRExETERMRNxETERMRNxE3ERMRExETEBQQFBESERMQFBEUDxQRExETEBUPFBESERQQExAVDzgRExA4ERMRNxISEwANBQ==",
          "20":"JgB4AAABIZAQFBAUERMQOBE3ERMQFBETEDgRExE3ERMRExETEhIQOBETERIRNxISEhIRExE3ERMQFBETERMRNxETETcRExETERMQFBATEhISEhETERMRExEUDxQRExETERMREhETERMRExETETcRExE3EBQRExE3FAANBQ==",
          "21":"JgB4AAABIJEREhISERMRNxE3EhIRExETETcRExE3ERMSEhEUDxQRNxETERMRNxETERMRFA84ERMRExATEhIRNxISETcSEhE3ERMQFBETERMRExETERMQFBETERISEhETERMQFBAUERMQFBETETcRExE3ERMRExATEgANBQ==",
          "22":"JgB4AAABIZAQFBAUEBQQOBE3ERMQFBAUETcRExA4ERMQFQ8UEBMQORAUEBMRNxAVDxQRExA4EBQQFBAUEBQQOBAUEDgRNxAUERMRExAUEBQRExETEBMRExETERMRExAUEBQQFBETEBQQExETETcQFBAUEDgQOBA5EgANBQ==",
          "23":"JgB4AAABIZASERETERQQNxE3EhIRExETETcRExE3ERMQFBEUEBMQOBETERMRNxETEBUQExE3ERMQExISEBQRNxETETcRNxI3ERMREhETERMRExEUEBMRExETERMREhEUEBMRExETERQQExETETcRExAUEDgRNxETEwANBQ==",
          "24":"JgB4AAABIJERExAUERMRNxE3ERMRExETEDgRExI2EBQQExETEBUPOBEUEBMQOBETERMQFRA3ERMRExETEBQRNxE3ERMRExETERMRExATERMRExETEBQQFBETERMREhETERMRExETERMQFBETETcQFBETETcRExE3EgANBQ==",
          "25":"JgB4AAABIJERExAUEBQQOBA4EBQQFBETEDgQFBE3ERMRExAUEBMQORETEBMRNxETERQPFBA4EBQQFBETEBQQOBE3EBQQFQ84EBQRExEUDxQQFBESEBQRFA8UERMRFA8UERMQFBESERMRExAUEDgRExETEDgQFBETEgANBQ=="
        },
        "high":{
          "16":"JgB4AAABIJMKGQobDhUPORA4EBQPFg4VEDcQFRA4DxUPFBAUDhYPOg0WDxUNPgwVERQPOA8YChgKGQ8VEBQQOA8VDhURExAVDhUPFwwXDRYQFgoZCxgPFg4VDxQREw8VDxcKGA8VDxcKGA8VDzoOFQo+DxUNPA45EQANBQ==",
          "17":"JgB4AAABIZARExAUEBQQOBE3ERMRExETEDgQFBA4EBQREhETERQPOBETEBQRNxAUEBMSNxAUEBQQFRAUDxQRNxAVDhUPFBE4ERMQExETEBQQFBAVDxQRExATEhMREhAUEBQQFBAUEBQQFBATETgQFBA4ERMRNxESEgANBQ==",
          "18":"JgB4AAABIZASEhETEBQRNxE3ERMRExEUEDcRExA4ERMRExETERISNxESERMRNxITDxQRNxETERMQFBETEBQQOBETEhIRNxETERMSEhESEBQQFBAUEBQQFBETERMQExETERMRExAUERMRExEUDzgRExE3ERMRExE3EgANBQ==",
          "19":"JgB4AAABIJEQExEUEBMRNxE3ERQPFBETEDgRFBA3ERMQFBETERMQOBAUEBQRNxETEBQRNxETERMQFBATERMQOBAUEBQRNxA4ERMRExETERMRExETERMRExESEBQRExAUEBQRExETERQPFBATEDgQFBE4ERIRExAVEgANBQ==",
          "20":"JgB4AAABIZARExETERMQOBE3ERMQFBAUEDgRExE3ERMRExEUEBMQOBAUERIROBETERIROBESERMRExAUEBQRNxETETcRExAUERMRFA8UERMREhISERMRFA8UERMRExAUERMREhETERMRExETETcRExETEDgQOBE3EwANBQ==",
          "21":"JgB4AAABIZAREhETERMQOBI3ERIRExAUETYSExA4ERMRExETERMRNxAUEBQQOBETERMRNxETERMRExATERMQOBITEDcSEhE3EhMREw8UERMQFBETEBQRExETERIRExETERMRExETEBQQFBAUETcRExETETcRNxETEwANBQ==",
          "22":"JgB4AAABIZAQExAUERMQOBE4ERIRExETETcRExE3ERMQFBETERMQOBETERMQOBETEBQQOBETERMRExATERMQOBISETcSNhITEBMQFBETERMRExETEBQRExETERMQExETERMRExEUEBMRFBASEjcRExETEDgREhE3EwANBQ==",
          "23":"JgB4AAABIZARExETEhEQORA4ERMQFBATEjcQFBA4EBQQExETERMRNxETEhIRNxAUERMRNxETEBQRExETERMRNxETETcRNxE3ERMRExETERQPFBETERIRExAUEBQRExETERMRExETEBMRExAUETcRExETETcQFBETEwANBQ==",
          "24":"JgB4AAABIZASEhETERMRNxE3EBQRExETETcRExE3ERMRFBATEBQQOBETERMRNxETERMRNxETEBQQExETERMRNxE4EBMRExAVEBMRExETERMRExETEBMRExETERMQFBAUEBQRExETERMQExETETcRExETEBQROBA3EwANBQ==",
          "25":"JgB4AAABIZAQFBAUEBQRNxA4ERMQFBETETcQFBA4EBUPFBAUEBUPOBETEBQQOBAUEBMROBATERQPFBETEBQRNxE3EBQRExA4ERMRExETEBQRExAVDxQRExATEBQRFBATERMQFBETERMSERETETcSEhAUEBQQOBETEgANBQ=="
        }
      },
      "dry":{
        "low":{
          "16":"JgB4AAABIJERExETERMRNxE3ERMQFQ8UETcQFBETERMREhISETcRExETERMRNxETERMRFBATETcRExETERMQOBE3ERMQFBE3ERMRExATEBQRFA8UERMQFBAUEBQREhISEBQRExEUDxUPFBA4ERQQExETEDgREhISEwANBQ==",
          "17":"JgB4AAABIJERExETERMRNxE3ERMQFQ8UETcQFBETERMREhISETcRExETERMRNxETERMRFBATETcRExETERMQOBE3ERMQFBE3ERMRExATEBQRFA8UERMQFBAUEBQREhISEBQRExEUDxUPFBA4ERQQExETEDgREhISEwANBQ==",
          "18":"JgB4AAABIJERExETERMRNxE3ERMQFQ8UETcQFBETERMREhISETcRExETERMRNxETERMRFBATETcRExETERMQOBE3ERMQFBE3ERMRExATEBQRFA8UERMQFBAUEBQREhISEBQRExEUDxUPFBA4ERQQExETEDgREhISEwANBQ==",
          "19":"JgB4AAABIJERExETERMRNxE3ERMQFQ8UETcQFBETERMREhISETcRExETERMRNxETERMRFBATETcRExETERMQOBE3ERMQFBE3ERMRExATEBQRFA8UERMQFBAUEBQREhISEBQRExEUDxUPFBA4ERQQExETEDgREhISEwANBQ==",
          "20":"JgB4AAABIJERExETERMRNxE3ERMQFQ8UETcQFBETERMREhISETcRExETERMRNxETERMRFBATETcRExETERMQOBE3ERMQFBE3ERMRExATEBQRFA8UERMQFBAUEBQREhISEBQRExEUDxUPFBA4ERQQExETEDgREhISEwANBQ==",
          "21":"JgB4AAABIJERExETERMRNxE3ERMQFQ8UETcQFBETERMREhISETcRExETERMRNxETERMRFBATETcRExETERMQOBE3ERMQFBE3ERMRExATEBQRFA8UERMQFBAUEBQREhISEBQRExEUDxUPFBA4ERQQExETEDgREhISEwANBQ==",
          "22":"JgB4AAABIJERExETERMRNxE3ERMQFQ8UETcQFBETERMREhISETcRExETERMRNxETERMRFBATETcRExETERMQOBE3ERMQFBE3ERMRExATEBQRFA8UERMQFBAUEBQREhISEBQRExEUDxUPFBA4ERQQExETEDgREhISEwANBQ==",
          "23":"JgB4AAABIJERExETERMRNxE3ERMQFQ8UETcQFBETERMREhISETcRExETERMRNxETERMRFBATETcRExETERMQOBE3ERMQFBE3ERMRExATEBQRFA8UERMQFBAUEBQREhISEBQRExEUDxUPFBA4ERQQExETEDgREhISEwANBQ==",
          "24":"JgB4AAABIJERExETERMRNxE3ERMQFQ8UETcQFBETERMREhISETcRExETERMRNxETERMRFBATETcRExETERMQOBE3ERMQFBE3ERMRExATEBQRFA8UERMQFBAUEBQREhISEBQRExEUDxUPFBA4ERQQExETEDgREhISEwANBQ==",
          "25":"JgB4AAABIJERExETERMRNxE3ERMQFQ8UETcQFBETERMREhISETcRExETERMRNxETERMRFBATETcRExETERMQOBE3ERMQFBE3ERMRExATEBQRFA8UERMQFBAUEBQREhISEBQRExEUDxUPFBA4ERQQExETEDgREhISEwANBQ=="
        },
        "mid":{
          "16":"JgB4AAABIJERExETERMRNxE3ERMQFQ8UETcQFBETERMREhISETcRExETERMRNxETERMRFBATETcRExETERMQOBE3ERMQFBE3ERMRExATEBQRFA8UERMQFBAUEBQREhISEBQRExEUDxUPFBA4ERQQExETEDgREhISEwANBQ==",
          "17":"JgB4AAABIJERExETERMRNxE3ERMQFQ8UETcQFBETERMREhISETcRExETERMRNxETERMRFBATETcRExETERMQOBE3ERMQFBE3ERMRExATEBQRFA8UERMQFBAUEBQREhISEBQRExEUDxUPFBA4ERQQExETEDgREhISEwANBQ==",
          "18":"JgB4AAABIJERExETERMRNxE3ERMQFQ8UETcQFBETERMREhISETcRExETERMRNxETERMRFBATETcRExETERMQOBE3ERMQFBE3ERMRExATEBQRFA8UERMQFBAUEBQREhISEBQRExEUDxUPFBA4ERQQExETEDgREhISEwANBQ==",
          "19":"JgB4AAABIJERExETERMRNxE3ERMQFQ8UETcQFBETERMREhISETcRExETERMRNxETERMRFBATETcRExETERMQOBE3ERMQFBE3ERMRExATEBQRFA8UERMQFBAUEBQREhISEBQRExEUDxUPFBA4ERQQExETEDgREhISEwANBQ==",
          "20":"JgB4AAABIJERExETERMRNxE3ERMQFQ8UETcQFBETERMREhISETcRExETERMRNxETERMRFBATETcRExETERMQOBE3ERMQFBE3ERMRExATEBQRFA8UERMQFBAUEBQREhISEBQRExEUDxUPFBA4ERQQExETEDgREhISEwANBQ==",
          "21":"JgB4AAABIJERExETERMRNxE3ERMQFQ8UETcQFBETERMREhISETcRExETERMRNxETERMRFBATETcRExETERMQOBE3ERMQFBE3ERMRExATEBQRFA8UERMQFBAUEBQREhISEBQRExEUDxUPFBA4ERQQExETEDgREhISEwANBQ==",
          "22":"JgB4AAABIJERExETERMRNxE3ERMQFQ8UETcQFBETERMREhISETcRExETERMRNxETERMRFBATETcRExETERMQOBE3ERMQFBE3ERMRExATEBQRFA8UERMQFBAUEBQREhISEBQRExEUDxUPFBA4ERQQExETEDgREhISEwANBQ==",
          "23":"JgB4AAABIJERExETERMRNxE3ERMQFQ8UETcQFBETERMREhISETcRExETERMRNxETERMRFBATETcRExETERMQOBE3ERMQFBE3ERMRExATEBQRFA8UERMQFBAUEBQREhISEBQRExEUDxUPFBA4ERQQExETEDgREhISEwANBQ==",
          "24":"JgB4AAABIJERExETERMRNxE3ERMQFQ8UETcQFBETERMREhISETcRExETERMRNxETERMRFBATETcRExETERMQOBE3ERMQFBE3ERMRExATEBQRFA8UERMQFBAUEBQREhISEBQRExEUDxUPFBA4ERQQExETEDgREhISEwANBQ==",
          "25":"JgB4AAABIJERExETERMRNxE3ERMQFQ8UETcQFBETERMREhISETcRExETERMRNxETERMRFBATETcRExETERMQOBE3ERMQFBE3ERMRExATEBQRFA8UERMQFBAUEBQREhISEBQRExEUDxUPFBA4ERQQExETEDgREhISEwANBQ=="
        },
        "high":{
          "16":"JgB4AAABIJERExETERMRNxE3ERMQFQ8UETcQFBETERMREhISETcRExETERMRNxETERMRFBATETcRExETERMQOBE3ERMQFBE3ERMRExATEBQRFA8UERMQFBAUEBQREhISEBQRExEUDxUPFBA4ERQQExETEDgREhISEwANBQ==",
          "17":"JgB4AAABIJERExETERMRNxE3ERMQFQ8UETcQFBETERMREhISETcRExETERMRNxETERMRFBATETcRExETERMQOBE3ERMQFBE3ERMRExATEBQRFA8UERMQFBAUEBQREhISEBQRExEUDxUPFBA4ERQQExETEDgREhISEwANBQ==",
          "18":"JgB4AAABIJERExETERMRNxE3ERMQFQ8UETcQFBETERMREhISETcRExETERMRNxETERMRFBATETcRExETERMQOBE3ERMQFBE3ERMRExATEBQRFA8UERMQFBAUEBQREhISEBQRExEUDxUPFBA4ERQQExETEDgREhISEwANBQ==",
          "19":"JgB4AAABIJERExETERMRNxE3ERMQFQ8UETcQFBETERMREhISETcRExETERMRNxETERMRFBATETcRExETERMQOBE3ERMQFBE3ERMRExATEBQRFA8UERMQFBAUEBQREhISEBQRExEUDxUPFBA4ERQQExETEDgREhISEwANBQ==",
          "20":"JgB4AAABIJERExETERMRNxE3ERMQFQ8UETcQFBETERMREhISETcRExETERMRNxETERMRFBATETcRExETERMQOBE3ERMQFBE3ERMRExATEBQRFA8UERMQFBAUEBQREhISEBQRExEUDxUPFBA4ERQQExETEDgREhISEwANBQ==",
          "21":"JgB4AAABIJERExETERMRNxE3ERMQFQ8UETcQFBETERMREhISETcRExETERMRNxETERMRFBATETcRExETERMQOBE3ERMQFBE3ERMRExATEBQRFA8UERMQFBAUEBQREhISEBQRExEUDxUPFBA4ERQQExETEDgREhISEwANBQ==",
          "22":"JgB4AAABIJERExETERMRNxE3ERMQFQ8UETcQFBETERMREhISETcRExETERMRNxETERMRFBATETcRExETERMQOBE3ERMQFBE3ERMRExATEBQRFA8UERMQFBAUEBQREhISEBQRExEUDxUPFBA4ERQQExETEDgREhISEwANBQ==",
          "23":"JgB4AAABIJERExETERMRNxE3ERMQFQ8UETcQFBETERMREhISETcRExETERMRNxETERMRFBATETcRExETERMQOBE3ERMQFBE3ERMRExATEBQRFA8UERMQFBAUEBQREhISEBQRExEUDxUPFBA4ERQQExETEDgREhISEwANBQ==",
          "24":"JgB4AAABIJERExETERMRNxE3ERMQFQ8UETcQFBETERMREhISETcRExETERMRNxETERMRFBATETcRExETERMQOBE3ERMQFBE3ERMRExATEBQRFA8UERMQFBAUEBQREhISEBQRExEUDxUPFBA4ERQQExETEDgREhISEwANBQ==",
          "25":"JgB4AAABIJERExETERMRNxE3ERMQFQ8UETcQFBETERMREhISETcRExETERMRNxETERMRFBATETcRExETERMQOBE3ERMQFBE3ERMRExATEBQRFA8UERMQFBAUEBQREhISEBQRExEUDxUPFBA4ERQQExETEDgREhISEwANBQ=="
        }
      },
      "fan_only":{
        "low":{
          "16":"JgB4AAABH5IQExEUDxQQOBA4EBUREg8WEDcRExAUEBQQFBA4ERMQFRASEBUPOBEUDxYPEw8WEDgPFBAVEBQPOQ85EBQQExE3EBUPFBAUEBMQFRETDxQQFg4UEBUQExAUERMPFRARERUQFw04EBUPFA8WDxQRNxETEQANBQ==",
          "17":"JgB4AAABH5IQExEUDxQQOBA4EBUREg8WEDcRExAUEBQQFBA4ERMQFRASEBUPOBEUDxYPEw8WEDgPFBAVEBQPOQ85EBQQExE3EBUPFBAUEBMQFRETDxQQFg4UEBUQExAUERMPFRARERUQFw04EBUPFA8WDxQRNxETEQANBQ==",
          "18":"JgB4AAABH5IQExEUDxQQOBA4EBUREg8WEDcRExAUEBQQFBA4ERMQFRASEBUPOBEUDxYPEw8WEDgPFBAVEBQPOQ85EBQQExE3EBUPFBAUEBMQFRETDxQQFg4UEBUQExAUERMPFRARERUQFw04EBUPFA8WDxQRNxETEQANBQ==",
          "19":"JgB4AAABH5IQExEUDxQQOBA4EBUREg8WEDcRExAUEBQQFBA4ERMQFRASEBUPOBEUDxYPEw8WEDgPFBAVEBQPOQ85EBQQExE3EBUPFBAUEBMQFRETDxQQFg4UEBUQExAUERMPFRARERUQFw04EBUPFA8WDxQRNxETEQANBQ==",
          "20":"JgB4AAABH5IQExEUDxQQOBA4EBUREg8WEDcRExAUEBQQFBA4ERMQFRASEBUPOBEUDxYPEw8WEDgPFBAVEBQPOQ85EBQQExE3EBUPFBAUEBMQFRETDxQQFg4UEBUQExAUERMPFRARERUQFw04EBUPFA8WDxQRNxETEQANBQ==",
          "21":"JgB4AAABH5IQExEUDxQQOBA4EBUREg8WEDcRExAUEBQQFBA4ERMQFRASEBUPOBEUDxYPEw8WEDgPFBAVEBQPOQ85EBQQExE3EBUPFBAUEBMQFRETDxQQFg4UEBUQExAUERMPFRARERUQFw04EBUPFA8WDxQRNxETEQANBQ==",
          "22":"JgB4AAABH5IQExEUDxQQOBA4EBUREg8WEDcRExAUEBQQFBA4ERMQFRASEBUPOBEUDxYPEw8WEDgPFBAVEBQPOQ85EBQQExE3EBUPFBAUEBMQFRETDxQQFg4UEBUQExAUERMPFRARERUQFw04EBUPFA8WDxQRNxETEQANBQ==",
          "23":"JgB4AAABH5IQExEUDxQQOBA4EBUREg8WEDcRExAUEBQQFBA4ERMQFRASEBUPOBEUDxYPEw8WEDgPFBAVEBQPOQ85EBQQExE3EBUPFBAUEBMQFRETDxQQFg4UEBUQExAUERMPFRARERUQFw04EBUPFA8WDxQRNxETEQANBQ==",
          "24":"JgB4AAABH5IQExEUDxQQOBA4EBUREg8WEDcRExAUEBQQFBA4ERMQFRASEBUPOBEUDxYPEw8WEDgPFBAVEBQPOQ85EBQQExE3EBUPFBAUEBMQFRETDxQQFg4UEBUQExAUERMPFRARERUQFw04EBUPFA8WDxQRNxETEQANBQ==",
          "25":"JgB4AAABH5IQExEUDxQQOBA4EBUREg8WEDcRExAUEBQQFBA4ERMQFRASEBUPOBEUDxYPEw8WEDgPFBAVEBQPOQ85EBQQExE3EBUPFBAUEBMQFRETDxQQFg4UEBUQExAUERMPFRARERUQFw04EBUPFA8WDxQRNxETEQANBQ=="
        },
        "mid":{
          "16":"JgB4AAABIZAREw8UEBUPORA4EBMRExETEDgRExAVEDgPFBA4EBUPFBAUERMRNxAUEBQQFRA3EBUPFBAUEBMQORA4EBQREhA5ERIRExAVEBMQFBAUEBQQFRATEBMQFRAUDxUPFBAUDxYPFQ8UDzkQOBETEBQQFA85EQANBQ==",
          "17":"JgB4AAABIZAREw8UEBUPORA4EBMRExETEDgRExAVEDgPFBA4EBUPFBAUERMRNxAUEBQQFRA3EBUPFBAUEBMQORA4EBQREhA5ERIRExAVEBMQFBAUEBQQFRATEBMQFRAUDxUPFBAUDxYPFQ8UDzkQOBETEBQQFA85EQANBQ==",
          "18":"JgB4AAABIZAREw8UEBUPORA4EBMRExETEDgRExAVEDgPFBA4EBUPFBAUERMRNxAUEBQQFRA3EBUPFBAUEBMQORA4EBQREhA5ERIRExAVEBMQFBAUEBQQFRATEBMQFRAUDxUPFBAUDxYPFQ8UDzkQOBETEBQQFA85EQANBQ==",
          "19":"JgB4AAABIZAREw8UEBUPORA4EBMRExETEDgRExAVEDgPFBA4EBUPFBAUERMRNxAUEBQQFRA3EBUPFBAUEBMQORA4EBQREhA5ERIRExAVEBMQFBAUEBQQFRATEBMQFRAUDxUPFBAUDxYPFQ8UDzkQOBETEBQQFA85EQANBQ==",
          "20":"JgB4AAABIZAREw8UEBUPORA4EBMRExETEDgRExAVEDgPFBA4EBUPFBAUERMRNxAUEBQQFRA3EBUPFBAUEBMQORA4EBQREhA5ERIRExAVEBMQFBAUEBQQFRATEBMQFRAUDxUPFBAUDxYPFQ8UDzkQOBETEBQQFA85EQANBQ==",
          "21":"JgB4AAABIZAREw8UEBUPORA4EBMRExETEDgRExAVEDgPFBA4EBUPFBAUERMRNxAUEBQQFRA3EBUPFBAUEBMQORA4EBQREhA5ERIRExAVEBMQFBAUEBQQFRATEBMQFRAUDxUPFBAUDxYPFQ8UDzkQOBETEBQQFA85EQANBQ==",
          "22":"JgB4AAABIZAREw8UEBUPORA4EBMRExETEDgRExAVEDgPFBA4EBUPFBAUERMRNxAUEBQQFRA3EBUPFBAUEBMQORA4EBQREhA5ERIRExAVEBMQFBAUEBQQFRATEBMQFRAUDxUPFBAUDxYPFQ8UDzkQOBETEBQQFA85EQANBQ==",
          "23":"JgB4AAABIZAREw8UEBUPORA4EBMRExETEDgRExAVEDgPFBA4EBUPFBAUERMRNxAUEBQQFRA3EBUPFBAUEBMQORA4EBQREhA5ERIRExAVEBMQFBAUEBQQFRATEBMQFRAUDxUPFBAUDxYPFQ8UDzkQOBETEBQQFA85EQANBQ==",
          "24":"JgB4AAABIZAREw8UEBUPORA4EBMRExETEDgRExAVEDgPFBA4EBUPFBAUERMRNxAUEBQQFRA3EBUPFBAUEBMQORA4EBQREhA5ERIRExAVEBMQFBAUEBQQFRATEBMQFRAUDxUPFBAUDxYPFQ8UDzkQOBETEBQQFA85EQANBQ==",
          "25":"JgB4AAABIZAREw8UEBUPORA4EBMRExETEDgRExAVEDgPFBA4EBUPFBAUERMRNxAUEBQQFRA3EBUPFBAUEBMQORA4EBQREhA5ERIRExAVEBMQFBAUEBQQFRATEBMQFRAUDxUPFBAUDxYPFQ8UDzkQOBETEBQQFA85EQANBQ=="
        },
        "high":{
          "16":"JgB4AAABIY8SEhETEBQRNxE3EhITERETEDgQFBAUEDgRFBA3EBQQFBAUEBQQOBAUEBQPORATERQPFBAUEBQQOBA4EBQQFBA4ERMQFRATERMRExATERQQExISEBQQFA8VEBQSEg8UEBQQFBAUEDgRExE3EDgQOBE3EwANBQ==",
          "17":"JgB4AAABIY8SEhETEBQRNxE3EhITERETEDgQFBAUEDgRFBA3EBQQFBAUEBQQOBAUEBQPORATERQPFBAUEBQQOBA4EBQQFBA4ERMQFRATERMRExATERQQExISEBQQFA8VEBQSEg8UEBQQFBAUEDgRExE3EDgQOBE3EwANBQ==",
          "18":"JgB4AAABIY8SEhETEBQRNxE3EhITERETEDgQFBAUEDgRFBA3EBQQFBAUEBQQOBAUEBQPORATERQPFBAUEBQQOBA4EBQQFBA4ERMQFRATERMRExATERQQExISEBQQFA8VEBQSEg8UEBQQFBAUEDgRExE3EDgQOBE3EwANBQ==",
          "19":"JgB4AAABIY8SEhETEBQRNxE3EhITERETEDgQFBAUEDgRFBA3EBQQFBAUEBQQOBAUEBQPORATERQPFBAUEBQQOBA4EBQQFBA4ERMQFRATERMRExATERQQExISEBQQFA8VEBQSEg8UEBQQFBAUEDgRExE3EDgQOBE3EwANBQ==",
          "20":"JgB4AAABIY8SEhETEBQRNxE3EhITERETEDgQFBAUEDgRFBA3EBQQFBAUEBQQOBAUEBQPORATERQPFBAUEBQQOBA4EBQQFBA4ERMQFRATERMRExATERQQExISEBQQFA8VEBQSEg8UEBQQFBAUEDgRExE3EDgQOBE3EwANBQ==",
          "21":"JgB4AAABIY8SEhETEBQRNxE3EhITERETEDgQFBAUEDgRFBA3EBQQFBAUEBQQOBAUEBQPORATERQPFBAUEBQQOBA4EBQQFBA4ERMQFRATERMRExATERQQExISEBQQFA8VEBQSEg8UEBQQFBAUEDgRExE3EDgQOBE3EwANBQ==",
          "22":"JgB4AAABIY8SEhETEBQRNxE3EhITERETEDgQFBAUEDgRFBA3EBQQFBAUEBQQOBAUEBQPORATERQPFBAUEBQQOBA4EBQQFBA4ERMQFRATERMRExATERQQExISEBQQFA8VEBQSEg8UEBQQFBAUEDgRExE3EDgQOBE3EwANBQ==",
          "23":"JgB4AAABIY8SEhETEBQRNxE3EhITERETEDgQFBAUEDgRFBA3EBQQFBAUEBQQOBAUEBQPORATERQPFBAUEBQQOBA4EBQQFBA4ERMQFRATERMRExATERQQExISEBQQFA8VEBQSEg8UEBQQFBAUEDgRExE3EDgQOBE3EwANBQ==",
          "24":"JgB4AAABIY8SEhETEBQRNxE3EhITERETEDgQFBAUEDgRFBA3EBQQFBAUEBQQOBAUEBQPORATERQPFBAUEBQQOBA4EBQQFBA4ERMQFRATERMRExATERQQExISEBQQFA8VEBQSEg8UEBQQFBAUEDgRExE3EDgQOBE3EwANBQ==",
          "25":"JgB4AAABIY8SEhETEBQRNxE3EhITERETEDgQFBAUEDgRFBA3EBQQFBAUEBQQOBAUEBQPORATERQPFBAUEBQQOBA4EBQQFBA4ERMQFRATERMRExATERQQExISEBQQFA8VEBQSEg8UEBQQFBAUEDgRExE3EDgQOBE3EwANBQ=="
        }
      }
    }
  }