{
    "manufacturer":"Hantech",
    "supportedModels":[
      "A016-09KR2/A"
    ],
    "commandsEncoding": "Base64",
    "supportedController": "Broadlink",
    "minTemperature": 16,
    "maxTemperature": 31,
    "precision": 1,
    "operationModes":[
      "cool",
      "dry",
      "fan_only"
    ],
    "fanModes":[
      "low",
      "high"
    ],
    "commands":{
      "off":"JgB4AAABIZAQFBAUERMQOBE3ERMRExETERMRExAUEBMRExETERMRNxETEBQRExAUEBQQFBAUEDcSExATERMRNxISEDkRNxETEBMRExAUERMRExETEBQRExAUERIRExETERMRExAUERMRNxE3EDgRExA4ERMQFBETEwANBQ==",
      "cool":{
        "low":{
          "16":"JgB4AAABIo8QFBATEBUPOBE4EBMQFBAVDzgQFBE3EBQRFA8UEBUPOBAUEBUPOBEUDxUPFBATEDkRExATEBQQORATERMQFBAUEBQQFA4WEBUPExAUERMQFBETERMQFBAUEBQQFBATEBUQExEUDzgQFRA3EDkPOBAUFAANBQ==",
          "17":"JgB4AAABIJAQFQ8UEBQQORA3EBQQFQ8VDzgRFBA4ERMPFBAUEBQPORAUEBQPORAUEBMRFA8VDzkQFBAUDxUPORAUEBQPFBA4EBUPFBAUDxUPFBETERMRFA8UEBQQFQ4VDxYOFBEUDxQQFBEUEDcQFBA4DzkRExE4EQANBQ==",
          "18":"JgB4AAABIJEVDxETERMRNxE3EBQQFQ8UEDgQFBE3ERMRFA8UERMPORESEBQQOBAUEBQQFBETEDgQFBAUEBQQOBAUERMRNxEUDxQQFA8UERQQExETERMRExEUDxQQExETERMQFBAUEBQQFBAUETcQFBE3EDgRExETEQANBQ==",
          "19":"JgB4AAABIo8RExEUDxQRNxA4EBQQFBAUETcRFA84ERQQFBATEBQQOBETERIQOBEUEBMRExAUETcQFBAUERMSNhAUEBQQOBA4ERMRExETERMQExISERMQFBAUERMSEg8VERMQExETEBQQFBAVDzgRExA4EBQQOBA4EgANBQ==",
          "20":"JgB4AAABIJERExAUEBQPORE3ERQQExETEDgRExA4ERMQFBESEBQRNxETERQPOBETERMRExETEDgRExEUEBMQOBETEDgQFBAUEBQQFBATERMRExAUEBUPFBETEBQREhETEhIRExAUEBQRExAUEDgRExE3ERMQOBETEgANBQ==",
          "21":"JgB4AAABIJARExAUERMRNxA4EBQRExAUETcRExA4EBQPFRAUEBQQOBETEBQQOBETEBQQExETEDgQFBEUDxQQOBAUEDgRExA4EBQQFBAVEBMRExAUEBMRExETERMRExAUERQQExATERQQExETETcQFBE3EBQRExA4EgANBQ==",
          "22":"JgB4AAABIZARExETERIRNxE4ERISEhETEDgRExE3ERMRExETERQPOBETERMRNxETEBQQFBESETgRExESEBQRNxISETcRNxISEhIRFA8VEBMRExETERMQFBATEhIRExEUEBQQExEUEBMRExESETcSExA4ERISEhEUEQANBQ==",
          "23":"JgB4AAABIJEQFBETEBMQORA4ERMQFA8UETgPFBA5DxQPFg8VDxUPOQ8VDxURNhAVDxUOFg8UEDgQFBAUEBQQOBAUEDgQOBA4EhIRExETDxUPFBAVDxQPFRAVDxUPFQ8UEBQPFQ8VDxQSEhISEDkPFBAUEDkPOBA4EwANBQ==",
          "24":"JgB4AAABIZARExAUERMRNxE3ERMRExETETcRExA4ERMRExESEhIROBAUERIRNxETEhIRFBATETcRExAUEBQRNxE3ERMRExETERMRExATERMRExETEBQQFBEUDxQRExESEhISEhETERMQFBAUETcRFBATEDgRNxETEgANBQ==",
          "25":"JgB4AAABIJERExESEBQRNxE3EhIRExETETcRExA4ERMRExEUDxQQOBETERMRNxETERQPFBATEjcRExETFgoTORE3ERMREhE4EBMSEhETERMRExAUEBQRExETERMQExETEhIRExETERMRFBATETcRExETEDgRExA4EgANBQ==",
          "26":"JgB4AAABHI8REhETERMRNhE3ERIRExETETYRExE3ERIRExETERMRNhETERMREhETERMRExESETcRExATERMRNhE3ERMRNhETERMREhETERMRExESERMRExETEBMRExETERIRExETERMREhE3ERMREhETETcREhETEQANBQAAAAAAAAAAAAAAAAAA",
          "27":"JgB4AAABHY4RExETERIROBA2ERMRExESETcRExE2ERMRExESERMRNxATERMRExESERMRExETETYRExETERIRNxE2ERMRNhE3ERMREhETERMRExESERMRExESEhIRExETERIRExETERMREhE3ERMRExATERMRNhE3EQANBQAAAAAAAAAAAAAAAAAA",
          "28":"JgB4AAABG48RExETERIRNxE2ERMRExETETYRExE2ERMRExETERIRNxESERMRExETERIRExETETYRExETERMRNhE2ETcRExESERMRExETERISEhETERMQExETERMRExATEBQRExESERMRExE2ERMRExETERIRNxETEAANBQAAAAAAAAAAAAAAAAAA",
          "29":"JgB4AAABHI4RExETERMRNhE2ERMRExETETYRExE2ERMRExETERIRNxETERIRExETERMREhETETYRExETERMRNhE3ETYRExE2ERMRExETERIRExETERISEhETERMRExATERMRExESERMRExE2ERMRExETERIRExE2EQANBQAAAAAAAAAAAAAAAAAA",
          "30":"JgB4AAABG48RExETERMRNhE3ERIRExETETYRExE2ERMRExETERIRNxETERIRExETERMREhETETcREhETERMRNhE3ETYRNxESERMRExETERIRExETERMREhETERMRExESERMRExETEBMRExE2ERMRExETEBMRExETEQANBQAAAAAAAAAAAAAAAAAA",
          "31":"JgB4AAABHY4RExETERIRNxE2ERMRExETETYRExE2ERMRExESERMRNxESERMRExETERIRExETETYRExETERMRNhE2ETcRNhE3ERMREhETERMRExESERMRExETERIRExETERIRExETERMRExATETcRNhE3ETYRNxE2EQANBQAAAAAAAAAAAAAAAAAA"
        },
        "high":{
          "16":"JgB4AAABIJMKGQobDhUPORA4EBQPFg4VEDcQFRA4DxUPFBAUDhYPOg0WDxUNPgwVERQPOA8YChgKGQ8VEBQQOA8VDhURExAVDhUPFwwXDRYQFgoZCxgPFg4VDxQREw8VDxcKGA8VDxcKGA8VDzoOFQo+DxUNPA45EQANBQ==",
          "17":"JgB4AAABIZARExAUEBQQOBE3ERMRExETEDgQFBA4EBQREhETERQPOBETEBQRNxAUEBMSNxAUEBQQFRAUDxQRNxAVDhUPFBE4ERMQExETEBQQFBAVDxQRExATEhMREhAUEBQQFBAUEBQQFBATETgQFBA4ERMRNxESEgANBQ==",
          "18":"JgB4AAABIZASEhETEBQRNxE3ERMRExEUEDcRExA4ERMRExETERISNxESERMRNxITDxQRNxETERMQFBETEBQQOBETEhIRNxETERMSEhESEBQQFBAUEBQQFBETERMQExETERMRExAUERMRExEUDzgRExE3ERMRExE3EgANBQ==",
          "19":"JgB4AAABIJEQExEUEBMRNxE3ERQPFBETEDgRFBA3ERMQFBETERMQOBAUEBQRNxETEBQRNxETERMQFBATERMQOBAUEBQRNxA4ERMRExETERMRExETERMRExESEBQRExAUEBQRExETERQPFBATEDgQFBE4ERIRExAVEgANBQ==",
          "20":"JgB4AAABIZARExETERMQOBE3ERMQFBAUEDgRExE3ERMRExEUEBMQOBAUERIROBETERIROBESERMRExAUEBQRNxETETcRExAUERMRFA8UERMREhISERMRFA8UERMRExAUERMREhETERMRExETETcRExETEDgQOBE3EwANBQ==",
          "21":"JgB4AAABIZAREhETERMQOBI3ERIRExAUETYSExA4ERMRExETERMRNxAUEBQQOBETERMRNxETERMRExATERMQOBITEDcSEhE3EhMREw8UERMQFBETEBQRExETERIRExETERMRExETEBQQFBAUETcRExETETcRNxETEwANBQ==",
          "22":"JgB4AAABIZAQExAUERMQOBE4ERIRExETETcRExE3ERMQFBETERMQOBETERMQOBETEBQQOBETERMRExATERMQOBISETcSNhITEBMQFBETERMRExETEBQRExETERMQExETERMRExEUEBMRFBASEjcRExETEDgREhE3EwANBQ==",
          "23":"JgB4AAABIZARExETEhEQORA4ERMQFBATEjcQFBA4EBQQExETERMRNxETEhIRNxAUERMRNxETEBQRExETERMRNxETETcRNxE3ERMRExETERQPFBETERIRExAUEBQRExETERMRExETEBMRExAUETcRExETETcQFBETEwANBQ==",
          "24":"JgB4AAABIZASEhETERMRNxE3EBQRExETETcRExE3ERMRFBATEBQQOBETERMRNxETERMRNxETEBQQExETERMRNxE4EBMRExAVEBMRExETERMRExETEBMRExETERMQFBAUEBQRExETERMQExETETcRExETEBQROBA3EwANBQ==",
          "25":"JgB4AAABIZAQFBAUEBQRNxA4ERMQFBETETcQFBA4EBUPFBAUEBUPOBETEBQQOBAUEBMROBATERQPFBETEBQRNxE3EBQRExA4ERMRExETEBQRExAVDxQRExATEBQRFBATERMQFBETERMSERETETcSEhAUEBQQOBETEgANBQ==",
          "26":"JgB4AAABHI4SEhETERMRNhE3ERIRExETETYRExE3ERIRExETERMRNhETERIRExETERMRNhETERMREhETERMRNhE3ERMQNxETERIRExETERMREhETERMRExESERMRExETERIRExETERMQExE3ERIRExETERMREhE3EQANBQAAAAAAAAAAAAAAAAAA",
          "27":"JgB4AAABHI8RExESERMRNhE3ERMREhETETcREhE3ERMREhETERMRNhETERMRExESERMRNhETERMRExETEBMRNxE2ERMRNhE3ERIRExETERMREhETERMRExESERMRExETERIRExETERIRExE3ERIRExETERMREhETEQANBQAAAAAAAAAAAAAAAAAA",
          "28":"JgB4AAABHI8REhETERMRNhE3ERMQExETETYRExE3ERIRExETERMRNhETERMREhETERMRNhETERMREhETERMRNxA3ETYRExETERMREhETERMRExESERMRExETERIRExETERIRExETERMREhETETcRNhE3ETYRNxE2EQANBQAAAAAAAAAAAAAAAAAA",
          "29":"JgB4AAABHI8RExETERIRNxE2ERMRExETETYRExE2ERMRExETERIRNxETEBMRExETERIRNxETERIRExETERMRNhE3ETYRExE2ERMRExESERMRExETERIRExETERMREhETERMRExESERMRExETEDcRNhE3ETYRNxETEQANBQAAAAAAAAAAAAAAAAAA",
          "30":"JgB4AAABHI8RExETERIRNxE2ERMRExETETYRExE2ERMSEhESEhIRNxESERMRExETERIRNxETERIRExETERMRNhE2EjYRNhETERMRExESERMRExETERIRExETERMREhETERMREhETERMRExESETcRNhE3ETYRExE2EQANBQAAAAAAAAAAAAAAAAAA",
          "31":"JgB4AAABHI4RExETERMRNhE2EhIRExETETYRExE2ERMRExETERIRNxETERIRExETERMQNxETERIRExETERMRNhE3ETYRNxE2ERMRExATERMRExESERMRExETERIRExETERMREhETERMRExESETcRNhE3ETYRExETEQANBQAAAAAAAAAAAAAAAAAA"
        }
      },
      "dry":{
        "low":{
          "16":"JgB4AAABIJERExETERMRNxE3ERMQFQ8UETcQFBETERMREhISETcRExETERMRNxETERMRFBATETcRExETERMQOBE3ERMQFBE3ERMRExATEBQRFA8UERMQFBAUEBQREhISEBQRExEUDxUPFBA4ERQQExETEDgREhISEwANBQ==",
          "17":"JgB4AAABIJERExETERMRNxE3ERMQFQ8UETcQFBETERMREhISETcRExETERMRNxETERMRFBATETcRExETERMQOBE3ERMQFBE3ERMRExATEBQRFA8UERMQFBAUEBQREhISEBQRExEUDxUPFBA4ERQQExETEDgREhISEwANBQ==",
          "18":"JgB4AAABIJERExETERMRNxE3ERMQFQ8UETcQFBETERMREhISETcRExETERMRNxETERMRFBATETcRExETERMQOBE3ERMQFBE3ERMRExATEBQRFA8UERMQFBAUEBQREhISEBQRExEUDxUPFBA4ERQQExETEDgREhISEwANBQ==",
          "19":"JgB4AAABIJERExETERMRNxE3ERMQFQ8UETcQFBETERMREhISETcRExETERMRNxETERMRFBATETcRExETERMQOBE3ERMQFBE3ERMRExATEBQRFA8UERMQFBAUEBQREhISEBQRExEUDxUPFBA4ERQQExETEDgREhISEwANBQ==",
          "20":"JgB4AAABIJERExETERMRNxE3ERMQFQ8UETcQFBETERMREhISETcRExETERMRNxETERMRFBATETcRExETERMQOBE3ERMQFBE3ERMRExATEBQRFA8UERMQFBAUEBQREhISEBQRExEUDxUPFBA4ERQQExETEDgREhISEwANBQ==",
          "21":"JgB4AAABIJERExETERMRNxE3ERMQFQ8UETcQFBETERMREhISETcRExETERMRNxETERMRFBATETcRExETERMQOBE3ERMQFBE3ERMRExATEBQRFA8UERMQFBAUEBQREhISEBQRExEUDxUPFBA4ERQQExETEDgREhISEwANBQ==",
          "22":"JgB4AAABIJERExETERMRNxE3ERMQFQ8UETcQFBETERMREhISETcRExETERMRNxETERMRFBATETcRExETERMQOBE3ERMQFBE3ERMRExATEBQRFA8UERMQFBAUEBQREhISEBQRExEUDxUPFBA4ERQQExETEDgREhISEwANBQ==",
          "23":"JgB4AAABIJERExETERMRNxE3ERMQFQ8UETcQFBETERMREhISETcRExETERMRNxETERMRFBATETcRExETERMQOBE3ERMQFBE3ERMRExATEBQRFA8UERMQFBAUEBQREhISEBQRExEUDxUPFBA4ERQQExETEDgREhISEwANBQ==",
          "24":"JgB4AAABIJERExETERMRNxE3ERMQFQ8UETcQFBETERMREhISETcRExETERMRNxETERMRFBATETcRExETERMQOBE3ERMQFBE3ERMRExATEBQRFA8UERMQFBAUEBQREhISEBQRExEUDxUPFBA4ERQQExETEDgREhISEwANBQ==",
          "25":"JgB4AAABIJERExETERMRNxE3ERMQFQ8UETcQFBETERMREhISETcRExETERMRNxETERMRFBATETcRExETERMQOBE3ERMQFBE3ERMRExATEBQRFA8UERMQFBAUEBQREhISEBQRExEUDxUPFBA4ERQQExETEDgREhISEwANBQ==",
          "26":"JgB4AAABIJERExETERMRNxE3ERMQFQ8UETcQFBETERMREhISETcRExETERMRNxETERMRFBATETcRExETERMQOBE3ERMQFBE3ERMRExATEBQRFA8UERMQFBAUEBQREhISEBQRExEUDxUPFBA4ERQQExETEDgREhISEwANBQ==",
          "27":"JgB4AAABIJERExETERMRNxE3ERMQFQ8UETcQFBETERMREhISETcRExETERMRNxETERMRFBATETcRExETERMQOBE3ERMQFBE3ERMRExATEBQRFA8UERMQFBAUEBQREhISEBQRExEUDxUPFBA4ERQQExETEDgREhISEwANBQ==",
          "28":"JgB4AAABIJERExETERMRNxE3ERMQFQ8UETcQFBETERMREhISETcRExETERMRNxETERMRFBATETcRExETERMQOBE3ERMQFBE3ERMRExATEBQRFA8UERMQFBAUEBQREhISEBQRExEUDxUPFBA4ERQQExETEDgREhISEwANBQ==",
          "29":"JgB4AAABIJERExETERMRNxE3ERMQFQ8UETcQFBETERMREhISETcRExETERMRNxETERMRFBATETcRExETERMQOBE3ERMQFBE3ERMRExATEBQRFA8UERMQFBAUEBQREhISEBQRExEUDxUPFBA4ERQQExETEDgREhISEwANBQ==",
          "30":"JgB4AAABIJERExETERMRNxE3ERMQFQ8UETcQFBETERMREhISETcRExETERMRNxETERMRFBATETcRExETERMQOBE3ERMQFBE3ERMRExATEBQRFA8UERMQFBAUEBQREhISEBQRExEUDxUPFBA4ERQQExETEDgREhISEwANBQ==",
          "31":"JgB4AAABIJERExETERMRNxE3ERMQFQ8UETcQFBETERMREhISETcRExETERMRNxETERMRFBATETcRExETERMQOBE3ERMQFBE3ERMRExATEBQRFA8UERMQFBAUEBQREhISEBQRExEUDxUPFBA4ERQQExETEDgREhISEwANBQ=="
        },
        "high":{
          "16":"JgB4AAABIJERExETERMRNxE3ERMQFQ8UETcQFBETERMREhISETcRExETERMRNxETERMRFBATETcRExETERMQOBE3ERMQFBE3ERMRExATEBQRFA8UERMQFBAUEBQREhISEBQRExEUDxUPFBA4ERQQExETEDgREhISEwANBQ==",
          "17":"JgB4AAABIJERExETERMRNxE3ERMQFQ8UETcQFBETERMREhISETcRExETERMRNxETERMRFBATETcRExETERMQOBE3ERMQFBE3ERMRExATEBQRFA8UERMQFBAUEBQREhISEBQRExEUDxUPFBA4ERQQExETEDgREhISEwANBQ==",
          "18":"JgB4AAABIJERExETERMRNxE3ERMQFQ8UETcQFBETERMREhISETcRExETERMRNxETERMRFBATETcRExETERMQOBE3ERMQFBE3ERMRExATEBQRFA8UERMQFBAUEBQREhISEBQRExEUDxUPFBA4ERQQExETEDgREhISEwANBQ==",
          "19":"JgB4AAABIJERExETERMRNxE3ERMQFQ8UETcQFBETERMREhISETcRExETERMRNxETERMRFBATETcRExETERMQOBE3ERMQFBE3ERMRExATEBQRFA8UERMQFBAUEBQREhISEBQRExEUDxUPFBA4ERQQExETEDgREhISEwANBQ==",
          "20":"JgB4AAABIJERExETERMRNxE3ERMQFQ8UETcQFBETERMREhISETcRExETERMRNxETERMRFBATETcRExETERMQOBE3ERMQFBE3ERMRExATEBQRFA8UERMQFBAUEBQREhISEBQRExEUDxUPFBA4ERQQExETEDgREhISEwANBQ==",
          "21":"JgB4AAABIJERExETERMRNxE3ERMQFQ8UETcQFBETERMREhISETcRExETERMRNxETERMRFBATETcRExETERMQOBE3ERMQFBE3ERMRExATEBQRFA8UERMQFBAUEBQREhISEBQRExEUDxUPFBA4ERQQExETEDgREhISEwANBQ==",
          "22":"JgB4AAABIJERExETERMRNxE3ERMQFQ8UETcQFBETERMREhISETcRExETERMRNxETERMRFBATETcRExETERMQOBE3ERMQFBE3ERMRExATEBQRFA8UERMQFBAUEBQREhISEBQRExEUDxUPFBA4ERQQExETEDgREhISEwANBQ==",
          "23":"JgB4AAABIJERExETERMRNxE3ERMQFQ8UETcQFBETERMREhISETcRExETERMRNxETERMRFBATETcRExETERMQOBE3ERMQFBE3ERMRExATEBQRFA8UERMQFBAUEBQREhISEBQRExEUDxUPFBA4ERQQExETEDgREhISEwANBQ==",
          "24":"JgB4AAABIJERExETERMRNxE3ERMQFQ8UETcQFBETERMREhISETcRExETERMRNxETERMRFBATETcRExETERMQOBE3ERMQFBE3ERMRExATEBQRFA8UERMQFBAUEBQREhISEBQRExEUDxUPFBA4ERQQExETEDgREhISEwANBQ==",
          "25":"JgB4AAABIJERExETERMRNxE3ERMQFQ8UETcQFBETERMREhISETcRExETERMRNxETERMRFBATETcRExETERMQOBE3ERMQFBE3ERMRExATEBQRFA8UERMQFBAUEBQREhISEBQRExEUDxUPFBA4ERQQExETEDgREhISEwANBQ==",
          "26":"JgB4AAABIJERExETERMRNxE3ERMQFQ8UETcQFBETERMREhISETcRExETERMRNxETERMRFBATETcRExETERMQOBE3ERMQFBE3ERMRExATEBQRFA8UERMQFBAUEBQREhISEBQRExEUDxUPFBA4ERQQExETEDgREhISEwANBQ==",
          "27":"JgB4AAABIJERExETERMRNxE3ERMQFQ8UETcQFBETERMREhISETcRExETERMRNxETERMRFBATETcRExETERMQOBE3ERMQFBE3ERMRExATEBQRFA8UERMQFBAUEBQREhISEBQRExEUDxUPFBA4ERQQExETEDgREhISEwANBQ==",
          "28":"JgB4AAABIJERExETERMRNxE3ERMQFQ8UETcQFBETERMREhISETcRExETERMRNxETERMRFBATETcRExETERMQOBE3ERMQFBE3ERMRExATEBQRFA8UERMQFBAUEBQREhISEBQRExEUDxUPFBA4ERQQExETEDgREhISEwANBQ==",
          "29":"JgB4AAABIJERExETERMRNxE3ERMQFQ8UETcQFBETERMREhISETcRExETERMRNxETERMRFBATETcRExETERMQOBE3ERMQFBE3ERMRExATEBQRFA8UERMQFBAUEBQREhISEBQRExEUDxUPFBA4ERQQExETEDgREhISEwANBQ==",
          "30":"JgB4AAABIJERExETERMRNxE3ERMQFQ8UETcQFBETERMREhISETcRExETERMRNxETERMRFBATETcRExETERMQOBE3ERMQFBE3ERMRExATEBQRFA8UERMQFBAUEBQREhISEBQRExEUDxUPFBA4ERQQExETEDgREhISEwANBQ==",
          "31":"JgB4AAABIJERExETERMRNxE3ERMQFQ8UETcQFBETERMREhISETcRExETERMRNxETERMRFBATETcRExETERMQOBE3ERMQFBE3ERMRExATEBQRFA8UERMQFBAUEBQREhISEBQRExEUDxUPFBA4ERQQExETEDgREhISEwANBQ=="
        }
      },
      "fan_only":{
        "low":{
          "16":"JgB4AAABH5IQExEUDxQQOBA4EBUREg8WEDcRExAUEBQQFBA4ERMQFRASEBUPOBEUDxYPEw8WEDgPFBAVEBQPOQ85EBQQExE3EBUPFBAUEBMQFRETDxQQFg4UEBUQExAUERMPFRARERUQFw04EBUPFA8WDxQRNxETEQANBQ==",
          "17":"JgB4AAABH5IQExEUDxQQOBA4EBUREg8WEDcRExAUEBQQFBA4ERMQFRASEBUPOBEUDxYPEw8WEDgPFBAVEBQPOQ85EBQQExE3EBUPFBAUEBMQFRETDxQQFg4UEBUQExAUERMPFRARERUQFw04EBUPFA8WDxQRNxETEQANBQ==",
          "18":"JgB4AAABH5IQExEUDxQQOBA4EBUREg8WEDcRExAUEBQQFBA4ERMQFRASEBUPOBEUDxYPEw8WEDgPFBAVEBQPOQ85EBQQExE3EBUPFBAUEBMQFRETDxQQFg4UEBUQExAUERMPFRARERUQFw04EBUPFA8WDxQRNxETEQANBQ==",
          "19":"JgB4AAABH5IQExEUDxQQOBA4EBUREg8WEDcRExAUEBQQFBA4ERMQFRASEBUPOBEUDxYPEw8WEDgPFBAVEBQPOQ85EBQQExE3EBUPFBAUEBMQFRETDxQQFg4UEBUQExAUERMPFRARERUQFw04EBUPFA8WDxQRNxETEQANBQ==",
          "20":"JgB4AAABH5IQExEUDxQQOBA4EBUREg8WEDcRExAUEBQQFBA4ERMQFRASEBUPOBEUDxYPEw8WEDgPFBAVEBQPOQ85EBQQExE3EBUPFBAUEBMQFRETDxQQFg4UEBUQExAUERMPFRARERUQFw04EBUPFA8WDxQRNxETEQANBQ==",
          "21":"JgB4AAABH5IQExEUDxQQOBA4EBUREg8WEDcRExAUEBQQFBA4ERMQFRASEBUPOBEUDxYPEw8WEDgPFBAVEBQPOQ85EBQQExE3EBUPFBAUEBMQFRETDxQQFg4UEBUQExAUERMPFRARERUQFw04EBUPFA8WDxQRNxETEQANBQ==",
          "22":"JgB4AAABH5IQExEUDxQQOBA4EBUREg8WEDcRExAUEBQQFBA4ERMQFRASEBUPOBEUDxYPEw8WEDgPFBAVEBQPOQ85EBQQExE3EBUPFBAUEBMQFRETDxQQFg4UEBUQExAUERMPFRARERUQFw04EBUPFA8WDxQRNxETEQANBQ==",
          "23":"JgB4AAABH5IQExEUDxQQOBA4EBUREg8WEDcRExAUEBQQFBA4ERMQFRASEBUPOBEUDxYPEw8WEDgPFBAVEBQPOQ85EBQQExE3EBUPFBAUEBMQFRETDxQQFg4UEBUQExAUERMPFRARERUQFw04EBUPFA8WDxQRNxETEQANBQ==",
          "24":"JgB4AAABH5IQExEUDxQQOBA4EBUREg8WEDcRExAUEBQQFBA4ERMQFRASEBUPOBEUDxYPEw8WEDgPFBAVEBQPOQ85EBQQExE3EBUPFBAUEBMQFRETDxQQFg4UEBUQExAUERMPFRARERUQFw04EBUPFA8WDxQRNxETEQANBQ==",
          "25":"JgB4AAABH5IQExEUDxQQOBA4EBUREg8WEDcRExAUEBQQFBA4ERMQFRASEBUPOBEUDxYPEw8WEDgPFBAVEBQPOQ85EBQQExE3EBUPFBAUEBMQFRETDxQQFg4UEBUQExAUERMPFRARERUQFw04EBUPFA8WDxQRNxETEQANBQ==",
          "26":"JgB4AAABH5IQExEUDxQQOBA4EBUREg8WEDcRExAUEBQQFBA4ERMQFRASEBUPOBEUDxYPEw8WEDgPFBAVEBQPOQ85EBQQExE3EBUPFBAUEBMQFRETDxQQFg4UEBUQExAUERMPFRARERUQFw04EBUPFA8WDxQRNxETEQANBQ==",
          "27":"JgB4AAABH5IQExEUDxQQOBA4EBUREg8WEDcRExAUEBQQFBA4ERMQFRASEBUPOBEUDxYPEw8WEDgPFBAVEBQPOQ85EBQQExE3EBUPFBAUEBMQFRETDxQQFg4UEBUQExAUERMPFRARERUQFw04EBUPFA8WDxQRNxETEQANBQ==",
          "28":"JgB4AAABH5IQExEUDxQQOBA4EBUREg8WEDcRExAUEBQQFBA4ERMQFRASEBUPOBEUDxYPEw8WEDgPFBAVEBQPOQ85EBQQExE3EBUPFBAUEBMQFRETDxQQFg4UEBUQExAUERMPFRARERUQFw04EBUPFA8WDxQRNxETEQANBQ==",
          "29":"JgB4AAABH5IQExEUDxQQOBA4EBUREg8WEDcRExAUEBQQFBA4ERMQFRASEBUPOBEUDxYPEw8WEDgPFBAVEBQPOQ85EBQQExE3EBUPFBAUEBMQFRETDxQQFg4UEBUQExAUERMPFRARERUQFw04EBUPFA8WDxQRNxETEQANBQ==",
          "30":"JgB4AAABH5IQExEUDxQQOBA4EBUREg8WEDcRExAUEBQQFBA4ERMQFRASEBUPOBEUDxYPEw8WEDgPFBAVEBQPOQ85EBQQExE3EBUPFBAUEBMQFRETDxQQFg4UEBUQExAUERMPFRARERUQFw04EBUPFA8WDxQRNxETEQANBQ==",
          "31":"JgB4AAABH5IQExEUDxQQOBA4EBUREg8WEDcRExAUEBQQFBA4ERMQFRASEBUPOBEUDxYPEw8WEDgPFBAVEBQPOQ85EBQQExE3EBUPFBAUEBMQFRETDxQQFg4UEBUQExAUERMPFRARERUQFw04EBUPFA8WDxQRNxETEQANBQ=="
        },
        "high":{
          "16":"JgB4AAABIY8SEhETEBQRNxE3EhITERETEDgQFBAUEDgRFBA3EBQQFBAUEBQQOBAUEBQPORATERQPFBAUEBQQOBA4EBQQFBA4ERMQFRATERMRExATERQQExISEBQQFA8VEBQSEg8UEBQQFBAUEDgRExE3EDgQOBE3EwANBQ==",
          "17":"JgB4AAABIY8SEhETEBQRNxE3EhITERETEDgQFBAUEDgRFBA3EBQQFBAUEBQQOBAUEBQPORATERQPFBAUEBQQOBA4EBQQFBA4ERMQFRATERMRExATERQQExISEBQQFA8VEBQSEg8UEBQQFBAUEDgRExE3EDgQOBE3EwANBQ==",
          "18":"JgB4AAABIY8SEhETEBQRNxE3EhITERETEDgQFBAUEDgRFBA3EBQQFBAUEBQQOBAUEBQPORATERQPFBAUEBQQOBA4EBQQFBA4ERMQFRATERMRExATERQQExISEBQQFA8VEBQSEg8UEBQQFBAUEDgRExE3EDgQOBE3EwANBQ==",
          "19":"JgB4AAABIY8SEhETEBQRNxE3EhITERETEDgQFBAUEDgRFBA3EBQQFBAUEBQQOBAUEBQPORATERQPFBAUEBQQOBA4EBQQFBA4ERMQFRATERMRExATERQQExISEBQQFA8VEBQSEg8UEBQQFBAUEDgRExE3EDgQOBE3EwANBQ==",
          "20":"JgB4AAABIY8SEhETEBQRNxE3EhITERETEDgQFBAUEDgRFBA3EBQQFBAUEBQQOBAUEBQPORATERQPFBAUEBQQOBA4EBQQFBA4ERMQFRATERMRExATERQQExISEBQQFA8VEBQSEg8UEBQQFBAUEDgRExE3EDgQOBE3EwANBQ==",
          "21":"JgB4AAABIY8SEhETEBQRNxE3EhITERETEDgQFBAUEDgRFBA3EBQQFBAUEBQQOBAUEBQPORATERQPFBAUEBQQOBA4EBQQFBA4ERMQFRATERMRExATERQQExISEBQQFA8VEBQSEg8UEBQQFBAUEDgRExE3EDgQOBE3EwANBQ==",
          "22":"JgB4AAABIY8SEhETEBQRNxE3EhITERETEDgQFBAUEDgRFBA3EBQQFBAUEBQQOBAUEBQPORATERQPFBAUEBQQOBA4EBQQFBA4ERMQFRATERMRExATERQQExISEBQQFA8VEBQSEg8UEBQQFBAUEDgRExE3EDgQOBE3EwANBQ==",
          "23":"JgB4AAABIY8SEhETEBQRNxE3EhITERETEDgQFBAUEDgRFBA3EBQQFBAUEBQQOBAUEBQPORATERQPFBAUEBQQOBA4EBQQFBA4ERMQFRATERMRExATERQQExISEBQQFA8VEBQSEg8UEBQQFBAUEDgRExE3EDgQOBE3EwANBQ==",
          "24":"JgB4AAABIY8SEhETEBQRNxE3EhITERETEDgQFBAUEDgRFBA3EBQQFBAUEBQQOBAUEBQPORATERQPFBAUEBQQOBA4EBQQFBA4ERMQFRATERMRExATERQQExISEBQQFA8VEBQSEg8UEBQQFBAUEDgRExE3EDgQOBE3EwANBQ==",
          "25":"JgB4AAABIY8SEhETEBQRNxE3EhITERETEDgQFBAUEDgRFBA3EBQQFBAUEBQQOBAUEBQPORATERQPFBAUEBQQOBA4EBQQFBA4ERMQFRATERMRExATERQQExISEBQQFA8VEBQSEg8UEBQQFBAUEDgRExE3EDgQOBE3EwANBQ==",
          "26":"JgB4AAABIY8SEhETEBQRNxE3EhITERETEDgQFBAUEDgRFBA3EBQQFBAUEBQQOBAUEBQPORATERQPFBAUEBQQOBA4EBQQFBA4ERMQFRATERMRExATERQQExISEBQQFA8VEBQSEg8UEBQQFBAUEDgRExE3EDgQOBE3EwANBQ==",
          "27":"JgB4AAABIY8SEhETEBQRNxE3EhITERETEDgQFBAUEDgRFBA3EBQQFBAUEBQQOBAUEBQPORATERQPFBAUEBQQOBA4EBQQFBA4ERMQFRATERMRExATERQQExISEBQQFA8VEBQSEg8UEBQQFBAUEDgRExE3EDgQOBE3EwANBQ==",
          "28":"JgB4AAABIY8SEhETEBQRNxE3EhITERETEDgQFBAUEDgRFBA3EBQQFBAUEBQQOBAUEBQPORATERQPFBAUEBQQOBA4EBQQFBA4ERMQFRATERMRExATERQQExISEBQQFA8VEBQSEg8UEBQQFBAUEDgRExE3EDgQOBE3EwANBQ==",
          "29":"JgB4AAABIY8SEhETEBQRNxE3EhITERETEDgQFBAUEDgRFBA3EBQQFBAUEBQQOBAUEBQPORATERQPFBAUEBQQOBA4EBQQFBA4ERMQFRATERMRExATERQQExISEBQQFA8VEBQSEg8UEBQQFBAUEDgRExE3EDgQOBE3EwANBQ==",
          "30":"JgB4AAABIY8SEhETEBQRNxE3EhITERETEDgQFBAUEDgRFBA3EBQQFBAUEBQQOBAUEBQPORATERQPFBAUEBQQOBA4EBQQFBA4ERMQFRATERMRExATERQQExISEBQQFA8VEBQSEg8UEBQQFBAUEDgRExE3EDgQOBE3EwANBQ==",
          "31":"JgB4AAABIY8SEhETEBQRNxE3EhITERETEDgQFBAUEDgRFBA3EBQQFBAUEBQQOBAUEBQPORATERQPFBAUEBQQOBA4EBQQFBA4ERMQFRATERMRExATERQQExISEBQQFA8VEBQSEg8UEBQQFBAUEDgRExE3EDgQOBE3EwANBQ=="
        }
      }
    }
  }
