{
  "manufacturer": "Vortex",
  "supportedModels": [
    "VOR-12C3/407"
  ],
  "supportedController": "Broadlink",
  "commandsEncoding": "Base64",
  "minTemperature": 16.0,
  "maxTemperature": 30.0,
  "precision": 1.0,
  "operationModes": [
    "heat",
    "cool",
    "dry",
    "fan_only"
  ],
  "fanModes": [
    "low",
    "med",
    "high",
    "auto"
  ],
  "commands": {
    "off": "JgBOAAABKZAXEBcQFxAXEBc1FjYWERcQFzQXEBcQFzQXEBcRFhIVEBcQFxAXEBcQFxAXEBcQFxAXEBcQFxAXERY1FhEWNRcQFxAXNRYRFgANBQAAAAAAAAAAAAA=",
    "heat": {
      "low": {
        "16": "JgBOAAABKJEXEBcQFzUWNRc1FxEWNBcRFhEWERYRFhEWERYRFhEWERYRFhEWERYRFhEWERYRFhEWERYRFhEWERY0FxEWNBcSFhEWNRYSFQANBQAAAAAAAAAAAAA=",
        "17": "JgBOAAABJ5EVExcRFjUWNRU2FRQWNBQUFjUXERMUExIYEBcQFBMUExYRFhEWERYRFhEWERYRFhEWERMUFhEWERY0FRQWNBUTFhISOBQTFAANBQAAAAAAAAAAAAA=",
        "18": "JgBOAAABJpMUExUSFDgVNxQ3FRIVNhYRFRIVNxUTFBIUExUSFRIVEhUSFBMVEhUSFBMVEhURFRIVEhYRFRIVEhY2FRIVNxUSFRIVNhUSFgANBQAAAAAAAAAAAAA=",
        "19": "JgBOAAABJ5IVEhUSFTcVNhU3FBMVNhUSFTcVNxQTFRIUExQTFRIVEhQTFBMUExQTFBMUExQTFBMUEhUSFBMUExU3FBMUNxUSFRIVNxQTFQANBQAAAAAAAAAAAAA=",
        "20": "JgBOAAABKJEWERYRFjcVNhY1FhEVNxQTFRIVEhU3FREVEhUSFhEWERUSFRIVEhUSFhEVEhUSFhEVEhQTFRIVEhU2FRIWNhYRFBMVNxYRFQANBQAAAAAAAAAAAAA=",
        "21": "JgBOAAABJ5IWERYRFTcVNxU2FhEVNxQTFTcVEhU2FRIVEhUSFRIVEhQTFRIVEhUSFRIUExUSFRIVEhQSFhEWERY2FhEWNhUSFRIVNhUSFAANBQAAAAAAAAAAAAA=",
        "22": "JgBOAAABJpMVEhYRFjYVNxU2FRIWNRYRFhEWNxU2FRIWERYRFhEWERYRFhEUExQTFBMTFBMUExQTFBMTFhEWERY2FRIWNhUSFRIVNhUSFgANBQAAAAAAAAAAAAA=",
        "23": "JgBOAAABJ5IWERYRFjcVNhU2FhEWNhUSFTcVNhY2FRIVEhUSFRIVEhUSFRIVEhUSFRIVEhUSFRIVEhUSFREWEhY1FxAXNBUSGA8YMxUTFAANBQAAAAAAAAAAAAA=",
        "24": "JgBOAAABJ5IWERUSFzYVNhU2FRIXNRUSFhEUExUSFTYVEhQTFhEUExQTFhEVEhYRFRIWERQTFhEVEhQTFBMUExU2FhEVNxYRFRIVNxUSFQANBQAAAAAAAAAAAAA=",
        "25": "JgBOAAABKZAYDxgPGDUTOBc0GA8YNBcQFzUUExQTFDcXEBYRFhEWERYRFhEUExQTFBMUFBQTExMVEhURFRIVExY1FRIVNxQUFhEWNBQTFwANBQAAAAAAAAAAAAA=",
        "26": "JgBOAAABKZAXEhYRFjUWNRc0FxIWNBcRFhEWNRYSFTUXERYSFRIVEhURFhEVEhUSFRIVEhUSFRIVEhURFhEWERY1FxIWNBYSFhEWNBcRFgANBQAAAAAAAAAAAAA=",
        "27": "JgBOAAABJpIVExQTFDgWNRU2FRMXNBQUFjUXNBUSGDQUExQTFBQWERMUFhEWERYRFhEWERYRFhEWERYRFhEWERM3FBMUNxYRFRIXNRcQFwANBQAAAAAAAAAAAAA=",
        "28": "JgBOAAABJ5IWERcQFzUWNhU2FhEXNRUSFRIVEhY2FjUVEhcQFhEXEBcQFxAUExQTFBMUExQTFBMUExQSFxAXEBc1FhEXNRUSFxAXNBUSGAANBQAAAAAAAAAAAAA=",
        "29": "JgBOAAABJpMVEhUSFTcVNhU3FRIVNhUSFjYVEhQ4FTYVEhYRFhEWERYRFhEWERYRFhEWERYRFhEVEhUSFRIVEhU2FRIWNRYRFhEWNhUSFQANBQAAAAAAAAAAAAA=",
        "30": "JgBOAAABJ5IVEhQTFTcUNxY2FRIVNhYRFRIVNxU3FDcWERYRFhEWERYRFhEUExUSFRIVEhQTFhEWERQTFBMVEhQ3FRIVNxUSFRIUNxUSFQANBQAAAAAAAAAAAAA="
      },
      "med": {
        "16": "JgBOAAABKZAXEBcQFzUWNhcQFzQXNBcQFxAXEBcQFxAXEBcQFxAXEBcQFxAXEBcQFxAXEBcQFxAXEBcQFxAXEBc1FhEWNRcQFxAXNRYRFgANBQAAAAAAAAAAAAA=",
        "17": "JgBOAAABJ5IWERYRFjYVNxUSFjUWNhUSFTcVEhMUExMWERYRFhEWERYRFhEWERYRFhEWERYRFhEXEBcQFxAXEBc0FRIXNRYRFBMUOBUSFAANBQAAAAAAAAAAAAA=",
        "18": "JgBOAAABJ5IVFBUSEzgWNRQTFDcVNxQUFhEWNRcRExMWERYRFhEWERYRFhEWERYRFhEWERYRFhEWERYRFhEWERY0FxAXNRcQFhEWNhcQFgANBQAAAAAAAAAAAAA=",
        "19": "JgBOAAABKZAXEBcQFzYWNRcQFzQXNRYRFjYWNRcQFxAXEBcQFxAXEBcQFxAWERYRFhEWERYRFhEWERYQFxAXEBc1FxAXNRYRFhEWNRcQFwANBQAAAAAAAAAAAAA=",
        "20": "JgBOAAABJpMXEBYRFjYVNxUSFzQVNhYRFRIVEhg1Fw8YDxQTFBMUExQTFxAWERYRFBMUExQTFBMUExQTFhEWERQ3FRIUOBUSFBMWNRUSFQANBQAAAAAAAAAAAAA=",
        "21": "JgBOAAABKZAXERYRFjUXNRcRFjQXNBcSFjUWEhM3FhIWERYRFhEWERYRFhESFBYSFRIVERUTEhQVEhURFhEWERY2FhEWNRgPGA8YNBcQFwANBQAAAAAAAAAAAAA=",
        "22": "JgBOAAABJpMUExcRFjUXNBUTFDcUNxUSGBEWNBc1FBQWERYRFhEWERYRFhESFRIVEhUSFRIVEhUSFRIUFhEWERY1FBQWNBUUFhEWNBQUFgANBQAAAAAAAAAAAAA=",
        "23": "JgBOAAABKJEXEBcQFzUUNxgQFjUXNBgPFzUUOBY1FxAXEBcQFxAXEBcQFxAWERYRFxAWERYRFxAWERYRFhEWERY1FxAXNRYRFBMWNRUSFwANBQAAAAAAAAAAAAA=",
        "24": "JgBOAAABJpMVEhYRFjYVNhYRFjYVNhUSFhEWERYRFjUWERYRFhEWERYRFhEWERYRFxAXEBcQFxAYDxgPGA8YDxU3FRIWNhUSFhETOBUSFQANBQAAAAAAAAAAAAA=",
        "25": "JgBOAAABJpMVEhUSFTcVNhYRFjYVNhUSFjYVEhQTFDcWEhUSFRIVEhURFhEUExQTFBMUExQTFBMUExQTFREWERY3FxAVNhUSFhEWNRYRFgANBQAAAAAAAAAAAAA=",
        "26": "JgBOAAABJ5IVEhUSFTgVNhQTFDcWNhQTFhEWNhUSFDcWERYRFhEXEBYRFhEUExQTFBQVERQTFBMUExQSFxAXEBc1GA8YNBcQFxAXNBcQFwANBQAAAAAAAAAAAAA=",
        "27": "JgBOAAABJpMVEhUSFTcVNhYRFjYVNhUSFjYVNxUSFTYVEhYRFhEWERYRFhEWERYRFhEWERYRFhEWERUSFRIVEhU2FRIWNRYRFhEWNhUSFgANBQAAAAAAAAAAAAA=",
        "28": "JgBOAAABJpMVEhUSFTcVNhYRFjYVNhUSFhEWERY2FTYWEhUSFRIVEhUSFREUExQTFBMUExQTFBMUExQTFREWERY3FRIVNhUSFhEWNRYRFgANBQAAAAAAAAAAAAA=",
        "29": "JgBOAAABKY4ZEBcQFTgXNBUSGDMWNhUSFzUWERM4FjYVEhUSFRIVEhUSFRIVEhURFhEWERYRFhEWERYRFhEWERY2FRIVNhUSFhEWNRYRFgANBQAAAAAAAAAAAAA=",
        "30": "JgBOAAABKZAXERYRFjUXNRcRFjQXNBcSFhEWNRY1FzQXEhYRFhEWERYRFhEWERYRFhEWERYRFhEWERUSFRIVEhU1FhIWNBcRFhEWNBcRFwANBQAAAAAAAAAAAAA="
      },
      "high": {
        "16": "JgBOAAABJpMVEhcQGDQXNBY2FTYVNxcQFxAUExQTFBIXEBgPFxAYDxcQGA8XEBcQFxAVEhcQFxAXEBcQFxAXEBc1FRIWNhUSExQTOBUSFwANBQAAAAAAAAAAAAA=",
        "17": "JgBOAAABJ5IWERgPGDUWNRU2FjYVNxcQFzQVEhUSGA8YDxgPGA8YDxgPGA8UExQTFxAUExQTFxAVEhQSFxAYDxg0FhEYNBUSGA8YMxUSGAANBQAAAAAAAAAAAAA=",
        "18": "JgBOAAABJpMVEhYRFjYVNhY2FTYVNxUSFBMUOBUSFhEWERUSFRIWERcQFxATFBYRFhEWERYRExQTFBMTFBMXEBc1FBMYMxUSGA8VNRkQFAANBQAAAAAAAAAAAAA=",
        "19": "JgBOAAABKJEWERQTFDgXNBY2FTYVNxcQFDgVNhUSFxAYDxcQFxAXEBcQFxAXEBcQGA8XEBcQFxAXEBcQFxAXEBc0FRIXNBYRFhEWNhUSFgANBQAAAAAAAAAAAAA=",
        "20": "JgBOAAABJpMVEhcQFzUWNRY2FTYVNxUSFBMUExQ4FRIWERYRFRIVEhUSFRITFBMUExQTFBMUExQTFBMTFRIVEhU3FRIWNRYRFhEWNhUSFQANBQAAAAAAAAAAAAA=",
        "21": "JgBOAAABJpMVEhcQFzUVNxU2FTYWNxUSEzgVEhY1FhEWERYRFhEWERYRFhEWERYRFhEWERYRFhEWERYRFhEWERY2FRIVNhUSFhEWNRYRFgANBQAAAAAAAAAAAAA=",
        "22": "JgBOAAABKZAXERYRFjUXNRc0FzQXNhYSFRIVNRc0FxIWERYRFhEWERYRFhEWERYRFhEWERYRFhEVERYRFhEWERY0FhMWNBUTFhEWNBUTFwANBQAAAAAAAAAAAAA=",
        "23": "JgBOAAABKJEVEhgPGDQXNBY2FTYWNhUSFDgVNhU3FRIVEhUSFRIVEhUSFRIVERYRFhEWERYRFhEWERYRFhEWERY2FRIVNhUSFhEWNhYRFAANBQAAAAAAAAAAAAA=",
        "24": "JgBOAAABKJEVExYRFjUWNRU3FDcUOBcSEhQTFBMUEzcVFBYRFhETEhUSFRIXEBcSFRISFRITFhEWExMTFBEVEhU4FBMUNxQTFBMUNxUSFQANBQAAAAAAAAAAAAA=",
        "25": "JgBOAAABJpMVEhUSFTcVNhU2FjYVNxUSFDcWERYRFjYVEhYRFhEWERYRFxAWERUSFRIVEhUSFRIVEhUSFRIVEhU2FRIWNRYRFhEWNhUSFQANBQAAAAAAAAAAAAA=",
        "26": "JgBOAAABJpMUExQUFTYVNhc1FjUWNhQTFBMUOBcQFzQXEBcQFxAXEBcQFxAXEBcQFxAXEBcQFhEXEBYRFxAWERY1FxAXNRYRFhEUNxYRFgANBQAAAAAAAAAAAAA=",
        "27": "JgBOAAABKZAXEBcQFzYWNRY1FjYVNxcQFzQWNhUSGDMVEhYRFhEWERYRFhEWERYRFhEWERYRFhEWERYRFhEWERY1FhEWNhQTFRIWNhUSEwANBQAAAAAAAAAAAAA=",
        "28": "JgBOAAABJ5IWERYRFzUWNhQ3FjYUOBYRFhETFBM4FTcUExQTFRIVEhQSFhIVERYRFRIWERUSFRIVEhUSFRIWERY2FRIVNhUSFRIUNxYRFgANBQAAAAAAAAAAAAA=",
        "29": "JgBOAAABJpMVEhUSFTcVNhY2FTYVNxUSFDgVEhU2FTYWERYRFhEWERYRFhEWERYRFhEWERYRFhEWERYRFhEWERY1FhIVNhUSFhEWNhUSFAANBQAAAAAAAAAAAAA=",
        "30": "JgBOAAABKZAWERgPGDQXNRU2FjYVNxUSExQTOBU3FTYVEhYRFhEWERYRFhEWERYRFhEWERYRFhEWERYRFhEWERY1FRIWNRgPFhEWNxQTEwANBQAAAAAAAAAAAAA="
      },
      "auto": {
        "16": "JgBOAAABKZAXERYRFjUXNRcRFhEWNBcRFhEWERYRFhEWERYRFhEWERYRFhEWERYRFhEWERYRFhEWERYRFhEWERY0FxEWNBcSFhEWNBcRFgANBQAAAAAAAAAAAAA=",
        "17": "JgBOAAABJpMVEhUSFTcVNhUSFhEWNhUSFTYVEhYRFhEWERYRFhEWERYRFhEWERYRFhEWERYRFhEVEhUSFRIVEhU2FRIWNRYRFhEWNxQTEwANBQAAAAAAAAAAAAA=",
        "18": "JgBOAAABKZAXERYRFjUXNBcSFhEWNBcRFhEWNBcSFhEWERYRFRIVERYRFhEWERYRFhEWERYRFhEWERYRFhEWERY0FxIWNBYSFhEWNRYSFAANBQAAAAAAAAAAAAA=",
        "19": "JgBOAAABJ5IWEhUSFTcVNhUSFhEWNRYRFjYUOBUSFBIXEBcQFxAXEBcQFxAYDxgPFBMUExgPFxAXEBQTFBMUExQ3FRIVNxYSExQVNhQTFAANBQAAAAAAAAAAAAA=",
        "20": "JgBOAAABJpMUExcQFDgWNhQTFRIVNhUSFhEWERU2FhEWERYRFRIVEhUSFRIVEhUSFRIVEhYRFRIWERUSFRIVEhU2FRIWNhUSFRIVNxUSFQANBQAAAAAAAAAAAAA=",
        "21": "JgBOAAABKJEWERYRFjYWNRcQFxAXNRYRFjUXEBc1FhAXEBcQFxAXEBcQFxAXEBcQFxAXEBcQFxAXEBcQFxAXEBc1FhEWNhYRFhEWNRcQFwANBQAAAAAAAAAAAAA=",
        "22": "JgBOAAABJpMVEhgPFzUWNhQTFBMWNRQTFBMXNBU4FREUExQTFhEUExQTFBMVEhUSFBMVEhQTFBMVERYRFRIWERU3FRIUOBUSFRIVNhYRFQANBQAAAAAAAAAAAAA=",
        "23": "JgBOAAABJ5IWEhUSFTcVNhUSFhEWNRUSFjYVNxc0FhEVEhgPFRIVEhcQFxAWERUSFhEWERUSFRIVEhURFRIVEhY3FRIVNhQTFhEVNhYRFgANBQAAAAAAAAAAAAA=",
        "24": "JgBOAAABJpMVEhQTFDgXNRUSFxAWNRQTFBMUExcQFDcVEhUSFxAVEhUSFRIXEBUSFxAVEhcQFRIXEBUSFBMXEBQ3FhEXNRUSFRIUOBUSFQANBQAAAAAAAAAAAAA=",
        "25": "JgBOAAABKJEWERYRFjYWNRcQFxAXNRYRFjUWERYRFjUXEBcQFxAXEBcQFxAXEBcQFxAXEBcQFxAXEBcQFxAXEBc1FhEWNhYRFRIVNhcQFgANBQAAAAAAAAAAAAA=",
        "26": "JgBOAAABJ5IWERYRFjYVNxUSFhEWNRUSFhEWNRYSFTYVEhYRFhEWERYRFhEWERYRFhEWERYRFhEWERYRFRIVEhU2FRIWNhYRFBMUOBUSFQANBQAAAAAAAAAAAAA=",
        "27": "JgBOAAABJ5IWERYRFjYVNxUSFhEWNRYRFjYVNxUSEzgVEhYRFhEWERYRFhEUExQTFBMUExQTFBMUExQSFhEWERY2FRIXNRQTFxAXNBQTFAANBQAAAAAAAAAAAAA=",
        "28": "JgBOAAABJ5IWEhUSFTcVNhUSFhEWNRUSFhEXEBc1FTYVEhcQFxAVEhcQFxAXEBgPFRIWERQTFBMUExgPFBMUExgzFRIVOBUSExQTOBQTFwANBQAAAAAAAAAAAAA=",
        "29": "JgBOAAABJ5IWERYRFjcVNhUSFhEWNRYRFjYVEhU3FTYWERYRFhEWERYRFhEUExQTFBMUExQTFBMUExQSFhEWERY2FhEWNhUSFhEWNRUSFgANBQAAAAAAAAAAAAA=",
        "30": "JgBOAAABJpMVEhYSFTYVNxUSFRIVNhUSFhEWNRU3FjYVEhcQFBMUExgPGA8TFBcQFhEWERMUFhEWERQSFBMWERQ4FBMUNxYRFRIVNxQTFgANBQAAAAAAAAAAAAA="
      }
    },
    "cool": {
      "low": {
        "16": "JgBOAAABJpMVNxUSFBMUOBU2FRIWNRYRFhEWERYRFhEWERYRFhEWERYRFhEWERYRFhEWERYRFhEWERYRFhEWERY1FhIVNhUSFhEWNhUSFAANBQAAAAAAAAAAAAA=",
        "17": "JgBOAAABJpMVNxcQFxAXNRQ3FBMYMxUSFTgXEBYRFhAXEBYRFhEUExQTFhEWERQTFhEUExQTFBMUExQTFhEUExQ3FBMWNhQTFhEWNRUSFQANBQAAAAAAAAAAAAA=",
        "18": "JgBOAAABJpMVNxUSFRIVNhU3FBMWNRUSFRIVNxUSFREVEhUSFhEWERUSFRIVEhUSFRIVEhYRFRIVEhYRFhEVEhU3FRIVNxQTFRIVNhYRFgANBQAAAAAAAAAAAAA=",
        "19": "JgBOAAABJpMVNxYRFhEWNRU3FBMUNxQTFzUVNxUSFBMVEhQTFRIVERYRFRIVEhUSFRIVEhQTFRIVEhURFRIVEhY3FRIUNxUSFRIUNxUSFgANBQAAAAAAAAAAAAA=",
        "20": "JgBOAAABJpMVNxUSFhEWNhQ3FRIWNRUSFRIWERU4FREVEhQTFhEUExQTFBMUExQTFRIUExUSFRIUExUSFBMVEhU2FBMVNxYRFRIVNhYSFAANBQAAAAAAAAAAAAA=",
        "21": "JgBOAAABJ5IVNxUSFRIVNhU3FRIVNhQTFTcVEhU3FRIUExQTFRIUExUSFBIVEhUSFRIVEhUSFBMVEhUSFRIVEhQ4FRIUNxUSFRIVNhUSFgANBQAAAAAAAAAAAAA=",
        "22": "JgBOAAABKZAXNRcSFRIUNhc0FxIVNRYSFhEWNRY1FxEWERYRFhEWERYRFhEVEhUSFRIVEhUSFRIVEhURFhEWERY1FxIWNBcRFhEWNBcRFgANBQAAAAAAAAAAAAA=",
        "23": "JgBOAAABJpMVNxYRFRIVNxU2FRIVNhUSFjcVNhU2FhEWERUSFhEVEhYRFhEWERUSFRIWERYRFRIWERUSFhEWERY2FRIVNhUSFBMVNhYRFgANBQAAAAAAAAAAAAA=",
        "24": "JgBOAAABJ5IWNxUSExQTOBU2FhEWNhUSFhEWERUSFTYVEhYRFhEWERYRFhEWERYRFhEWERYRFhEWERYRFhEWERY1FhEWNhYRFBMUOBUSFgANBQAAAAAAAAAAAAA=",
        "25": "JgBOAAABKJEWNhYRFhEWNRc1FhEWNRcQFzUWERYRFjYWERYRFhEWERYRFxAWERYRFhEVEhUSFRIVEhURFxAXERY1FxEWNBcRFhIVNRYSFgANBQAAAAAAAAAAAAA=",
        "26": "JgBOAAABJpMVNxYRFhEWNhQ3FRIXNBUSFxAVNxYSFDcUExYRFBMWERYRFRIUExUSFhEUExUSFRIVEhURFBMUExU3FBMUNxYRFhEWNhQTFQANBQAAAAAAAAAAAAA=",
        "27": "JgBOAAABJ5IWNxYRFhETOBU2FhEXNRUSFDgWNRUSFTcUExQTFBMUExQTFhEUExQTFhEUExQTFhEUExQTFBMWERQ3FRIUNxUSFxAVNxQTFAANBQAAAAAAAAAAAAA=",
        "28": "JgBOAAABJpMXNRUSFBMUOBU2FRIWNRUSFhEXEBc2FTYVEhcQFxAXEBcQFxATFBMUExQWERYRExQUExYQFBMYDxg0FRIYMxUTFw8VNxUSFwANBQAAAAAAAAAAAAA=",
        "29": "JgBOAAABJpMXNRYRFhEUOBU2FRIXNBYRFTgWERQ3FTYWERUSGA8VEhcQGA8XEBUSGA8XEBgPGA8YDxUSFRIVEhc0FRMXNBUSFBMYMxUSGAANBQAAAAAAAAAAAAA=",
        "30": "JgBOAAABJpMVNxUSFBMUNxY2FRIWNRUSFhEWNhU3FTYVEhYRFhEWERYRFhEWERYRFhEWERYRFhEWERYRFhEWERY1FRIWNhUSFRIVNhUSFgANBQAAAAAAAAAAAAA="
      },
      "med": {
        "16": "JgBOAAABKZAXNhYSFRIVNRcRFjQXNRcRFhEWERYRFhEWERYRFhEWERYRFhEWERYRFhEWERYRFhEWERYRFhEWERY0FxAXNBcQFxIVNRYRFgANBQAAAAAAAAAAAAA=",
        "17": "JgBOAAABKZAXNhUSFRIVNhcQFzQXNRcQFzUWERYRFhAXEBcQFxAXEBcQFxAXEBcQFxAXEBcQFxAXEBcQFxAXERY0FxIVNRcSFRIVNRcRFgANBQAAAAAAAAAAAAA=",
        "18": "JgBOAAABKJEXNRcQFBMUOBUSFTYVNhYRFhEWNxUSExMWERUSFRIVEhUSFRIVEhUSFRIVEhUSFRIVEhUSFRIVEhY1FRIUOBUSFBMXNBUSFQANBQAAAAAAAAAAAAA=",
        "19": "JgBOAAABJpMVNxUSExQTOBYRFjYVNhUSFjYVNxUSFRIVEhUSFRIVEhUSFRITFBMTFBMUExQTFBMUExQTFRIVEhU3FRIWNRUSFhEWNRYRFgANBQAAAAAAAAAAAAA=",
        "20": "JgBOAAABJpMWNhUSFBMUOBUSFjUVNxUSFhEUExc1FhAUExcQFBMUExQTGA8UExQTFBMVEhYRFhEWERQTFhEUExQ3FBMUOBUSFRIVNxUSFQANBQAAAAAAAAAAAAA=",
        "21": "JgBOAAABJpIWNxYRFhEWNRUSFTYWNhQTFDgXEBY1FhEXEBcQFRIVEhcQFRIWERYRFBMVEhYRFhEUExYQFRIVEhc2FRIUNxQTFhEUNxUSFQANBQAAAAAAAAAAAAA=",
        "22": "JgBOAAABKZAYNRMUExQTOBcQFzQXNRcQFhEWNhQ3GA8XEBcQGA8YDxcQFxAUExQTFBMUExQTFBMUExQSFxAXEBc1GA8YNBcQFxAXNBcQFwANBQAAAAAAAAAAAAA=",
        "23": "JgBOAAABJpMVNxYRFhEWNRUSFTcUNxQTFzUWNhQ3FBMUExQTFhEUExQTFhEUExcQFhEXEBUSFhEUExYRFhEWERQ3FRIVNxUSFRIVNhQTFgANBQAAAAAAAAAAAAA=",
        "24": "JgBOAAABJ5IWNxUSFRIVNhQTFDcVNxQTFBMUExQTFjUUExQTFBMUExQTFBMUExQTFBMWERQTFBMUExQTFBMVEhQ3FRIVNxUSFhEWNhQTFAANBQAAAAAAAAAAAAA=",
        "25": "JgBOAAABJpMVNxYRFhEUOBQTFDcUNxUSFzYUExUSFTYUExYRFhEUExQTFhEVEhYRFhEWERMUFRIVEhMTFBMUExQ4FBMWNRUSFhEVNxQTFQANBQAAAAAAAAAAAAA=",
        "26": "JgBOAAABJ5IWNhUTExMVNxQTFDcVNxQTFRIUOBUSFTYVEhUSFhEVEhUSFRIVEhUSFRIVEhUSFRIUExURFRIVEhU3FRIVNxUSFBMUNxUSFAANBQAAAAAAAAAAAAA=",
        "27": "JgBOAAABJpMVNxcQFxAXNRQTFDcVNhYSFDgWNRcQFzQVEhUSFRIVEhUSFRIVEhUSFRIVEhYRFxAVEhYRFhEWERU3FRIUNxUSFhEWNRUSFQANBQAAAAAAAAAAAAA=",
        "28": "JgBOAAABJpMVNxcQFxAXNRQTFDcVNhYSFDgWNRcQFzQVEhUSFRIVEhUSFRIVEhUSFRIVEhYRFxAVEhYRFhEWERU3FRIUNxUSFhEWNRUSFQANBQAAAAAAAAAAAAA=",
        "29": "JgBOAAABJpMVNxUSExQTOBUSFjUWNhUSFDgWERY1FTcVEhgPFxAYDxgPGA8UExQTGA8UExQTFBMUExYRFBMWERY1FBMUNxYRFRIVNxQTFAANBQAAAAAAAAAAAAA=",
        "30": "JgBOAAABJpMVNxUSExQTOBUSFjUWNhUSFhEWNhU2FjYVEhYRFhEWERYRFhEWERYRFhEWERYRFhEVEhUSFRIVEhU2FRIWNRYRFhEWNhUSFQANBQAAAAAAAAAAAAA="
      },
      "high": {
        "16": "JgBOAAABKZAXNhUSFRIVNhc0FzUWNhYRFhEWERYRFhAXEBcQFxAWERYRFhEWERYRFhEWERYRFhEWERYRFhEWERY1FxAXNRcQFhEWNhYRFwANBQAAAAAAAAAAAAA=",
        "17": "JgBOAAABJpMVNxYRFBMWNRU3FDcVNxUSFTcVEhUSFRIUExUSFRIVEhQTFRIUExQTExQUExQTFBIVEhUSFBMUExU3FRIVNhYRFhEWNRYRFgANBQAAAAAAAAAAAAA=",
        "18": "JgBOAAABJ5IWNhYRFBQTOBU2FTcVNxcQExQXNBUSFRIVEhUSFRIVEhUSFRIWERQTFhEWERYRFBMVEhURFBMXEBQ4FRIXNRUSFRIUNxQTFQANBQAAAAAAAAAAAAA=",
        "19": "JgBOAAABKJEXNRQTFhEWNhU2FTYWNxcQEzgVNhYRFhEWERYRFhEWERYRFhEWERYRFhEWERYRFhEWERYRFhEWERY1FhEWNhUSFhEWNRUSFgANBQAAAAAAAAAAAAA=",
        "20": "JgBOAAABJpMVNxYRFBMWNRY2FDcVNxYRFhEWERQ4FBMUExQTFhEVEhQTFRITFBMUFRIUExUSFRITFBQSFhEUExQ4FBMWNRUSFhEVNhUTFAANBQAAAAAAAAAAAAA=",
        "21": "JgBOAAABJpMWNhUSFBMUNxY1FjYVNxUSFDcWERU3FRIVEhUSFRIVEhQTFBMUExQTFRIUExUSFRIUExUSFBMVEhU2FRIUNxUSFhEVNxQTFQANBQAAAAAAAAAAAAA=",
        "22": "JgBOAAABJ5EWNxUSExQUNxU2FTcUOBUSFRIVNhY2FRIWERQTFBMWERQTFBMWERQTFBMUExUSFBMUExQTFBMUExQ3FBMUNxYRFRIWNhUSFAANBQAAAAAAAAAAAAA=",
        "23": "JgBOAAABKJEXNRYSFRIVNRc1FjUXNRcSFDYXNBc0FxIWERYRFhEWERYRFhEWERYRFhEWERYRFhEWERURFhEWERY0FxIWNBcRFhEWNRcRFQANBQAAAAAAAAAAAAA=",
        "24": "JgBOAAABJ5IWNhcSExMUNhY2FTYWNxYSEhUSFRIVEjgUFBYRFhEWERYRFhESFRUSEhUSFRIVFRIVEhURFhETExQ4FBMUNxYRFxAXNRYRFwANBQAAAAAAAAAAAAA=",
        "25": "JgBOAAABKZAXNRcSFBMUNhc0FzQXNhYSFTUXERYRFjQXEhYRFRIVEhUSFRIVEhUSFRIVEhUSFRIVEhURFhEWERY0FxIWNBcRFhEWNBcSFQANBQAAAAAAAAAAAAA=",
        "26": "JgBOAAABKZAXNRYRFhEWNRc1FzQXNRYSFRIVNhcQFzQXEBcQFxAXEBcQFxAXEBcQFxAXEBcQFxAXEBcQFxAXEBc0FxAXNRcQFxAXNBcQFwANBQAAAAAAAAAAAAA=",
        "27": "JgBOAAABKJEXNRYRFhEWNRc1FzQXNRYRFjYXNBcQFzQXEBcQFxAXEBcQFxAXEBcQFxAXEBcQFxAXEBcQFxAXEBc0FxEWNRcQFxAXNRcQFgANBQAAAAAAAAAAAAA=",
        "28": "JgBOAAABJpMXNRUSFBMUOBU2FTYWNxUSFhEWERM4FTYWERUSGA8YDxgPFRIYDxUSFRIYDxUSFRIVEhgPFRIXEBU2FxEUNxUSFBMUNxUSFwANBQAAAAAAAAAAAAA=",
        "29": "JgBOAAABKZAWNhQTFBMWNRU3FTYVNxUSFDgVEhU2FTYWERYRFhEWERYRFhEWERYRFhEWERYRFhEWERYRFhEWERY1FhEXNRUSGA8XNRUSFwANBQAAAAAAAAAAAAA=",
        "30": "JgBOAAABJpMVNxUSFBMUOBU2FTYWNxQTExQTOBU2FjYVEhUSFRIVEhUSFRIVEhUSFRIVEhUSFRIVEhUSFREWERY2FRIWNRUSFhEWNhYRFAANBQAAAAAAAAAAAAA="
      },
      "auto": {
        "16": "JgBOAAABKZAYNRYRFhEWNRcQFxAXNBcSFhEWERYRFRIWERYRFRIWERYRFRIVEhUSFRIVEhUSFRIVEhYRFRIVERY0FxIWNBcRFhEWNBcRFwANBQAAAAAAAAAAAAA=",
        "17": "JgBOAAABJpMUOBYSEhUUNhUSFRIVNxYRFjUWERYRFxAXEBcQFxAXEBcQFxAXEBcQFhEWERYRFhEWERcQFBMXEBQ3FRIYMxYRFRIYNRcQEwANBQAAAAAAAAAAAAA=",
        "18": "JgBOAAABJ5IWNxYRFhEWNRQTFBMUNxUSFxAXNRUSFhEUExQTFBMVEhYRFBMUExUSFRIUExQTFBMUExUSFRIUEhU3FRIVNhYRFRIWNRYSFQANBQAAAAAAAAAAAAA=",
        "19": "JgBOAAABJpMWNhUSFBMUOBUSFhEWNRUSFjUWNxUSExMWERYRFhEWERYRFhEWERYRFhEWERYRFhEWERUSFRIVEhU2FRIWNhYRFBMWNhUSFQANBQAAAAAAAAAAAAA=",
        "20": "JgBOAAABJpMVNxYRFhEUNxUSFRIVNxQTFBMUExY1FRIUExcQFBMUExQTFxAUExcQFBMXEBQTFxAXEBQTFBMXEBQ3FRIVNxQTFhEWNhYRFgANBQAAAAAAAAAAAAA=",
        "21": "JgBOAAABJpMVNxYRFBMUOBQTFBMXNBQTGDMVEhc2FhAWERYRFhEUExQTFBMUExQTFhEUExQTFBMWERQTFRIVEhQ3FBMWNhUSFBMVNhYRFgANBQAAAAAAAAAAAAA=",
        "22": "JgBOAAABJ5IVNxMUFBMTOBYRFhEWNRYRFhEWNhU3FREWERYRFhEWERYRFhEWERUSFhEVEhUSFhEWERYRFRIVEhQ3FhEWNxUSFBMUNxYRFgANBQAAAAAAAAAAAAA=",
        "23": "JgBOAAABJ5IWNxQTExQTOBUSFhEWNRYRFjYVNxU2FhEWERYRFhEWERYRFhEUExQTFBMUExQTFBMUExQSFhEWERY2FhEXNRQTFBMYMxUSFQANBQAAAAAAAAAAAAA=",
        "24": "JgBOAAABJpMXNRUSFBMUOBQTFhEWNRUSFhEWERYRFjUWERYRFhEWERYRFhEWERYRFhEWERYRFhEWERYRFhEWERY2FxAVNhUSFhEWNhUSFAANBQAAAAAAAAAAAAA=",
        "25": "JgBOAAABJpMVNxUSFBMUOBUSFRIVNhUSFjUWERYRFjYVEhUSFRIVEhUSFRIVEhUSFRIVEhUSFRIVEhUSFREWERY2FRIWNhUSFBMUNxYRFgANBQAAAAAAAAAAAAA=",
        "26": "JgBOAAABKZAXNRYRFhEWNhUSFxAUNxUSGA8YMxYRGDQVEhcQFxAXEBcQFxAXEBUSFRIVEhUSFRIVEhUSFRIVEhU2FRIWNhUSFBMUNxYSFQANBQAAAAAAAAAAAAA=",
        "27": "JgBOAAABJpMVNxcQFBMWNRYRFRIVNxUSFzQVNxcQFzUUExQTGA8YDxgPGA8TFBcQFxAXEBMUExQTFBMTGA8YDxQ4FRIYMxYRFxAXNRUSFwANBQAAAAAAAAAAAAA=",
        "28": "JgBOAAABJpMVNxUSFBMUOBUSFRIVNhUSFhEWERY1FjYVEhUSFRIVEhUSFRIVEhUSFRIVEhUSFRIVEhUSFRIVEhU2FRIWNhUSFBMUNxYRFgANBQAAAAAAAAAAAAA=",
        "29": "JgBOAAABJpMVNxYRFBMXNBYRGA8YNBQTGDMVEhc1FzUVEhcQFxAUExYRFBMTFBMUExQVEhUSExQVEhURFBMUExQ4FBMUNxUSFRIVNxQTFAANBQAAAAAAAAAAAAA=",
        "30": "JgBOAAABJpMWNhUSFBMUOBQTFBMVNhUSFRIVNhY3FTYVEhUSFRIWERQTFRIUExUSFRIVEhUSFRIVEhQSFRIVEhY2FhEWNhUSFRIVNhUSFgANBQAAAAAAAAAAAAA="
      }
    },
    "dry": {
      "low": {
        "16": "JgBOAAABJ5IWEhY1FhIUNhY2FRMWNBYSFhEWERYRFhEWERYRFhEWERYRFhEWERYRFhEWERYRFhEWERYRFhEWERY0FBQWNBUUFhEWNRYSEgANBQAAAAAAAAAAAAA=",
        "17": "JgBOAAABJpMVEhg0FxAUNxU3FRIYMxUSFDgWERYRFhAXEBUSFxAVEhUSFxAXEBcQFhEVEhUSFRIXEBcQFRIVEhc2ExMUOBQTFRMTNxUSFwANBQAAAAAAAAAAAAA=",
        "18": "JgBOAAABJpMVEhY2FRIUNxY2FBMUNxQTFBMUOBUSFREWERUSFRIWERYRFRIVEhYRFRIVEhYRFhEWERUSFRIWERU2FRIWNxQTFBMVNhUSFQANBQAAAAAAAAAAAAA=",
        "19": "JgBOAAABJpMVEhQ4FhEUNxY2FRIWNRUSFjYVNxQTFBMUExUSFBMUExQTFRIVEhUSFBMUExQTFBMUExQSFBMUExQ4FRIUNxUSFhEVNxUSFAANBQAAAAAAAAAAAAA=",
        "20": "JgBOAAABJ5IWERc2FhEWNRQ3FRIVNxQTFBMUExQ4FREXEBYRFhEXEBYRFxAUExUSFhEWERQTFBMWERQTFBMVEhY1FhEWNhUSFRIVNxUSFQANBQAAAAAAAAAAAAA=",
        "21": "JgBOAAABJpMVEhc1FhEUNxU3FBMWNRUSFTcWERY2FBMUExUSFhEUExQTFBMVEhUSExQUExUSExQUExMTFBMUExQ4FBMVNhUSFhEWNhUSFAANBQAAAAAAAAAAAAA=",
        "22": "JgBOAAABJpMVEhU3FRIVNhU3FBMVNhUSFBMUOBU3FBMUExQTFBMVEhUSFREVEhUSFRIVEhUSFRIVEhUSFBIVEhU4FRIVNhUSFhEVNhUSFQANBQAAAAAAAAAAAAA=",
        "23": "JgBOAAABJ5IWERU4FhETOBU2FhEXNRQTFDgXNBU3FRIUExcQFBMXEBcQFBMWERYRFhEWERQTFBMWERQTFBMWERY1FBMUNxUSFRIVNhUTFAANBQAAAAAAAAAAAAA=",
        "24": "JgBOAAABJpMVEhU3FxISOBQ3FBMUNxUSFRIVFBMSFTcUFBYRFhEWERMUExQWERYRFhETFBMUExQTFBMUExQWERY0FBQWNRQUExMWNRUSFQANBQAAAAAAAAAAAAA=",
        "25": "JgBOAAABJ5IWERU4FRIUNxU2FRIWNhUSFTcVEhUSFTYWERYRFhEVEhYRFRIVEhUSFRIVEhUSFRIVEhURFRIVEhU3FhEWNhQTFBMUNxUSFQANBQAAAAAAAAAAAAA=",
        "26": "JgBOAAABJpMUExc1FhISOBU3FBQWNBQUFhEWNRcRFDYWExYRFhEWERYRFhETFBMUExQTFBMUFBMTFBQSFhEWERY1FhIWNBcRFhEWNBcSFgANBQAAAAAAAAAAAAA=",
        "27": "JgBOAAABJpIXEhc0FxITNxU2FBQWNBUUFjUWNRQUFjQVFBYRFhEWERYRFhEWERYRFhEWERYRFhEWERYRFhEWERYzFRQWNBQUFhEWNBUTFwANBQAAAAAAAAAAAAA=",
        "28": "JgBOAAABJpMVEhU3FhEWNhU2FBMUNxUSFRIXEBU4FTYVEhQTFBMWERQTFBMVEhUSFRIVEhUSFRITFBURFBMUExQ4FRIVNhUSFRIVNxUSFAANBQAAAAAAAAAAAAA=",
        "29": "JgBOAAABKZAXEBc1FBMUNxg0FxAXNBcQFzUUExQ3GDQXEBcQFhEXEBYRFxAWERcQFxAWERcQFxAXEBQTFxAXEBc0FxAXNBgPGA8YNBcQFwANBQAAAAAAAAAAAAA=",
        "30": "JgBOAAABJpMWERY2FRIVNxU2FBMUNxYRFhEVOBQ3FTYVEhYRFRIVEhUSFRIVEhUSFhEVEhUSFRIVEhUSFRIVEhU2FRIWNhUSFRIUNxUSFQANBQAAAAAAAAAAAAA="
      },
      "med": {
        "16": "JgBOAAABKZAXEBc1FhEWNhcQFzQXNBcSFRIWERUSFRIVEhUTFBIVEhUSFRIVEhUSFRIVEhUSFRIVERYRFhEWERY0FxIWNBcRFhEWNRYSFQANBQAAAAAAAAAAAAA=",
        "17": "JgBOAAABJ5IWERU4FRIVNhQTFDcVNxUSFTcVEhUSExMVEhUSFhEWERQTFhEVEhUSFRIVEhQTFRIVEhQTFBMUExQ3FRIWNhUSFRIVNxUSFQANBQAAAAAAAAAAAAA=",
        "18": "JgBOAAABJpMVEhY2FRIUNxYRFjYVNhUSFxEXNBcQFw8VEhgRFhAWEBcQFRIXEBcQFxAXEBUSFxAYEBcPGA8YDxgzGA8YNRcQFBMUORUQFwANBQAAAAAAAAAAAAA=",
        "19": "JgBOAAABJpMVEhU3FRIVNhYRFjYVNhYRFjYVNxUSFRIVEhUSFRIVEhQTFRIUExMUExQUExMUFBMUExQSFRIVEhQ4FRIVNhYRFhEWNRYSFAANBQAAAAAAAAAAAAA=",
        "20": "JgBOAAABJpMVEhY2FRIUNxYRFjYVNhUSFhEWERY2FREWERYRFhEWERYRFhEWERYRFhEWERYRFhEWERYRFhEWERY2FRIVNxUSExQTOBUSFgANBQAAAAAAAAAAAAA=",
        "21": "JgBOAAABJ5IVEhY2FRIUNxUSFjYUNxUSFTcWERQ4FBMUExQTFRIUExUSFBMTFBQTFBMUExQTFBMTFBMTFBMVEhU3FRIWNRUSFhEWNRUSFgANBQAAAAAAAAAAAAA=",
        "22": "JgBOAAABJ5IXEBY2FhEXNRUSFjUVNhYRFhEWNhU3FRIWERYRFhEWERYRFhETFBMUExQTFBMUExQTFBMTFhEWERY2FxAWNRUSFxAXNRUSFAANBQAAAAAAAAAAAAA=",
        "23": "JgBOAAABJpMVEhY2FRIVNhUSFjYVNhYRFTcVNxU2FRIVEhYRFRIVEhUSFRIVEhQTFhEUExQTFBMUExQTFRIVEhU2FhEVNxQTFRIVNhUSFQANBQAAAAAAAAAAAAA=",
        "24": "JgBOAAABJ5IVEhg1FhISOBQTFDcVNxQUFhEWERYREzcUFhQRFhETFBYRFhEWERYRFhEWERYRExQTFBYRExMXERY0FRIVNxUSFhEVNxQTFAANBQAAAAAAAAAAAAA=",
        "25": "JgBOAAABKZAWERY2FBMUNxcQGDQXNBcQFzUUExYRFjUWEhcPFRIXEBcQFhEUExQTFBMUExQTFBMUExQSFhEWERY3FRIXNBQTGA8YMxUSFQANBQAAAAAAAAAAAAA=",
        "26": "JgBOAAABJpMVEhc1FhEWNhQTFjUVNhUTFBMUOBYRFTYVEhUSFBMVEhYRFRIVEhUSFRIVEhUSFRIVEhURFBMWERQ4FhEVNxUSFRIVNhUSFAANBQAAAAAAAAAAAAA=",
        "27": "JgBOAAABJpMVEhc1FhEUNxYRFzUUNxUSFTcWNhQTFzQVEhUSGA8YDxcQFxAYDxUSGA8YDxQTGA8UExgPFBMYDxgzFhEVNxUSFxAXNBQTFAANBQAAAAAAAAAAAAA=",
        "28": "JgBOAAABKJEWEhY1FhIVNRcRFzQWNRcRFhEWERY1GDQWEhYRFhEWEhURFhEUExQTFBMUExQTFBMUExQSFhEWERY1FhIWNBcRFhEWNBcSFgANBQAAAAAAAAAAAAA=",
        "29": "JgBOAAABKJEWERg0FxAUOBUSFjUVNxUSFTcVEhM4FTYWEhURFhEWERYRFhEWERYRFhEWERYRFhEWERYRFhEWERY2FBMVNhQTFxAXNBUSFQANBQAAAAAAAAAAAAA=",
        "30": "JgBOAAABJ5IVEhU3FRMUNxQTFjUWNhQTFBMUOBU2FjYVEhUSFBMVEhURFhIUExURFhEWERUSFhEWERYRFhEVEhU3FRIVNhYRFhEVNhYRFgANBQAAAAAAAAAAAAA="
      },
      "high": {
        "16": "JgBOAAABJ5IWEhU3FRITOBU2FTcVNxUSFRIUExUSFREVEhUSFRIVEhUSFRIVEhUSFRIUExUSFBMVEhUSFBMWERQ3FhEVNxYSFBIUOBQTFAANBQAAAAAAAAAAAAA=",
        "17": "JgBOAAABJ5IVExc1FhISOBU2FjYVNxcRFTUXEhYRFhEWERYRFhEWERYRFhEUExQTFBMUExQTFBMUExQSFRIVEhU1FxIWNBcQFxAXNBcQFwANBQAAAAAAAAAAAAA=",
        "18": "JgBOAAABJpIWEhQ4FRIVNhU2FjYVNxYRFhEWNRUSFRIWERYRFRIWERYRFRIVEhUSFRIVEhUSFBMVEhQSFRIVEhY2FhIVNhUSFBMUNxYRFgANBQAAAAAAAAAAAAA=",
        "19": "JgBOAAABJ5IVEhU3FBMVNhU3FTYVNxUSFDgVNhYRFhEWERYRFRIVEhQTFRIWERUSFRIUExQTFBMVEhUSFRIVEhU2FhEVNhYRFhEWNhUSFQANBQAAAAAAAAAAAAA=",
        "20": "JgBOAAABJpIWEhU3FRITOBU2FjYVNxUSFBMUExQ3FhEWERYRFhEWERYRFhEUExQTFBMUExQTFBMUExQSFhEWERY3FRIVNhUSFhEWNRYRFgANBQAAAAAAAAAAAAA=",
        "21": "JgBOAAABJpMUExQ4FBMTOBU3FTYUNxUTFTcVEhU2FRIUExQTFBMUExUTFBMTExQTFRIVEhQUExQUEhQTFhITFBM3FRMTOBQTFRIUNxQUFAANBQAAAAAAAAAAAAA=",
        "22": "JgBOAAABJ5IVEhU4FBMUNxQ3FjYVNxQTFRIVNhY2FRIUExUSFRIVEhUSFRIUExQTFRIVEhURFhEWERYRFRIVEhU3FBMVNhUSFhEVNxQSFgANBQAAAAAAAAAAAAA=",
        "23": "JgBOAAABJpMVEhQ4FBQTOBQ3FDgUOBMUFDcUNxU3FRIUExQTFBMUExQTFBMUEhYSFBMVEhUSFhAVExQSFhIVERU3FRMTNxQUExQTORQTEwANBQAAAAAAAAAAAAA=",
        "24": "JgBOAAABJpMVEhg0FxATOBU3FDcVNxcQFhEWERQTFjYUExQTFBMUExQTFBMTExYRFhEUExQTFhEWERYRFhEVERU4FBMUNxQTFxAXNBYRFQANBQAAAAAAAAAAAAA=",
        "25": "JgBOAAABJpMVEhU3FRIVNxU2FDcWNxQTEzgUExQTFTYVEhUSFhEWERUSFhEVEhYRFhEVEhUSFhEVEhYRFhEWERU2FRIVNxUSFBMVNhYRFgANBQAAAAAAAAAAAAA=",
        "26": "JgBOAAABJ5IWERY3FBMVNhc0FjYVNxQTFBMUNxYRFTcVEhUSFBMVEhQTFRIVEhQTFBMUFBMTFRIVEhUSFRIUExQ3FBMUNxYSFBIWNhUSFAANBQAAAAAAAAAAAAA=",
        "27": "JgBOAAABJpMWERY2FhEUOBQ3FTYVOBYRFjUVNhUTFDcUExQTFBMUExQTFRIWERYRFBMVEhQTFRIVEhQTFRIUExU2FBMWNRUSFhEWNxQTFAANBQAAAAAAAAAAAAA=",
        "28": "JgBOAAABJ5IWERU3FRIUOBQ3FjYVNxUSFRIVEhU2FTYVEhUSFhIUEhYRFRIVEhUSFhEVEhYRFhEVEhUSFhEWERY2FRIVNhUSFhEWNRUSFgANBQAAAAAAAAAAAAA=",
        "29": "JgBOAAABJ5MUEhQ4FBMUNxY2FDcVNxUSFjYUExQ3FjUVEhYRFhEVEhYRFhEVEhUSFRIVEhUSFhEWERUSFhEWERU3FBMUNxUSFBMWNhUSFQANBQAAAAAAAAAAAAA=",
        "30": "JgBOAAABJ5IWERU3FRIVNxU2FjUVOBQTFBMUNxU2FTcVEhUSFRIVEhUSFRIVEhUSFRIVEhQTFRIUExUSFBMUExQ3FhEUNxYRFhEWNhYRFQANBQAAAAAAAAAAAAA="
      },
      "auto": {
        "16": "JgBOAAABJpMVEhc1FhEVNhUSFxAWNhUSFBMVEhUSFBMVEhUSFBMVEhQTFRIUExQTFBMUExQTFBMUEhUTFRIVERY2FRIUNxUSFhEWNhUSFAANBQAAAAAAAAAAAAA=",
        "17": "JgBOAAABJ5IWERU2GRAWNRUSFxAXNBUSFTcVEhQTFBMWERYRFBMWERQTFBMWERQTFhEVEhUSFBMUExQSFRIVEhU3FBMVNhUSFxAWNhYRFgANBQAAAAAAAAAAAAA=",
        "18": "JgBOAAABJpMVEhU3FRIUNxYRFhEWNhcQFRIWNRQTFxAXEBcQFxAUExgPFxAYDxQTGA8XEBcQFBMUExQTFxAXEBgzFRIYMxYRGA8VOBcQEwANBQAAAAAAAAAAAAA=",
        "19": "JgBOAAABJ5IWERY2FRMTOBUSFhEWNRUSFjYVNxUSExMWERYRFhEWERYRFhEWERYRFhEWERYRFhEWERUSFRIVEhU2FRIWNhYRFBMUOBUSFQANBQAAAAAAAAAAAAA=",
        "20": "JgBOAAABJ5IUExU3FRIVNhYRFhEVNxQTFRIUExQ3FRIWERUSFRIUExYRFBMUExYRFBMUExQTFRIWERQTFBMVEhQ3FRIWNRUSFhEWNxUSFQANBQAAAAAAAAAAAAA=",
        "21": "JgBOAAABJ5IVEhY2FRIVNhUSFhEWNhQTFjUVEhc1FRIUEhUSFhEWERYRFhEWERYRFRIWERUSFhEVEhUSFhEWERY2FRIUOBUSFRIVNhUSFQANBQAAAAAAAAAAAAA=",
        "22": "JgBOAAABKZAXEBc1FBMUOBYRFhEWNRYRFBMUNxY2FhEWERYRFhEWERYRFBMXEBQTFhEUEhgPGA8VEhgPGA8VEhg0FRIUOBUSFBMXNBYRGAANBQAAAAAAAAAAAAA=",
        "23": "JgBOAAABJ5IWERY3FRITOBUSFxAXNBUSGDQUOBc0FhEVEhUSFxAWERcQFRIWERYRFBMUExQTFRIWERURFhEVEhY2FRIVNxUSFRIUNxUSFgANBQAAAAAAAAAAAAA=",
        "24": "JgBOAAABJ5IVEhg0FxISOBQUFhETNxQUFBIWEhURFjUYDxgPGA8YDxgPGA8XEBcQFxAXEBcQFRIXEBUSFRIYDxgzFhEYNBUSGA8XNRYRFAANBQAAAAAAAAAAAAA=",
        "25": "JgBOAAABJpMXEBY2FRIUOBQTFBMUNxUSGDMVEhgPGDQUExQTFxAUExcQFBMUExQTFhEWERYRFhEUExYRFhEWERY1FRIWNhUSFBMUNxUSFQANBQAAAAAAAAAAAAA=",
        "26": "JgBOAAABJpMVEhU3FRITOBYRFhEWNhUSFRIVNhUSFjUWERYRFhEWERYRFhEWERYRFhEWERYRFhEWERYRFhEWERY1FRIWNxUSExQTOBcQFgANBQAAAAAAAAAAAAA=",
        "27": "JgBOAAABJ5IWERg1FxAXNBUSFxAXNBYRFzUVNxUSFDcWERYRFhEWERYRFhEUExQTFBMUExQTFBMUExQSFhEWERY2FhEWNhUSFhEWNBYSFgANBQAAAAAAAAAAAAA=",
        "28": "JgBOAAABJpMVEhY2FRIUOBUSFRIVNhUSFhEWERY1FTcVEhUSFRIVEhUSFRIVEhUSFRIVEhYRFhAXEBcQFxAXEBg0FBMYNBUSFxAXNBYRFQANBQAAAAAAAAAAAAA=",
        "29": "JgBOAAABJpMVEhQ4FhEUNxUTFBMUNxQTFjUVEhc1FTcVEhQTFBMUExYRFRIVEhQTFRIVEhMUFRIVEhURFRIUExQ4FRIUNxUSFhEWNhUSFAANBQAAAAAAAAAAAAA=",
        "30": "JgBOAAABJpMVEhU3FBMTOBYRFRIWNRYRFhIVNhU3FTYWERUSFRIVEhYRFRIUExQTFBMVEhUSFBMVEhURFhEVEhY3FRIUNxUSFhEVNhYRFgANBQAAAAAAAAAAAAA="
      }
    },
    "fan_only": {
      "low": {
        "16": "JgBOAAABJpMUOBQ4FBQVNRQ3FRQVNhYRFhIVEhIVFRETFBMUFhEWERYRExMUFBYRFhEWERYRFhEWERYRFhEWERY0FRMWNRYSFBMUNhcSFgANBQAAAAAAAAAAAAA=",
        "17": "JgBOAAABKJEWNhY1FxAXNRY1FxAXNRYRFjYWERYRFhEWERYRFhEWERYRFhEVEhUSFREWERYRFhEWERYRFhEWERY2FhEWNRcQFxAXNBcQFwANBQAAAAAAAAAAAAA=",
        "18": "JgBOAAABKJEVNxc0FhEYNBU2FRIWNhUSFBMUOBUSFRIVEhUSFRIVEhUSFRITFBMUExQTFBMUExMUExQTFRIVEhU3FRIWNRUSFhEWNRYSFQANBQAAAAAAAAAAAAA=",
        "19": "JgBOAAABJpMVNxU2FhEWNhU2FRIWNhUSFDgVNhUSFhEWERYRFhEWERYRFhEWERYRFhEWERYRFhEWERYRFhEVEhU2FRIWNRUSFhEWNhcQFgANBQAAAAAAAAAAAAA=",
        "20": "JgBOAAABJpMUOBY2FBMUNxQ3FRIVOBUSFRITFRQ2FhEWERcQFxAXEBcQFxAUExUSFhEXEBcQFxAWERMTGA8XEBc1FRIWNRYRFhEWNhUSFgANBQAAAAAAAAAAAAA=",
        "21": "JgBOAAABKJEWNxM4FRIWNRU3FRIUOBUSFTYVEhY2FRIUExQTFRIVEhQTFRIVEhUSFBMVEhUSFRIUExUSFBMUExQ3FRIWNRYRFhEWNhUSFAANBQAAAAAAAAAAAAA=",
        "22": "JgBOAAABJ5IVNxU2FhEWNhQ3FRIVNxUSFRIUOBQ3FRIVEhQTFhEVEhUSFRIUExUSFBMVEhUSFhEVEhQTFBMUExQ3FhEWNRUTFBIWNhUSFQANBQAAAAAAAAAAAAA=",
        "23": "JgBOAAABJ5IVNxU2FhEWNhQ3FRIVNxUSFRIUOBQ3FRIVEhQTFhEVEhUSFRIUExUSFBMVEhUSFhEVEhQTFBMUExQ3FhEWNRUTFBIWNhUSFQANBQAAAAAAAAAAAAA=",
        "24": "JgBOAAABJpMVNxc0FRIVNxU2FRIUOBcQFBMWERYRFjYVEhYRFBMUExQTFBMTFBUSFREWERQTFBMUExUSFBMVEhY2FBMUNxUSFhEWNRUSFQANBQAAAAAAAAAAAAA=",
        "25": "JgBOAAABKJEXNRY1FxIWNBc0FxEWNRcSFDYXERYRFjQXERYRFhEWERYRFhEWERYRFhEWERYRFhEWERYRFhEWERY0FxEWNBcSFhEWNBcRFgANBQAAAAAAAAAAAAA=",
        "26": "JgBOAAABJ5IWNxU2FRIWNRY2FRIWNhUSFBMUNxYRFjYVEhUSFRIVEhUSFRIVEhUSFRIVEhUSFRIWERUSFhEUExY1FRIYMxUSGA8VNRcSFwANBQAAAAAAAAAAAAA=",
        "27": "JgBOAAABKJEXNRY1FxAXNRc0FxAXNRYRFjYWNRcQFzQXEBcQFxAXEBcQFxAXEBcQFxAXEBcQFxAXEBcQFxAXEBc0FxAXNRcQFxAXNRcQFgANBQAAAAAAAAAAAAA=",
        "28": "JgBOAAABJ5IWNxU2FRIWNRY2FRIWNhUSFBMUExM4FjYVEhUSFRIVEhUSFRIVEhUSFRIVEhUSFRIVEhUSFREWERY2FRIWNRUSFhEWNRYSFQANBQAAAAAAAAAAAAA=",
        "29": "JgBOAAABJpMVNxU3FRIWNRU2FhEWNxUSEzgVEhY1FjYVEhYRFhEWERYRFRIWERUSFRIVEhUSFRIVEhUSFRIVEhU2FRIWNRYRFhEWNhYSEwANBQAAAAAAAAAAAAA=",
        "30": "JgBOAAABJpMVNxY1FRMXNBU2FhEYNBcQFxAXNRU2FTcUExQTFBMUExYRFxAWEBUSFRIVEhcQFRIVEhUSFxAVEhU3FRIWNRUSFxAXNRUSFgANBQAAAAAAAAAAAAA="
      },
      "med": {
        "16": "JgBOAAABJ5EWNhc1FhAXNRYRFjUWNhYRFhEWERYRFhAXEBcQFxAYDxcQFxAXEBcSFRAXEBcQFxAXEBcQFxAXEBc0FxAXNhYRFRIVNhcQFwANBQAAAAAAAAAAAAA=",
        "17": "JgBOAAABJ5IYNRU2FRIXNBUSFTcVNxcQFzQVEhgPFRIXEBUSFRIXEBUSFRIWERYRFBMVEhYRFBMWERQSFRIVEhY3FBMVNhUSFxAWNRUSFgANBQAAAAAAAAAAAAA=",
        "18": "JgBOAAABJpMVNxQ4FRIVNhUSFTYWNxQTFBMUNxYRFRIWERUSFRIVEhUSFRIUExQTFBMTFBQTFBMUExQSFRIVEhU3FhEWNRYRFRIVNxUSFQANBQAAAAAAAAAAAAA=",
        "19": "JgBOAAABKJEXNRY1FxAXNRcQFzQXNRYRFjYXNBcQFxAXEBcQFxAXEBcQFxAXEBcQFxAXEBYRFhEWERYRFhEWERY1FxAXNBcQFxAXNRYRFgANBQAAAAAAAAAAAAA=",
        "20": "JgBOAAABJpMVNxU2FRIWNRYSFTYVNxUSFBMUExQ3FhEWERYRFhEWERYRFhEUExQTFBMUExQTFRIUExYQFRIVEhU4FBMUNxQTFRIUNxUSFQANBQAAAAAAAAAAAAA=",
        "21": "JgBOAAABJ5IVNxU3FRIUNxUSFDcVNxUTFDcWERU2FhEWERUSFhEVEhYRFhEWERUSFRIWERUSFRIWERUSFRIVEhU2FhEVNxUSFhEVNhYRFgANBQAAAAAAAAAAAAA=",
        "22": "JgBOAAABJpMVNxU2FhEWNhUSFTYVNxUSFBMUOBU2FxAWERYRFhEWERcQFxAXEBcQFxAXEBQTFxAUExcQFBMUExQ3FRIVNhUTFBIVNxQTFAANBQAAAAAAAAAAAAA=",
        "23": "JgBOAAABJpMVNxc1FRIUNxUSFzQVOBYRFjUVNhU3FBMUExYRFhEUExQTFBMUExQTFBMWERYRFBMWERQTFhEUExQ3FRIUNxYRFhEXNhQTEwANBQAAAAAAAAAAAAA=",
        "24": "JgBOAAABJpMVNxU2FhEWNhUSFjUVNxUSFBMUExQTFDgUExYRFhEVEhUSFRITFBMUFhETFBMUExQTFBMTFxAXEBc1FRIXNBUSFRIVNxUSFAANBQAAAAAAAAAAAAA=",
        "25": "JgBOAAABJpMVNxY1FhEWNhUSFTYVNxUSFDgVEhUSFTYVEhYRFhEWERYRFhEWERYRFhEWERYRFhEWERYRFhEWERY1FxAWNRUTFRIVNhQTFwANBQAAAAAAAAAAAAA=",
        "26": "JgBOAAABJpMVNxc1FBMWNRQTFzQVOBUSFRIVNhUSFDcWERcQFxAVEhYRFhEVEhUSFhEWERUSFRIVEhYRFRIVEhY1FRIVNxYRFBMUNxYRFgANBQAAAAAAAAAAAAA=",
        "27": "JgBOAAABJpMXNRU2FhIXNBUSFDcVNxcQFjYVNhUSFTcVEhQTFBMWERUSFhEWEBYRFhEWERYRFRIWERYRFhEVEhU3FBMVNhUSFRIWNhYRFQANBQAAAAAAAAAAAAA=",
        "28": "JgBOAAABKJEXNRY2FhEWNRcQFzQXNRcRFRIVEhU2FzQXEhUSFhEWERYRFhEWERYRFhEWERYRFhEVERcQFhEWERY0FRQWNBQTFBMUNxUSFQANBQAAAAAAAAAAAAA=",
        "29": "JgBOAAABJpMVNxY1FRIVNxQTFDcVNxYRFTcVEhQ3FTYWERYRFRIWERUSFRIVEhYRFRIWERUSFRIVEhYRFRIVEhU2FhEVNxUSFBMUOBUSFAANBQAAAAAAAAAAAAA=",
        "30": "JgBOAAABJpMVNxU2FRIWNhUSFTYVNxUSFBMUNxY2FTYVEhYRFhEWERYRFhEWERYRFhEWERYRFhEWERYRFhEWERY1FRIXNRUSFxAXNRUSFAANBQAAAAAAAAAAAAA="
      },
      "high": {
        "16": "JgBOAAABKJEXNRQ3GA8XNRY1FjYWNhYRFhEUExQTFhEWERYRFBMUExYRFhEVEhURFhEWERYRFhEWERYRFBMUExQ4FRIUNxUSFxAXNBYRGAANBQAAAAAAAAAAAAA=",
        "17": "JgBOAAABJpMVNxU2FhEWNhU2FTcWNhUSFzQVEhQTGA8XEBcQFxAUExcQFBMXEBQTFBMUExQTFRIUExQTFBMWERU2FRIXNBUSFRIWNhUSFgANBQAAAAAAAAAAAAA=",
        "18": "JgBOAAABJpMVNxU3FBMUNxU2FTgVNhUSFxAWNRYRFRIWERUSFRIVEhYRFRIWERUSFRIWERUSFRIVEhYRFhEWERU2FhIUNxUSFBMWNRUSFgANBQAAAAAAAAAAAAA=",
        "19": "JgBOAAABJ5IWNxU2FxAWNRY2FzUVNhUSFjYVNhUSFhEWERYRFhEWERYRFhEWERcQFxAUExcQFxAXEBQTFxAUExc0FRIXNBUTFhEWNhQTEwANBQAAAAAAAAAAAAA=",
        "20": "JgBOAAABJ5IWNxY1FBMXNBU3FTcWNRYRFRIXEBc1FBMWERYRFhEWERYRFRIVEhUSFRIVERYSFREWERYRFhEWERY2FBMWNRUSFhEWNRgPFgANBQAAAAAAAAAAAAA=",
        "21": "JgBOAAABJpMUOBY1FRMXNBQ3FDgXNRQUFjQUFBY0FRQWERYRFhEWERYRFhEWERYRFhAXERYQFxAWERYRFhEWERY0FRQWNBQUFhEWMhoREwANBQAAAAAAAAAAAAA=",
        "22": "JgBOAAABKJIUOBQ3FhEVNxU2FDgVNhYTFBEWNhQ3FhEVEhQTFhEWERQTFRIVEhYRFRIWERUSFRIVEhUSFRIVEhQ3FhEWNRUTFREWNxUSEwANBQAAAAAAAAAAAAA=",
        "23": "JgBOAAABJpMVNxY2FBMUNxQ3FTgVNhQTFzQVNxQ4FhEVEhUSFhAXEBYRFBMUExQTFhEUExQTFhEWERYRFRIWERY1FRIVNxUSFhEVNxQTFQANBQAAAAAAAAAAAAA=",
        "24": "JgBOAAABJ5IWNxY1FRIUNxU3FDgWNRUSFhEXEBUSFjYUExYRFBMWERUSFRIVEhUSFBMVEhUSFRIVERUSFhEWERU3FBMUNxUSFRIVNhYRFQANBQAAAAAAAAAAAAA=",
        "25": "JgBOAAABJpMVNxc0FhEVNxQ3FTcWNhQTFjUVEhUSFDcVEhUSFxAXEBUSFRIWERcQFRIVEhcQFRIVEhUSFRIVEhc1FRIVNhUSFRIVNxUSFQANBQAAAAAAAAAAAAA=",
        "26": "JgBOAAABJ5IWNxY1FRIVNhY2FTcVNhYRFhEWNhQTFjUVEhUSFhEVEhUSFRIVEhYRFRIVEhQTFBMUExQTFhEUExU2FRIWNhQTFRIUOBUSFQANBQAAAAAAAAAAAAA=",
        "27": "JgBOAAABJpMVNxU2FhEWNhU2FTcVNxUSFTYVNhYRFjcVEhMUExMWERYRFhEWERYRFRIVEhUSFRIWERUSFBMVEhY1FBMXNRUSFRIXNBYSFAANBQAAAAAAAAAAAAA=",
        "28": "JgBOAAABJpMVNxc0FhEYNBU2FDgXNRQTFBMUExY1FDcWERcQFRIXEBcQFRIXEBcQFRIVEhUSFRIXEBcQFxAVEhU2FhEVNxQTFBMWNhQTFgANBQAAAAAAAAAAAAA=",
        "29": "JgBOAAABJpMXNRU3FRIVNhU2FjYVNxQTFjUVEhY2FzUVEhMUExMWERYRFhEWERYRFhEWERYRFhEWERYRFhEWERY1FRIWNhYRFhEWNhUSFQANBQAAAAAAAAAAAAA=",
        "30": "JgBOAAABJpMWNhU3FRIWNRU3FTcVNhUSFhEWNhU2FTcVEhQTFBIWERYRFhEWERYRFhEWERYRFhEWERYRFhEWERY1FhEWNxUSFRIVNhUSFgANBQAAAAAAAAAAAAA="
      },
      "auto": {
        "16": "JgBOAAABKZAXNRY2FxAXNBcQFxAXNBgPGA8YDxgPGA8YDxcQFxAXEBcQFxAXEBcSFRIVEhUSFRIVEhUSFRIVEhU1FhIWNBcRFhEWNRcRFQANBQAAAAAAAAAAAAA=",
        "17": "JgBOAAABJpMVNxc0FRIYNBQTGA8UNxQTFDgXEBcQFw8YDxgPFRIVEhcQGA8VEhgPFxAVEhcQFRIVEhUSFRIXEBU2FRMWNhQTFhEWNRQTFwANBQAAAAAAAAAAAAA=",
        "18": "JgBOAAABJ5IVNxU2FRIVNxQTFBMUNxUSFBMUOBQTFREVEhYRFhEVEhYRFRIWERUSFhEVEhYRFhEVEhUSFRIVEhU2FRIVOBUSExQVNhQTFAANBQAAAAAAAAAAAAA=",
        "19": "JgBOAAABJpMVNxU2FhEWNhUSFhEWNRUSFjYVNxUSFhEWERYRFRIVEhUSFxAWERYRExQXEBcQFhETFBURFBMUExQ4FRIUNxUSFRIVNxUSFgANBQAAAAAAAAAAAAA=",
        "20": "JgBOAAABJpMVNxY2FBMUNxQTFBMVNhUSFRIWERc1FhEUExQTFRIUExUSFBIWERUSFRIWERUSFhEVEhUSFhEWERU3FRIVNxUSFBMVNhUSFQANBQAAAAAAAAAAAAA=",
        "21": "JgBOAAABJpMUOBc1FRMWNBYSFhEWNBcSFjUWEhU1FxEWERYRFhEWERYRFhEVEhUSFRIVEhUSFREWERYQFxAXEBc1FxEWNBgRFhEWNBcRFgANBQAAAAAAAAAAAAA=",
        "22": "JgBOAAABJpMVNxU2FhEWNhUSFRIVNhUSFhEWNhU3FRIVEhUSFRIVEhUSFRITExQTFBMUExQTFBMUExQTFRIVEhU3FRIWNRUSFhEXNBUSFwANBQAAAAAAAAAAAAA=",
        "23": "JgBOAAABJpMVNxc0FhEYNBUSFxAXNBUSFjYVNxU2FRIWERYRFhEWERYRFhEWERYRFhEWERYRFhEWERYRFhEWERY1FhEWNhUSFRIVNhUSFgANBQAAAAAAAAAAAAA=",
        "24": "JgBOAAABJ5IWNxU2FRIWNRUSFhEWNhUSFhEWERYRFjUXEBYRFhEWERYRFhEWERYRFhEWERYRFhEWERYRFhEWERY1FRIXNRUSFBMUOBUSFwANBQAAAAAAAAAAAAA=",
        "25": "JgBOAAABJpMVNxU3FRIWNRUSFhEWNRYSFTcVEhMUEzgVEhYRFhEWERYRFhEUExQTFBMUExQTFBMVEhMTFxAXEBc1FRIXNRQTFxAUNxQTGAANBQAAAAAAAAAAAAA=",
        "26": "JgBOAAABJ5IWNxU2FRIXNBUSFxAXNRUSFxAXNRYRFjUVEhUSFxAVEhUSGA8UExcQFxAXEBQTFxAUExcPFRIYDxg0FRIYNBQTFxAUNxUSGAANBQAAAAAAAAAAAAA=",
        "27": "JgBOAAABJpMVNxU3FRIVNhUSFhEWNRYRFjYVNxUSFjUWERYRFhEWERYRFhEWERYRFhEWERYRFhEWERYRFhEWERY1FhEWNhUSFhEWNRUSFgANBQAAAAAAAAAAAAA=",
        "28": "JgBOAAABJ5IWNxY1FRIWNRYRFhEWNhUSFhEWERY2FTYWERYRFhEWERYRFhEUExQTFBMUExQTFBMUExQSFhEWERY2FhIVNhUSFhEWNRUSFgANBQAAAAAAAAAAAAA=",
        "29": "JgBOAAABJpMVNxU3FRIWNRUSFhEWNRUSFjcVEhM4FTYWERYRFhEWERYRFhEWERYRFhEWERYRFhEWERYRFhEWERY2FBMVNhUSFhEWNRYRFgANBQAAAAAAAAAAAAA=",
        "30": "JgBOAAABJpMWNhg0FRIYMxUSGA8YNBUSFxAXNRc0FTYWEhcQFw8YDxgPFxAYDxcQFxAXEBcQFxAXEBcQFxAXEBc1FRIXNBUSFxAXNBYRFwANBQAAAAAAAAAAAAA="
      }
    }
  }
}