{
   "manufacturer":"Fisher",
   "supportedModels":[
      "FPR-91DE4-R",
      "FPR-121DE4-R",
      "FPR-141DE4-R"
   ],
   "supportedController":"Broadlink",
   "commandsEncoding":"Base64",
   "minTemperature":17.0,
   "maxTemperature":30.0,
   "precision":1.0,
   "operationModes":[
      "cool",
      "heat",
      "dry"
   ],
   "fanModes":[
      "low",
      "mid",
      "high",
      "auto"
   ],
   "commands":{
      "off":"JgBwABJwEQ8SDxIOEg8RDxIPEQ8SDxIOEg8SDhIPEQ8SDxEPEg8SDhIPEg4SDxEPEg8RDxIQEg4SDxEPEg8RDxIPES8SDxIPEQ8SDxEPEg8RDxIPETARDxIPEg4SLxIvEQ8SLxESEg4SDxEPEi4ScBIADQUAAAAAAAAAAA==",
      "cool":{
         "low":{
            "17":"JgBwABJ2ExASEBIQEhASEBMQEjISMhMQEhASEBIQEhESEBIQEhESEBIQEhASEBMQEhASEBISEhASEBIQEhESEBIQEhASMxIQEhATEBIQEhASEBMyEhESEBIQEjITDxMQEhASMhITEhASMhMPEzETdhIADQUAAAAAAAAAAA==",
            "18":"JgBwABFwEg8SDhMOEg4TDhIOEy4RMBEPEw4SDhMNEw4TDRMOEw4SDhMOEg4TDhIOEw0TDhMPEg4UDRIOEw0TDhQMEw4TLhEPEw4TDRMOEw0TDhMtEhASDhMOEi4SDxMNEw4SLhIyEQ8TLhEPEw0TbhIADQUAAAAAAAAAAA==",
            "19":"JgBwABNvEg4REBAQERAQEBEQEDATLhMOEg4REBAQERAQEBEQEBATDhIOERAQEBMOEBATDhARERAQEBEQEBARDxEQEQ8TLxIOERASDhEQEQ8REBAwERAREBAQETASDhEQES8TDhESEg8SDhEvEy4SbxMADQUAAAAAAAAAAA==",
            "20":"JgB0AAQACPYScBEPERARDxMOEQ8TDhEvEi8SDxIOEw4SDhEQEQ8REBEPEw4RDxMOEg4TDhIOEg8SDxIPEBAREBAQEw4SDhIvEBERDxIPEQ8TDhIOEw4SLhIPERASDhEwEw4SDhIvEBARMxEPEQ8RDxEwEXASAA0FAAAAAA==",
            "21":"JgBwABJwEg4REBIOERAQEBEQEDASLxIPEg4TDhAQERASDhEQEBASDxAQERAQEBMOEg4TDhIPERAQEBEQEBAREBAQETAQERAQERAQEBEQEBAREBIuEg8REBEPETARDxMOETAQMBETEBARDxEPERAQcRIADQUAAAAAAAAAAA==",
            "22":"JgBwABFwEg8RDxMOEQ8TDhEPEi8RMBEPEg8SDhIPEQ8TDhEPEg8RDxIPEQ8SDxEPEg8RDxMPEQ8SDxEPEw4RDxMNEy4REBEQEQ8TDhEPEg8RDxMuERARDxIPES8SDxMNEi8RMBEyEi8RLxEwES8SbxIADQUAAAAAAAAAAA==",
            "23":"JgBwABNvEg8RDxIPEg4SDxEPETARLxIPEg4SDxIOEg8RDxMOEBESDhEPEg8RDxIPEQ8SDxEQEw4SDhEQEg4SDxEPEi8REBIOEg8TDRMOEQ8TDhEvEhARDxIPES8SDxEvERARDxMRES8RMBEvEg4ScBEADQUAAAAAAAAAAA==",
            "24":"JgBwABJvEg8SDhMOEg4TDhIOEy4RMBEPEw4SDhMOEg4TDhIOFA0SDhMOEg4UDRIOEg8SDhMPEg4TDhIOEw4SDhMNFC0TDhMOEg4TDhIOEw0TDhMuEg8SDhMOEy0TDhMtEw4TDRMxES8SLxEPEy4RcBEADQUAAAAAAAAAAA==",
            "25":"JgBwABNvEQ8TDhIOERAQEBEQES8RMBEQEBAREBAQERAQEBEPERAREBEPERAQEBMOEBARDxERERAQEBMOEg4RDxEQETAREBEPERAQEBEQEBATDREwERASDxAQETARDxEwEQ8RMBESETARMBIOEBARcBIADQUAAAAAAAAAAA==",
            "26":"JgBwABJwEQ8TDhAQEw4QEBIPEDATLhMOEg4TDhEPEQ8TDhIOEw4REBIOEw0TDhMNEw4SDhMPEw0TDhIOEw4SDhMOEDATDxIOEw0TDhIOEw4SDhMuERATDhIOEy4RDxMuEQ8ULREyEy4RDxMuEi4ScBEADQUAAAAAAAAAAA==",
            "27":"JgBwABJwEg4REBAQEw4QEBEQEi4TLhEPEw4RDxMOEQ8REBAQERARDxEQEQ8TDhAQERAQEBIQEQ8REBAQERARDxEQEDASEBAQEw0REBAQEw4RDxExEBATDhIOEy4SDhEwEDATDhESEy4RDxEwEg4SbxIADQUAAAAAAAAAAA==",
            "28":"JgBwABJwERARDxEPEg8QEBIPEDERLxIPEQ8SDxEPEg8TDRIPEQ8SDxEPERARDxEQEQ8SDxEQEg8RDxIPEQ8SDxEPEi8REBEPEg8RDxIPEQ8SDxEvEg8REBIOEi8REBEvEi8RDxIyES8SDxEPES8ScBEADQUAAAAAAAAAAA==",
            "29":"JgBwABN2EhASEBIREhASEBIQEzISMhIQEhASEREREhASEBMQEhARERMQEhASEBIQEhESEBIREhATEBIQEhARERIREjISERIQEhASEBMQEhASEBIyExASERIQEjITDxIyEzETMhITETMSEBIQERESdhMADQUAAAAAAAAAAA==",
            "30":"JgBwABFxEQ8SDxEPEQ8REBEPEi8SLxAQEg8RDxIPEBASDxEPEg8RDxIPEBASDxEPEg8RDxIQEBASDxAQERARDxIPES8SMBEPEQ8SDxEPERARDxEwERAREBAQETAQEBIvETARLxIyEBARLxIvEQ8SbxMADQUAAAAAAAAAAA=="
         },
         "mid":{
            "17":"JgBwABFwEg8RDxIPEQ8SDxEPETARMBEPEg8RDxIPEQ8REBEPERARDxIPEQ8REBEPERARDxEREQ8REBEPEQ8SDxEPEg8RMBEQEQ8RDxIPEQ8SDxEPEjARDxIPEQ8SLxEPEg8RLxISEQ8RLxIvES8SbxIADQUAAAAAAAAAAA==",
            "18":"JgBwABFxEQ8RDxEQEQ8SDxIOEi8RMBEPEg8RDxIPEQ8REBEPEg8RDxIPEQ8SDxAQEg8RDxIQEQ8SDxEPEg8RDxIPEQ8SLxIPEQ8SDxEPEg8RDxIPETARDxIPEQ8RMBEQEQ8RMBEyEg4SLxEwEQ8RcBEADQUAAAAAAAAAAA==",
            "19":"JgBwABFxEQ8SDxEPEg8RDxEQES8SLxIPEQ8RDxIPEQ8SDxEPEg8SDxEPEBASDxEPEg8RDxIQEg4SDxEPEg8RDxIPEQ8SLxIPEQ8SDxEPEg8RDxIPETAREBEPERARLxIPES8SDxESEQ8SLxEPEi8RcBEADQUAAAAAAAAAAA==",
            "20":"JgBwABJwEQ8UDRMNFA0TDRQMFC0TLhQMFA0UDBQNFAwUDRMNFA0UDBMOEw0TDhQMEw4UDBQOFAwUDRQMFA0UDBQNFCwUDRMOFAwUDRMNFA0TDRQNEy4SDxMNFAwTLhMOEy0SDxMwEw0UDRMtEy4RcBMADQUAAAAAAAAAAA==",
            "21":"JgBwABFxEQ8SDxEPEg8RDxEQEDASLxIPEQ8REBEPEQ8SDxEPERAREBEPERARDxEQEQ8QEBIQERARDxEQEQ8RDxEQETAREBEPERARDxEQEQ8SDhIPEi8SDxAQEg8RLxIPES8SLxESEg8RDxEwEQ8RcBEADQUAAAAAAAAAAA==",
            "22":"JgBwABFxEQ8SDxAQERARDxEQES8SLxEQEQ8RDxIPEQ8SDxEPEg8SDxEPERARDxEPEg8RDxIQERARDxEPEg8RDxIPETAREBEPERARDxIOEg8RDxIPETASDxEPEg8RLxIPES8SLxEzEQ8RDxIPES8RcBIADQUAAAAAAAAAAA==",
            "23":"JgBwABFwEg8REBEPEBASDxEPEi8RMBEPEg8RDxIPEQ8SDxEPERARDxIPEQ8SDxAQEg8RDxEREQ8SDxEPEg8RDxIPES8SDxIPEQ8SDxEPERARDxIPETAREBEPEQ8SLxEwEQ8SDxESEQ8SDxAQEQ8RcBIADQUAAAAAAAAAAA==",
            "24":"JgBwABFxEQ8SDxEPEg8RDxIPES8SLxIPEQ8REBEPEg4SDxEPEg8SDxEPERAQEBEPEg8RDxIQEg8RDxEPEg8QEBIPES8SEBEPEQ8SDxIOEg8RDxIPETASDxEPEg8RLxIvEQ8SDxEyEi8RLxIvES8ScBEADQUAAAAAAAAAAA==",
            "25":"JgBwABJ3EhASEBMPEhESEBIQEjITMhIQEhATDxMQEhASEBMPExASEBIQExASEBIQEhATEBIREhATEBIQEhASEBMQEjISEBMQEhATDxIQExASEBMPEzITDxMQERERMxIyEw8TMhITEjISMhIyEhASdBUADQUAAAAAAAAAAA==",
            "26":"JgBwABFwERARDxIPEQ8SDxEPEy4RMBEPEw4RDxIOEg8RDxIPERARDxIPEQ8SDhIPEg4SDxEREQ8SDhMOEQ8SDxIOEi8REBIOEg8SDhEQEg4SDxIOEjARDxIPEQ8SLxEvEg8RLxMxES8SLxEPEi8SbxEADQUAAAAAAAAAAA==",
            "27":"JgBwABFwEw4SDhMOEQ8SDxEPEi8RMBEPEg8RDxIPEQ8TDhEPEg8RDxMOEQ8SDxEPEg8RDxIQEg4SDxEPEw4SDxIOEi8REBEPEg8RDxIPEQ8SDxEPEi8SDxMNEg8TLhEvEi8RDxISES8SLxEPEg4ScBEADQUAAAAAAAAAAA==",
            "28":"JgBwABJwEQ8REBIOEQ8REBEPETASLxMNERAQEBEQEBAREBAQERARDxEQEBAREBIOERASDhEREg4TDhAQERASDhEQEDAREBEQEg4REBIOERAQEBEQEi8RDxEQEg4TLhIvEi4TDhAzEy4SDhEvEy4RcBMADQUAAAAAAAAAAA==",
            "29":"JgBwABFwEg8RDxIPEQ8SDxEPEi8QMREPEg8RDxIPEQ8SDxEPEg8RDxIPEQ8SDxEPEg8RDxEREQ8SDxEPEg8RDxIPES8SDxIPEQ8SDxEPEg8RDxIPETARDxIPEQ8SLxEwES8SLxESEi8RDxEwEQ8RcBIADQUAAAAAAAAAAA==",
            "30":"JgBwABN2EhATEBEREhASEBIREjISMhMPExASEBMQEhASEBIQEhESEBIQExARERIQERETEBESEhASEBMQEhASEBIQEzISMhMQERERERIQExASEBIQEjMSEBMPExASMhIyEjISMhM0EzISEBIQEhASdhMADQUAAAAAAAAAAA=="
         },
         "high":{
            "17":"JgBwABNvEQ8SDxEPEg8RDxIPES8SLxIPEQ8REBEPERARDxIPEQ8SDxEPERAQEBIPEBASDxEQEg8RDxIPEQ8SDxAQERARMBEPEg8RDxEQEBARDxIPEBESLxEPERARDxIPEQ8SLxESEg8RDxEPES8ScBIADQUAAAAAAAAAAA==",
            "18":"JgBwABFwEg8RDxIPEBASDxEPETARMBEPEg8RDxIOERARDxIPERARDxIPEQ8RDxIPEg8QEBEREQ8RDxIPEBASDxEPEg8QMREPERARDxEQEBASDxEPEhARLxIPEBAREBAQERARLxIyEQ8RDxIOEg8RcBEADQUAAAAAAAAAAA==",
            "19":"JgBwABBxERARDxIPEQ8SDxEPEi8RMBAQERARDxMOEQ8SDxEPEg8RDxEQEQ8SDxAQERAQEBEREQ8SDxEPEg8RDxIPEQ8RMBIPEQ8SDxEPEg4SDxEPERERLxIPEQ8SDxEPEi8QEBISES8SLxEvEi8QcREADQUAAAAAAAAAAA==",
            "20":"JgBwABJ2ExASEBIQEhATEBIQEjITMRMQEhASEBMPExASEBIQEhESEBIQEw8TDxMQEhASEBMREhASEBMPExASEBIQEjITEBIQExASEBIQEhASEBMQEhESMhIQEw8TEBIQEjITDxM0EzETMRMPEzETdhMADQUAAAAAAAAAAA==",
            "21":"JgBwABJ2ExASEBIQEhATEBIQEjISMxIQEhASEBMQEhASEBIQExASEBIQExASEBMQEhASEBIRExASEBIQEw8TEBIQEjISERIQEhATDxMQEhASEBMPExESMhIQEhATDxMQEjISMhITEzESMhMPEw8TdhIADQUAAAAAAAAAAA==",
            "22":"JgBwABFxEQ8REBEPEQ8SDxEPEi8SLxEPEg8RDxIPEQ8REBEPEg8RDxIPEQ8SDxEPEg8RDxIQEQ8SDxEPEg8RDxIPEDASDxIPEQ8SDxEPEg8RDxIPERARMBEPERARDxEPEi8RMBEyEi8RDxEvEi8RcBIADQUAAAAAAAAAAA==",
            "23":"JgBwABFwEg8RDxIPEg4SDxEPEi8RMBEPEg8RDxIPEQ8SDxEPEg8RDxIPEQ8SDxEPEg4SDxIQEQ8SDxEPEg8RDxIOEi8SDxIPEQ8SDhIPEg4SDxIOEhARLxIPEQ8SDxEvEg8RDxISES8SDhIvEQ8SbxIADQUAAAAAAAAAAA==",
            "24":"JgBwABFwEg8RDxEQEQ8SDxEPETARMBEPERARDxEPEg8RDxIPERARDxEQEQ8RDxIPEQ8REBASEQ8RDxIPEQ8SDxEPEi8REBAQERARDxIPEQ8SDxEPEhARLxIPEQ8SDxEvEg8RDxIyES8SDxEPEDAScBEADQUAAAAAAAAAAA==",
            "25":"JgBwABFxEQ8SDxEPEQ8SDxIOEi8SLxEPEg8RDxIPEQ8SDxEPEg8RDxIPEQ8SDxEPEg8RDxIQEQ8SDxEPEg8RDxEQES8SDxIPEQ8SDxEPEg8RDxIPERARMBEPEg4SDxEwEQ8SLxESEi8RDxEPEg4ScBEADQUAAAAAAAAAAA==",
            "26":"JgBwABFxEQ8REBEPEQ8SDxEPEi8RMBEPEg8RDxIPEQ8SDxEPERARDxIPEBASDxEPEg8RDxIQEQ8SDxEPEg8RDxIPES8SDxIPEQ8SDxEPEg8RDxIPERARMBEPEQ8SDxEwEQ8RMBEyEg4SLxEvEi8RcBIADQUAAAAAAAAAAA==",
            "27":"JgBwABJwEg8RDxIPEQ8REBEPETARMBEPEg8RDxEPEg8RDxIPERARDxEQEQ8RDxIPEQ8SDxEREQ8RDxIPEQ8SDxEPEi8REBEPEg8RDxEQEQ8SDxEPEhARLxIPEQ8REBEvEi8RDxISEQ8RLxIvEQ8RcREADQUAAAAAAAAAAA==",
            "28":"JgBwABJwEg8RDxIPEQ8SDhIPETARLxIPEQ8SDxEPEg8RDxIPERARDxEPEg8RDxIPEQ8SDxEQEg8RDxIPEQ8REBEPEi8REBEPEg8RDxIPEQ8TDhIPERASLxEPERARDxEwES8SDxEyEg8RLxEPEi8RcBEADQUAAAAAAAAAAA==",
            "29":"JgBwABN2Ew8TEBIQEhATDxMQEjISMhMPExASEBIQEw8TEBIQEhATEBIQEhASEBMQEhASEBMREhASEBIQEw8TEBIQEjITEBIQEw8TEBIQEhASEBMQEhESMhIQEw8TDxMyEjISMhMSEw8TMRMPEw8TdhIADQUAAAAAAAAAAA==",
            "30":"JgBwABJ3EhASEBMPExATDxIQEzETMhIQEhATDxMQEhASEBIQExASEBIQExASEBIQEhATEBIREhATDxMQEhASEBIQEzISMhMPExASEBIQEw8TEBIQEhESMhMPExASEBIyEjITMRM0Ew8TDxMyEg8TdhIADQUAAAAAAAAAAA=="
         },
         "auto":{
            "17":"JgBwABFxEQ8SDxAQEg4SDxIOEi8RMBEPEg8RDxEQEQ8SDxEPEg8SDhIPEQ8SDxEPEg8QEBIQEQ8SDxEPERARDxIPEQ8SLxIPEQ8SDxEPEg8RDxIPERARDxEQEQ8SDxEPERARLxISES8SDhIPES8RcBIADQUAAAAAAAAAAA==",
            "18":"JgBwABJwEQ8SDxEPEg8RDxIPES8SLxIPEQ8SDxEPEg4SDxIOEg8SDxEPEg8RDxIOEg8SDhIQEg4SDxIOEg8SDhIPEQ8SLxIPEg4SDxIOEg8RDxIPERASDhIPEg4SDxIOEg8RLxIyEi4SDxEPEg4ScBEADQUAAAAAAAAAAA==",
            "19":"JgBwABFwEg8QEBEQEBASDxEPETARMBEPEg8QEBAQEg8RDxIPERARDxEQEBAQEBIPEQ8SDxEREQ8RDxIPEBASDxEPEg8RMREPERAQEBEPEg8RDxIPERASDxEPEQ8SDxEPEi8REBATEQ8RMBEvETARcBEADQUAAAAAAAAAAA==",
            "20":"JgBwABFxEQ8RDxIPEQ8SDxEPEi8RMBEPEg8RDxIPEQ8SDxEPEg8RDxIPEQ8SDxEPEg8RDxIQEQ8SDxEPERARDxEQETAREBEPEg8RDxIPEQ8SDxEPEhARDxAQEg8RDxIPES8SDxIyEQ8RLxIPES8RcBIADQUAAAAAAAAAAA==",
            "21":"JgBwABFwEg8RDxIPEQ8SDxEPEi8RMBEPEg8RDxIPEQ8SDhIPERARDxIPEQ8SDxEPERARDxEREQ8SDxEPEg8RDxIOEi8SDxIPEQ8SDxEPEg4SDxEPEhARDxIPEQ8REBEPEi8RLxISEQ8RLxIPEQ8RcBIADQUAAAAAAAAAAA==",
            "22":"JgBwABJwEg8RDxIOEg8SDhIPEi8RLxIPEg4SDxEPEg8RDxIPEQ8SDxEPEg8RDxIPEQ8SDxEQEg8RDxIPEQ8SDxEPEi8REBIOEg8RDxIPEQ8SDxEPEg8SDxEPEg8RDxIPES8SLxEzEQ8RDxIvES8SbxIADQUAAAAAAAAAAA==",
            "23":"JgBwABFxEQ8SDxAQEg8QEBIPES8SLxEQEBASDxEPEQ8REBEPERAREBEPEg4REBEPERARDxERERARDxEPERAQEBEQEDAREBEQEQ8REBEPEg8RDxEQEBESDxEPEBAREBAwEg8QEBISEQ8SDhIvEQ8RcBIADQUAAAAAAAAAAA==",
            "24":"JgBwABN2EhATDxMQEhASEBMPEzETMhIQEw8TEBIQEhATDxMQEhATDxMQEhASEBMPExASEBIRExATDxIQEhATDxMQEjISERIQEhATDxMQEhASEBMPExATEBIQEhATDxMyEhASEBI1Ew8TDxMPEzETdhIADQUAAAAAAAAAAA==",
            "25":"JgBwABJ0FRASEBIQEw8TEBIQEjITMhIQEhATDxMPExASEBIQExASEBIQEw8TEBIQEhATDxMREhATDxMQEhASEBIQEzETEBMPFA8SEBIQEw8TEBIQEhESEBMPExASEBIyEhATMRMTEhASEBIQEhASdhMADQUAAAAAAAAAAA==",
            "26":"JgBwABJwERARDxEQEQ8SDhEQETARMBIOEQ8SDxEPEg8RDxIPERARDxEQEBAQEBIPERARDxEREQ8REBEPEBASDxEPEi8QEREPEg8RDxIPEQ8SDxEPEhARDxEPEg8RDxIvERARLxEzEDASLxEvEi8QcREADQUAAAAAAAAAAA==",
            "27":"JgBwABJwEQ8SDxEPEg8QEBIPES8SLxIPEQ8SDxEPEg8RDxEQEQ8SDxEPEg8RDxEQEBASDxEQEg8QEBIPEQ8SDxEPETAREBEPEg8RDxIPEQ8SDxEPERASDxEPERARDxIvES8SDxESEi8RLxIvEQ8RcBIADQUAAAAAAAAAAA==",
            "28":"JgBwABJwEg8RDxIPEQ8REBEPETARMBEPERARDxEPEg8RDxIPERARDxEQEBARDxIPEQ8SDxEREQ8REBEPERAQEBEPEi8REBIOEg8RDxIPEQ8SDxEPEhARDxEQEBARDxIvEi8RDxIyES8RMBEPEDARcREADQUAAAAAAAAAAA==",
            "29":"JgBwABJ2EhERERIQEhATEBIQETMRNBIQEhASEBIQEhESEBIQExASEBIQEhASERIQEhARERMREhASEBMQEhASEBEREzETEBIQEhESEBIQEhASERIQEhESEBMPExASEBEzETMSMhMTEjISMhIQEhARdxMADQUAAAAAAAAAAA==",
            "30":"JgBwABJ3ERESEBMQERESEBEREzETMhEREhATEBERERERERMQERESEBIREhARERIQEw8TEBIREhASEREREhARERIREjISMhMQERERERIQExASEBIQEhESEBIREhASEBIyEzESMxI1EjISEBEzEhARdxMADQUAAAAAAAAAAA=="
         }
      },
      "heat":{
         "low":{
            "17":"JgBwABFwEg8SDhIPEQ8SDxEPEi8RMBEPEg8RDxIPEQ8SDxEPEg8RDxIPEQ8SDxEPEg8TDRIQEg4UDREPEg8TDRQNEQ8SLxIPEw0SDxEPEg8RDxIPERASDhIPEg4SLxIOEg8SLxESEi8RDxEPEg4ScBEADQUAAAAAAAAAAA==",
            "18":"JgBwABFwEg8RDxIPEQ8SDxIOEy4RMBEPEg8RDxIPEQ8SDxEPEg8RDxIPEQ8SDxEPEg8RDxIQEQ8SDxIOEw4RDxIPEQ8SLxIPEQ8SDxEPEg8RDxIPERARDxIPEQ8SLxIOEg8RLxIyEQ8SLxEvEi8RcBIADQUAAAAAAAAAAA==",
            "19":"JgBwABJ3EhASEBIREhASEBIQEjITMhIQEhATEBIQEhASEBMQEhASEBMQEhASEBIQEhESEBIREhESEBIQEhASEBMQEhASMxIQEhASEBMQEhASEBIQExATEBIQEhASMhMQEjISEBITEhASMhMxEw8SdxIADQUAAAAAAAAAAA==",
            "20":"JgBwABN1FA8SEBMPEhATEBIQETMUMRIQEhASEBIREhASEBIQEhERERIQEhATEBIQEhARERMREhASEBMQEhASEBIQEzITDxMQEhASEBIQEhESEBIQEhESEBMQEhASMhIQEjITEBI1FA4SMhIQEhASdhMADQUAAAAAAAAAAA==",
            "21":"JgBwABFwEg8SDhIPEQ8SDxEPEi8RMBEPEg8RDxIPEQ8SDxEPEg8SDhIPEQ8SDxEPEg8RDxIQEg4SDxIOEg8RDxIPES8SDxIPEg4SDxEPEg8RDxIPERASDhIPEg4SLxIPES8RMBESEg4SDxEvEi8RcBIADQUAAAAAAAAAAA==",
            "22":"JgBwABFwEg8RDxIPEQ8SDxEPEi8RMBEPEg8RDxIOEg8SDhIPEg8RDxIPEQ8SDxEPEg8RDxIQEQ8SDxEPEg8RDxIPES8SDxIPEQ8SDxEPEg8RDxIOEhARDxIPEQ8SLxIOEi8RMBEyEg4SDxEvEg4ScBEADQUAAAAAAAAAAA==",
            "23":"JgBwABJwEQ8SDxEPEg8RDxIPES8SLxIPEQ8SDxEPEg8RDxIPEQ8SDxEPEg8RDxIPEQ8SDxEQEg8RDxIPEQ8SDxEPEi8SDxIPEQ8SDxEPEg8RDxIPERASDhIPEg4SLxEwEQ8SDxESEg4SDxEPES8ScBEADQUAAAAAAAAAAA==",
            "24":"JgBwABJwERARDxIPEQ8RDxIPEi8RMBEPEg4SDxEPEg8SDhIPERARDxIPEQ8SDhIPEg4SDxEREQ8SDxEPEg8RDxIOEi8SDxIPEQ8SDxEPEg4SDxEPEhARDxIPEQ8SLxEvEg8SDhIyEQ8SDxEPEQ8SbxIADQUAAAAAAAAAAA==",
            "25":"JgBwABFwEg8RDxIPEQ8SDxEPEi8RMBEPEg8RDxIPEQ8SDxEPEg8RDxIPEQ8SDxEPEg8RDxIQEQ8SDxEPEg8RDxIPES8SDxIPEQ8SDxEPEg8RDxIOEhARDxIPEQ8SLxEvEg8SLxESEi4SLxEvEi8RcBIADQUAAAAAAAAAAA==",
            "26":"JgBwABFwEg8RDxIPEQ8SDxEPEi8RMBEPEg8RDxIPEQ8SDxEPEg8RDxIPEQ8SDxEPEg8RDxIQEQ8SDxEPEg8RDxIPES8SDxIPEQ8SDxEPEg8RDxIOEhARDxIPEQ8SLxEvEg8SLxESEi4SLxEvEi8RcBIADQUAAAAAAAAAAA==",
            "27":"JgBwABFwEg8RDxIPEQ8SDxEPEi8RMBEPEg8RDxIPEQ8SDxEPEg8RDxIPEQ8SDxEPEg8RDxIQEQ8SDxEPEg8RDxIPES8SDxIPEQ8SDxEPEg8RDxIOEhARDxIPEQ8SLxEvEg8SLxESEi4SLxEvEi8RcBIADQUAAAAAAAAAAA==",
            "28":"JgBwABFwEg8RDxIPEQ8SDxEPEi8RMBEPEg8RDxIPEQ8SDxEPEg8RDxIPEQ8SDxEPEg8RDxIQEQ8SDxEPEg8RDxIPES8SDxIPEQ8SDxEPEg8RDxIOEhARDxIPEQ8SLxEvEg8SLxESEi4SLxEvEi8RcBIADQUAAAAAAAAAAA==",
            "29":"JgBwABFwEg8RDxIPEQ8SDxEPEi8RMBEPEg8RDxIPEQ8SDxEPEg8RDxIPEQ8SDxEPEg8RDxIQEQ8SDxEPEg8RDxIPES8SDxIPEQ8SDxEPEg8RDxIOEhARDxIPEQ8SLxEvEg8SLxESEi4SLxEvEi8RcBIADQUAAAAAAAAAAA==",
            "30":"JgBwABFwEg8RDxIPEQ8SDxEPEi8RMBEPEg8RDxIPEQ8SDxEPEg8RDxIPEQ8SDxEPEg8RDxIQEQ8SDxEPEg8RDxIPES8SDxIPEQ8SDxEPEg8RDxIOEhARDxIPEQ8SLxEvEg8SLxESEi4SLxEvEi8RcBIADQUAAAAAAAAAAA=="
         },
         "mid":{
            "17":"JgBwABRuFA0TDRIPEQ8SDxEPEi8RMBEPEg8RDxIOEg8TDRIPEg8RDxIPEQ8SDhIPEg4SDxIQEQ8SDxEPEg4TDhIOEg8SLxMOEQ8SDhIPEg4SDxIOEhARDxIPES8SDxEPEg8RLxISEQ8SLhIvEi4ScBEADQUAAAAAAAAAAA==",
            "18":"JgBwABJwEQ8SDxEPEg8RDxIPES8SLxIPEQ8SDhIPEg4SDxIOEg8SDxEPEg8RDxIOEg8SDhIQEg8RDxIPEQ8SDhIPEg4SMBEPEg8RDxIOEg8SDhIPEg8SDxEPEi8RDxIPEQ8SLxEyEg8RLxEwEQ8SbxIADQUAAAAAAAAAAA==",
            "19":"JgBwABN1ExASEBIQERETEBIQETMSMhMQEhASEBIQExASEBIQERISEBIQEhATEBEREhASEBMREhARERMQEhASEBIQEhESMhQPEhASEBIQEhESEBIQERISEBIREjISEBIQEjIUDxITEhASMhQOEjISdhMADQUAAAAAAAAAAA==",
            "20":"JgBwABJwEQ8SDxEPEg8RDxIPES8SLxIPEQ8SDxEPEg8RDxIPEQ8SDxIOEg8RDxIPEQ8SDxEQEg8SDhIPEQ8SDxEPEi8REBIOEg8RDxIPEQ8SDxEPEg8SDxIOEi8SDxEPEi8RDxIyEQ8SDhIvES8ScBEADQUAAAAAAAAAAA==",
            "21":"JgBwABJwEQ8TDhIOEg8RDxMOEi4SLxIPEQ8SDxEPEg8RDxIOEg8SDxEPEg8RDxIPEQ8SDhIQEg8RDxIPEQ8SDxEPEi8REBEPEg8RDxIPEQ8SDxEPEg8SDxIOEi8SDxEPEi8RLxISEQ8SDhIvEQ8RcBIADQUAAAAAAAAAAA==",
            "22":"JgBwABNvEg4TDhEPEw4SDhEQES8RMBIPEBATDhAQEw4SDhIPEBATDhAQERAQEBIPEQ8TDhIPERARDxEQEBAREBAQEy4REBIOEw4SDhMOEBASDxEPEw4SDxEQEi4REBEPETARLxIyEQ8RDxIPEDERcBEADQUAAAAAAAAAAA==",
            "23":"JgBwABFwEg8RDxIPEw0TDhEPEy4RMBEPEw4SDhMOEg4TDhIOEw4TDRIPEg4TDhIOEw4SDhMPEw0TDhMNEw4SDhMOEi4SDxMOEw0TDhMNEw4SDhMOEg8SDhIPEy4RDxMuEQ8SDxESEg4SDxIOEw0TbhIADQUAAAAAAAAAAA==",
            "24":"JgBwABRuFAwUDRQMFA0UDBQNEy0ULRMOFAwUDRMNFA0TDRQNEw0UDRQMFA0TDRQNEw0UDRMOFA0UDBQNEw0UDRMNFC0TDhMNFA0TDRQNEw0UDRMNFA0UDRMNFA0TLRQtFAwUDRQwEw0TDRQMFAwUbhMADQUAAAAAAAAAAA==",
            "25":"JgBwABN2Ew8TEBIQEhASEBMQEjISMhMQEhASEBIQEhATEBIQEhESEBIQEhASEBMQEhASEBISEhASEBIQExASEBIQEjITEBIQExASEBIQEhATEBIQEhESEBIQEzISEBIyEhATMRMTEjISMhIyEhASdhMADQUAAAAAAAAAAA==",
            "26":"JgBwABN2Ew8TEBIQEhASEBMQEjISMhMQEhASEBIQEhATEBIQEhESEBIQEhASEBMQEhASEBISEhASEBIQExASEBIQEjITEBIQExASEBIQEhATEBIQEhESEBIQEzISEBIyEhATMRMTEjISMhIyEhASdhMADQUAAAAAAAAAAA==",
            "27":"JgBwABN2Ew8TEBIQEhASEBMQEjISMhMQEhASEBIQEhATEBIQEhESEBIQEhASEBMQEhASEBISEhASEBIQExASEBIQEjITEBIQExASEBIQEhATEBIQEhESEBIQEzISEBIyEhATMRMTEjISMhIyEhASdhMADQUAAAAAAAAAAA==",
            "28":"JgBwABN2Ew8TEBIQEhASEBMQEjISMhMQEhASEBIQEhATEBIQEhESEBIQEhASEBMQEhASEBISEhASEBIQExASEBIQEjITEBIQExASEBIQEhATEBIQEhESEBIQEzISEBIyEhATMRMTEjISMhIyEhASdhMADQUAAAAAAAAAAA==",
            "29":"JgBwABN2Ew8TEBIQEhASEBMQEjISMhMQEhASEBIQEhATEBIQEhESEBIQEhASEBMQEhASEBISEhASEBIQExASEBIQEjITEBIQExASEBIQEhATEBIQEhESEBIQEzISEBIyEhATMRMTEjISMhIyEhASdhMADQUAAAAAAAAAAA==",
            "30":"JgBwABN2Ew8TEBIQEhASEBMQEjISMhMQEhASEBIQEhATEBIQEhESEBIQEhASEBMQEhASEBISEhASEBIQExASEBIQEjITEBIQExASEBIQEhATEBIQEhESEBIQEzISEBIyEhATMRMTEjISMhIyEhASdhMADQUAAAAAAAAAAA=="
         },
         "high":{
            "17":"JgBwABFxEQ8SDxEPEg4SDxEPETARMBEPEw4TDRMOEg4TDhEPERAREBIOEg4TDhEPEg8RDxEREw4QEBEPERASDhMOEQ8RMBIPEg4SDxEPERASDhEQERASDxIOEy4RLxEQEBASLxESERAQMBMuEQ8SbxIADQUAAAAAAAAAAA==",
            "18":"JgBwABNvEw4SDhMNEw4TDRMOEy4SLhMOEg4TDhMNEg8SDhMOEg8SDhMNEw4RDxMOEg4SDxIQEBATDhIOEg4TDhIOEw4RMBMOEg4RDxIPEQ8TDhEPERERDxEQEi4TLhAQERASLhIyEQ8SLxEPES8TbxIADQUAAAAAAAAAAA==",
            "19":"JgBwABN2EhASERIQEhASEBMQETMSMhIREhASEBIQEhESEBIQERIRERIQEhASERIQEhARERISEhASEBIQExASEBIQERETMhMPEhESEBIQEhATEBIQEhESEBIQEzIRMxIQEjISEBIUEhASMhIQEhASdhQADQUAAAAAAAAAAA==",
            "20":"JgBwABN2EhASEREREhASEBIREjISMhIREhARERIQEhATEBIQEhATEBIQEhASEBIREhASEBISEhASEBIQExARERIQEjITEBIQEhESEBIQEhASEBMQEhESEBIQEjITMhIQEjISEBM0ExASEBIyEhASdhIADQUAAAAAAAAAAA==",
            "21":"JgBwABJwEQ8REBEPEg8RDxIPEDASLxIPEBAREBEPEg8QEBIPEBASDxEPEg8QEBEQEQ8REBAREg8RDxIPEQ8REBEPEi8REBIOEg8RDxIPEBASDxEPERERDxEQES8SLxEPETARMBATEBAREBAQES8ScBEADQUAAAAAAAAAAA==",
            "22":"JgBwABJwEg8QEBEPEg8RDxIPETARMBEPEQ8SDxEPEg8QEBEQEQ8SDxEQEQ8QEBIPEQ8SDxASEQ8SDxAQERARDxEPETAREBEQEQ8REBEPEBASDxEPERERDxEQES8SLxEPETARMBEyEg8RDxEPEQ8ScBEADQUAAAAAAAAAAA==",
            "23":"JgBwABJwEg8RDxEQEQ8RDxIPEDERMBAQEQ8SDxEPERARDxIPEBERDxEQEBAQEBEQEBASDxEREQ8SDxAQERARDxEPETASDxEQEQ8REBEPEBEQEBEPEhAQEBIPEDASLxEwEQ8SDxATEDASLxEvEi8RcBIADQUAAAAAAAAAAA==",
            "24":"JgBwABN2Ew8TEBIQEhARERMQEjISMhMPExASEBIQEhATEBIQEhATEBIQEhARERIREhASEBISEhARERERExASEBIQEjITEBIQEhATEBIQEhASEBIREhESEBIQEzETMhEzEhASEBM0EzETMRMyEhARdxIADQUAAAAAAAAAAA==",
            "25":"JgByABNvEQ8TDhIOEw4SDhMOEi4TLhIPEg4TDhIOEw0TDhMOEg4TDhIOEw4SDhMOEg4TDhIPEw4SDhMOEg4TDhIOEy4REBIOEw4SDhMOEg4TDhIOEw4TDhMNEy4TLhEvEg8SLhISEi4SLxEPEy0TbxGmCQANBQAAAAAAAA==",
            "26":"JgByABNvEQ8TDhIOEw4SDhMOEi4TLhIPEg4TDhIOEw0TDhMOEg4TDhIOEw4SDhMOEg4TDhIPEw4SDhMOEg4TDhIOEy4REBIOEw4SDhMOEg4TDhIOEw4TDhMNEy4TLhEvEg8SLhISEi4SLxEPEy0TbxGmCQANBQAAAAAAAA==",
            "27":"JgByABNvEQ8TDhIOEw4SDhMOEi4TLhIPEg4TDhIOEw0TDhMOEg4TDhIOEw4SDhMOEg4TDhIPEw4SDhMOEg4TDhIOEy4REBIOEw4SDhMOEg4TDhIOEw4TDhMNEy4TLhEvEg8SLhISEi4SLxEPEy0TbxGmCQANBQAAAAAAAA==",
            "28":"JgByABNvEQ8TDhIOEw4SDhMOEi4TLhIPEg4TDhIOEw0TDhMOEg4TDhIOEw4SDhMOEg4TDhIPEw4SDhMOEg4TDhIOEy4REBIOEw4SDhMOEg4TDhIOEw4TDhMNEy4TLhEvEg8SLhISEi4SLxEPEy0TbxGmCQANBQAAAAAAAA==",
            "29":"JgByABNvEQ8TDhIOEw4SDhMOEi4TLhIPEg4TDhIOEw0TDhMOEg4TDhIOEw4SDhMOEg4TDhIPEw4SDhMOEg4TDhIOEy4REBIOEw4SDhMOEg4TDhIOEw4TDhMNEy4TLhEvEg8SLhISEi4SLxEPEy0TbxGmCQANBQAAAAAAAA==",
            "30":"JgByABNvEQ8TDhIOEw4SDhMOEi4TLhIPEg4TDhIOEw0TDhMOEg4TDhIOEw4SDhMOEg4TDhIPEw4SDhMOEg4TDhIOEy4REBIOEw4SDhMOEg4TDhIOEw4TDhMNEy4TLhEvEg8SLhISEi4SLxEPEy0TbxGmCQANBQAAAAAAAA=="
         },
         "auto":{
            "17":"JgBwABJwEQ8REBEPERARDxEQEDASLxIPEBAREBEPERAQEBEPEg8SDxEPERAQEBEPERARDxERERARDxIPEQ8REBAQERARMBEPERARDxEQEBARDxIPERASDxAwEg8RDxIPEQ8RMBESEg8RLxIOEi8RcBIADQUAAAAAAAAAAA==",
            "18":"JgBwABFwEg8RDxIPEQ8SDxEPEi8RMBEPEg8SDhIPEQ8SDxEPEg8RDxIPEg4SDxEPEg8RDxIQEg4SDxEPEg8RDxIPEQ8SLxIPEQ8SDxEPEg8RDxIPERASDxEvEg8RDxIPEQ8SLxEyEg4SLxIOEg4ScBEADQUAAAAAAAAAAA==",
            "19":"JgBwABN2Ew8TEBEREhASEBMQEjISMhMQEhASEBIQExASEBIQEhESEBMPERESERIQEhASEBMREhASEBMQEhASEBIQEw8TMhMPExASEBIQEw8SERIQEhESEBMxExASEBIQEzETEBITEhASEBIyEjITdhIADQUAAAAAAAAAAA==",
            "20":"JgBwABJ3EhASEBMQEhARERIQEzISMhIQExASEBIQEhATDxMQEhATDxMQEhASEBMPExASEBIRExASEBIQEhATEBIQETMSERIQEhATEBIQEhATDxMQEhESEBIyEhASERIQEjISEBM0EhATEBIQEjETdhIADQUAAAAAAAAAAA==",
            "21":"JgBwABFwEg8QEBIPEQ8SDxAQETARMBEPEg8RDxEQEQ8RDxIPERARDxIPEQ8SDxAQERAQEBEREBASDxAQEg8RDxIPES8SDxIPEQ8SDxAQEg8RDxEQERARDxEwEBAREBEPEi8RMBESEQ8SDxAQEQ8RcBIADQUAAAAAAAAAAA==",
            "22":"JgBwABJwEQ8REBEPERARDxIPEDASLxEQEQ8REBAQEg4REBAQEg8SDxEPERAQEBEQEQ8QEBIQERARDxIPEBASDxAQEi8QEREPERAQEBEQEQ8REBEPERAREBEvEg8RDxEQEDERLxIyES8SLxEvETARcBEADQUAAAAAAAAAAA==",
            "23":"JgBwABBxEg8RDxIPEQ8SDxAQETARMBEPEg8RDxIPEQ8REBAQEBEQEBIPEBAREBAQEg8RDxEREQ8SDxEPERARDxEQES8SDxEQEQ8SDxAQEg8RDxEQEBERDxIvEg8QEBEwEQ8SDxESES8SLxEvERARcBIADQUAAAAAAAAAAA==",
            "24":"JgBwABJwEQ8REBEPEg8QEBEQEDASLxEQEBASDxAQERARDxEQEQ8SDxEPEg8RDxIPEBASDxAREg8RDxIPEQ8REBAQETAREBEPEg8QEBIPEBAREBEPERERDxEwEQ8REBEvEg8RDxIyES8SLxEPES8RcREADQUAAAAAAAAAAA==",
            "25":"JgBwABJwEQ8REBEPERARDxEQES8SLxIPEBAREBEPERARDxEPERASDxEPEg8RDxEQEQ8RDxEREg8QEBIPEQ8REBAQEi8REBEPERAQEBEQEQ8REBEPERASDxEvEg8RDxIvERAQMBISEDARMBEPEQ8QcRIADQUAAAAAAAAAAA==",
            "26":"JgBwABJwEQ8REBEPERARDxEQES8SLxIPEBAREBEPERARDxEPERASDxEPEg8RDxEQEQ8RDxEREg8QEBIPEQ8REBAQEi8REBEPERAQEBEQEQ8REBEPERASDxEvEg8RDxIvERAQMBISEDARMBEPEQ8QcRIADQUAAAAAAAAAAA==",
            "27":"JgBwABJwEQ8REBEPERARDxEQES8SLxIPEBAREBEPERARDxEPERASDxEPEg8RDxEQEQ8RDxEREg8QEBIPEQ8REBAQEi8REBEPERAQEBEQEQ8REBEPERASDxEvEg8RDxIvERAQMBISEDARMBEPEQ8QcRIADQUAAAAAAAAAAA==",
            "28":"JgBwABJwEQ8REBEPERARDxEQES8SLxIPEBAREBEPERARDxEPERASDxEPEg8RDxEQEQ8RDxEREg8QEBIPEQ8REBAQEi8REBEPERAQEBEQEQ8REBEPERASDxEvEg8RDxIvERAQMBISEDARMBEPEQ8QcRIADQUAAAAAAAAAAA==",
            "29":"JgBwABJwEQ8REBEPERARDxEQES8SLxIPEBAREBEPERARDxEPERASDxEPEg8RDxEQEQ8RDxEREg8QEBIPEQ8REBAQEi8REBEPERAQEBEQEQ8REBEPERASDxEvEg8RDxIvERAQMBISEDARMBEPEQ8QcRIADQUAAAAAAAAAAA==",
            "30":"JgBwABJwEQ8REBEPERARDxEQES8SLxIPEBAREBEPERARDxEPERASDxEPEg8RDxEQEQ8RDxEREg8QEBIPEQ8REBAQEi8REBEPERAQEBEQEQ8REBEPERASDxEvEg8RDxIvERAQMBISEDARMBEPEQ8QcRIADQUAAAAAAAAAAA=="
         }
      },
      "dry":{
         "low":{
            "17":"JgBwABN2ExASEBIQEhATEBIQEjITMhIQEhASEBIREhASEBIQEhESEBIQExASEBIQEhASERIREhATEBIQEhASEBIREjISERIQEhASEBMQEhASEBIyExATEBIyEhASEBMxExASEBITEjISMhIQEhASdxIADQUAAAAAAAAAAA==",
            "18":"JgBwABN2ExASEBIQEhATEBIQEjITMhIQEhASEBIREhASEBIQEhESEBIQExASEBIQEhASERIREhATEBIQEhASEBIREjISERIQEhASEBMQEhASEBIyExATEBIyEhASEBMxExASEBITEjISMhIQEhASdxIADQUAAAAAAAAAAA==",
            "19":"JgBwABN2ExASEBIQEhATEBIQEjITMhIQEhASEBIREhASEBIQEhESEBIQExASEBIQEhASERIREhATEBIQEhASEBIREjISERIQEhASEBMQEhASEBIyExATEBIyEhASEBMxExASEBITEjISMhIQEhASdxIADQUAAAAAAAAAAA==",
            "20":"JgBwABN2ExASEBIQEhATEBIQEjITMhIQEhASEBIREhASEBIQEhESEBIQExASEBIQEhASERIREhATEBIQEhASEBIREjISERIQEhASEBMQEhASEBIyExATEBIyEhASEBMxExASEBITEjISMhIQEhASdxIADQUAAAAAAAAAAA==",
            "21":"JgBwABN2ExASEBIQEhATEBIQEjITMhIQEhASEBIREhASEBIQEhESEBIQExASEBIQEhASERIREhATEBIQEhASEBIREjISERIQEhASEBMQEhASEBIyExATEBIyEhASEBMxExASEBITEjISMhIQEhASdxIADQUAAAAAAAAAAA==",
            "22":"JgBwABN2ExASEBIQEhATEBIQEjITMhIQEhASEBIREhASEBIQEhESEBIQExASEBIQEhASERIREhATEBIQEhASEBIREjISERIQEhASEBMQEhASEBIyExATEBIyEhASEBMxExASEBITEjISMhIQEhASdxIADQUAAAAAAAAAAA==",
            "23":"JgBwABN2ExASEBIQEhATEBIQEjITMhIQEhASEBIREhASEBIQEhESEBIQExASEBIQEhASERIREhATEBIQEhASEBIREjISERIQEhASEBMQEhASEBIyExATEBIyEhASEBMxExASEBITEjISMhIQEhASdxIADQUAAAAAAAAAAA==",
            "24":"JgBwABN2ExASEBIQEhATEBIQEjITMhIQEhASEBIREhASEBIQEhESEBIQExASEBIQEhASERIREhATEBIQEhASEBIREjISERIQEhASEBMQEhASEBIyExATEBIyEhASEBMxExASEBITEjISMhIQEhASdxIADQUAAAAAAAAAAA==",
            "25":"JgBwABN2ExASEBIQEhATEBIQEjITMhIQEhASEBIREhASEBIQEhESEBIQExASEBIQEhASERIREhATEBIQEhASEBIREjISERIQEhASEBMQEhASEBIyExATEBIyEhASEBMxExASEBITEjISMhIQEhASdxIADQUAAAAAAAAAAA==",
            "26":"JgBwABN2ExASEBIQEhATEBIQEjITMhIQEhASEBIREhASEBIQEhESEBIQExASEBIQEhASERIREhATEBIQEhASEBIREjISERIQEhASEBMQEhASEBIyExATEBIyEhASEBMxExASEBITEjISMhIQEhASdxIADQUAAAAAAAAAAA==",
            "27":"JgBwABN2ExASEBIQEhATEBIQEjITMhIQEhASEBIREhASEBIQEhESEBIQExASEBIQEhASERIREhATEBIQEhASEBIREjISERIQEhASEBMQEhASEBIyExATEBIyEhASEBMxExASEBITEjISMhIQEhASdxIADQUAAAAAAAAAAA==",
            "28":"JgBwABN2ExASEBIQEhATEBIQEjITMhIQEhASEBIREhASEBIQEhESEBIQExASEBIQEhASERIREhATEBIQEhASEBIREjISERIQEhASEBMQEhASEBIyExATEBIyEhASEBMxExASEBITEjISMhIQEhASdxIADQUAAAAAAAAAAA==",
            "29":"JgBwABN2ExASEBIQEhATEBIQEjITMhIQEhASEBIREhASEBIQEhESEBIQExASEBIQEhASERIREhATEBIQEhASEBIREjISERIQEhASEBMQEhASEBIyExATEBIyEhASEBMxExASEBITEjISMhIQEhASdxIADQUAAAAAAAAAAA==",
            "30":"JgBwABN2ExASEBIQEhATEBIQEjITMhIQEhASEBIREhASEBIQEhESEBIQExASEBIQEhASERIREhATEBIQEhASEBIREjISERIQEhASEBMQEhASEBIyExATEBIyEhASEBMxExASEBITEjISMhIQEhASdxIADQUAAAAAAAAAAA=="
         },
         "mid":{
            "17":"JgBwABN2ExASEBIQEhATEBIQEjITMhIQEhASEBIREhASEBIQEhESEBIQExASEBIQEhASERIREhATEBIQEhASEBIREjISERIQEhASEBMQEhASEBIyExATEBIyEhASEBMxExASEBITEjISMhIQEhASdxIADQUAAAAAAAAAAA==",
            "18":"JgBwABN2ExASEBIQEhATEBIQEjITMhIQEhASEBIREhASEBIQEhESEBIQExASEBIQEhASERIREhATEBIQEhASEBIREjISERIQEhASEBMQEhASEBIyExATEBIyEhASEBMxExASEBITEjISMhIQEhASdxIADQUAAAAAAAAAAA==",
            "19":"JgBwABN2ExASEBIQEhATEBIQEjITMhIQEhASEBIREhASEBIQEhESEBIQExASEBIQEhASERIREhATEBIQEhASEBIREjISERIQEhASEBMQEhASEBIyExATEBIyEhASEBMxExASEBITEjISMhIQEhASdxIADQUAAAAAAAAAAA==",
            "20":"JgBwABN2ExASEBIQEhATEBIQEjITMhIQEhASEBIREhASEBIQEhESEBIQExASEBIQEhASERIREhATEBIQEhASEBIREjISERIQEhASEBMQEhASEBIyExATEBIyEhASEBMxExASEBITEjISMhIQEhASdxIADQUAAAAAAAAAAA==",
            "21":"JgBwABN2ExASEBIQEhATEBIQEjITMhIQEhASEBIREhASEBIQEhESEBIQExASEBIQEhASERIREhATEBIQEhASEBIREjISERIQEhASEBMQEhASEBIyExATEBIyEhASEBMxExASEBITEjISMhIQEhASdxIADQUAAAAAAAAAAA==",
            "22":"JgBwABN2ExASEBIQEhATEBIQEjITMhIQEhASEBIREhASEBIQEhESEBIQExASEBIQEhASERIREhATEBIQEhASEBIREjISERIQEhASEBMQEhASEBIyExATEBIyEhASEBMxExASEBITEjISMhIQEhASdxIADQUAAAAAAAAAAA==",
            "23":"JgBwABN2ExASEBIQEhATEBIQEjITMhIQEhASEBIREhASEBIQEhESEBIQExASEBIQEhASERIREhATEBIQEhASEBIREjISERIQEhASEBMQEhASEBIyExATEBIyEhASEBMxExASEBITEjISMhIQEhASdxIADQUAAAAAAAAAAA==",
            "24":"JgBwABN2ExASEBIQEhATEBIQEjITMhIQEhASEBIREhASEBIQEhESEBIQExASEBIQEhASERIREhATEBIQEhASEBIREjISERIQEhASEBMQEhASEBIyExATEBIyEhASEBMxExASEBITEjISMhIQEhASdxIADQUAAAAAAAAAAA==",
            "25":"JgBwABN2ExASEBIQEhATEBIQEjITMhIQEhASEBIREhASEBIQEhESEBIQExASEBIQEhASERIREhATEBIQEhASEBIREjISERIQEhASEBMQEhASEBIyExATEBIyEhASEBMxExASEBITEjISMhIQEhASdxIADQUAAAAAAAAAAA==",
            "26":"JgBwABN2ExASEBIQEhATEBIQEjITMhIQEhASEBIREhASEBIQEhESEBIQExASEBIQEhASERIREhATEBIQEhASEBIREjISERIQEhASEBMQEhASEBIyExATEBIyEhASEBMxExASEBITEjISMhIQEhASdxIADQUAAAAAAAAAAA==",
            "27":"JgBwABN2ExASEBIQEhATEBIQEjITMhIQEhASEBIREhASEBIQEhESEBIQExASEBIQEhASERIREhATEBIQEhASEBIREjISERIQEhASEBMQEhASEBIyExATEBIyEhASEBMxExASEBITEjISMhIQEhASdxIADQUAAAAAAAAAAA==",
            "28":"JgBwABN2ExASEBIQEhATEBIQEjITMhIQEhASEBIREhASEBIQEhESEBIQExASEBIQEhASERIREhATEBIQEhASEBIREjISERIQEhASEBMQEhASEBIyExATEBIyEhASEBMxExASEBITEjISMhIQEhASdxIADQUAAAAAAAAAAA==",
            "29":"JgBwABN2ExASEBIQEhATEBIQEjITMhIQEhASEBIREhASEBIQEhESEBIQExASEBIQEhASERIREhATEBIQEhASEBIREjISERIQEhASEBMQEhASEBIyExATEBIyEhASEBMxExASEBITEjISMhIQEhASdxIADQUAAAAAAAAAAA==",
            "30":"JgBwABN2ExASEBIQEhATEBIQEjITMhIQEhASEBIREhASEBIQEhESEBIQExASEBIQEhASERIREhATEBIQEhASEBIREjISERIQEhASEBMQEhASEBIyExATEBIyEhASEBMxExASEBITEjISMhIQEhASdxIADQUAAAAAAAAAAA=="
         },
         "high":{
            "17":"JgBwABN2ExASEBIQEhATEBIQEjITMhIQEhASEBIREhASEBIQEhESEBIQExASEBIQEhASERIREhATEBIQEhASEBIREjISERIQEhASEBMQEhASEBIyExATEBIyEhASEBMxExASEBITEjISMhIQEhASdxIADQUAAAAAAAAAAA==",
            "18":"JgBwABN2ExASEBIQEhATEBIQEjITMhIQEhASEBIREhASEBIQEhESEBIQExASEBIQEhASERIREhATEBIQEhASEBIREjISERIQEhASEBMQEhASEBIyExATEBIyEhASEBMxExASEBITEjISMhIQEhASdxIADQUAAAAAAAAAAA==",
            "19":"JgBwABN2ExASEBIQEhATEBIQEjITMhIQEhASEBIREhASEBIQEhESEBIQExASEBIQEhASERIREhATEBIQEhASEBIREjISERIQEhASEBMQEhASEBIyExATEBIyEhASEBMxExASEBITEjISMhIQEhASdxIADQUAAAAAAAAAAA==",
            "20":"JgBwABN2ExASEBIQEhATEBIQEjITMhIQEhASEBIREhASEBIQEhESEBIQExASEBIQEhASERIREhATEBIQEhASEBIREjISERIQEhASEBMQEhASEBIyExATEBIyEhASEBMxExASEBITEjISMhIQEhASdxIADQUAAAAAAAAAAA==",
            "21":"JgBwABN2ExASEBIQEhATEBIQEjITMhIQEhASEBIREhASEBIQEhESEBIQExASEBIQEhASERIREhATEBIQEhASEBIREjISERIQEhASEBMQEhASEBIyExATEBIyEhASEBMxExASEBITEjISMhIQEhASdxIADQUAAAAAAAAAAA==",
            "22":"JgBwABN2ExASEBIQEhATEBIQEjITMhIQEhASEBIREhASEBIQEhESEBIQExASEBIQEhASERIREhATEBIQEhASEBIREjISERIQEhASEBMQEhASEBIyExATEBIyEhASEBMxExASEBITEjISMhIQEhASdxIADQUAAAAAAAAAAA==",
            "23":"JgBwABN2ExASEBIQEhATEBIQEjITMhIQEhASEBIREhASEBIQEhESEBIQExASEBIQEhASERIREhATEBIQEhASEBIREjISERIQEhASEBMQEhASEBIyExATEBIyEhASEBMxExASEBITEjISMhIQEhASdxIADQUAAAAAAAAAAA==",
            "24":"JgBwABN2ExASEBIQEhATEBIQEjITMhIQEhASEBIREhASEBIQEhESEBIQExASEBIQEhASERIREhATEBIQEhASEBIREjISERIQEhASEBMQEhASEBIyExATEBIyEhASEBMxExASEBITEjISMhIQEhASdxIADQUAAAAAAAAAAA==",
            "25":"JgBwABN2ExASEBIQEhATEBIQEjITMhIQEhASEBIREhASEBIQEhESEBIQExASEBIQEhASERIREhATEBIQEhASEBIREjISERIQEhASEBMQEhASEBIyExATEBIyEhASEBMxExASEBITEjISMhIQEhASdxIADQUAAAAAAAAAAA==",
            "26":"JgBwABN2ExASEBIQEhATEBIQEjITMhIQEhASEBIREhASEBIQEhESEBIQExASEBIQEhASERIREhATEBIQEhASEBIREjISERIQEhASEBMQEhASEBIyExATEBIyEhASEBMxExASEBITEjISMhIQEhASdxIADQUAAAAAAAAAAA==",
            "27":"JgBwABN2ExASEBIQEhATEBIQEjITMhIQEhASEBIREhASEBIQEhESEBIQExASEBIQEhASERIREhATEBIQEhASEBIREjISERIQEhASEBMQEhASEBIyExATEBIyEhASEBMxExASEBITEjISMhIQEhASdxIADQUAAAAAAAAAAA==",
            "28":"JgBwABN2ExASEBIQEhATEBIQEjITMhIQEhASEBIREhASEBIQEhESEBIQExASEBIQEhASERIREhATEBIQEhASEBIREjISERIQEhASEBMQEhASEBIyExATEBIyEhASEBMxExASEBITEjISMhIQEhASdxIADQUAAAAAAAAAAA==",
            "29":"JgBwABN2ExASEBIQEhATEBIQEjITMhIQEhASEBIREhASEBIQEhESEBIQExASEBIQEhASERIREhATEBIQEhASEBIREjISERIQEhASEBMQEhASEBIyExATEBIyEhASEBMxExASEBITEjISMhIQEhASdxIADQUAAAAAAAAAAA==",
            "30":"JgBwABN2ExASEBIQEhATEBIQEjITMhIQEhASEBIREhASEBIQEhESEBIQExASEBIQEhASERIREhATEBIQEhASEBIREjISERIQEhASEBMQEhASEBIyExATEBIyEhASEBMxExASEBITEjISMhIQEhASdxIADQUAAAAAAAAAAA=="
         },
         "auto":{
            "17":"JgBwABN2ExASEBIQEhATEBIQEjITMhIQEhASEBIREhASEBIQEhESEBIQExASEBIQEhASERIREhATEBIQEhASEBIREjISERIQEhASEBMQEhASEBIyExATEBIyEhASEBMxExASEBITEjISMhIQEhASdxIADQUAAAAAAAAAAA==",
            "18":"JgBwABN2ExASEBIQEhATEBIQEjITMhIQEhASEBIREhASEBIQEhESEBIQExASEBIQEhASERIREhATEBIQEhASEBIREjISERIQEhASEBMQEhASEBIyExATEBIyEhASEBMxExASEBITEjISMhIQEhASdxIADQUAAAAAAAAAAA==",
            "19":"JgBwABN2ExASEBIQEhATEBIQEjITMhIQEhASEBIREhASEBIQEhESEBIQExASEBIQEhASERIREhATEBIQEhASEBIREjISERIQEhASEBMQEhASEBIyExATEBIyEhASEBMxExASEBITEjISMhIQEhASdxIADQUAAAAAAAAAAA==",
            "20":"JgBwABN2ExASEBIQEhATEBIQEjITMhIQEhASEBIREhASEBIQEhESEBIQExASEBIQEhASERIREhATEBIQEhASEBIREjISERIQEhASEBMQEhASEBIyExATEBIyEhASEBMxExASEBITEjISMhIQEhASdxIADQUAAAAAAAAAAA==",
            "21":"JgBwABN2ExASEBIQEhATEBIQEjITMhIQEhASEBIREhASEBIQEhESEBIQExASEBIQEhASERIREhATEBIQEhASEBIREjISERIQEhASEBMQEhASEBIyExATEBIyEhASEBMxExASEBITEjISMhIQEhASdxIADQUAAAAAAAAAAA==",
            "22":"JgBwABN2ExASEBIQEhATEBIQEjITMhIQEhASEBIREhASEBIQEhESEBIQExASEBIQEhASERIREhATEBIQEhASEBIREjISERIQEhASEBMQEhASEBIyExATEBIyEhASEBMxExASEBITEjISMhIQEhASdxIADQUAAAAAAAAAAA==",
            "23":"JgBwABN2ExASEBIQEhATEBIQEjITMhIQEhASEBIREhASEBIQEhESEBIQExASEBIQEhASERIREhATEBIQEhASEBIREjISERIQEhASEBMQEhASEBIyExATEBIyEhASEBMxExASEBITEjISMhIQEhASdxIADQUAAAAAAAAAAA==",
            "24":"JgBwABN2ExASEBIQEhATEBIQEjITMhIQEhASEBIREhASEBIQEhESEBIQExASEBIQEhASERIREhATEBIQEhASEBIREjISERIQEhASEBMQEhASEBIyExATEBIyEhASEBMxExASEBITEjISMhIQEhASdxIADQUAAAAAAAAAAA==",
            "25":"JgBwABN2ExASEBIQEhATEBIQEjITMhIQEhASEBIREhASEBIQEhESEBIQExASEBIQEhASERIREhATEBIQEhASEBIREjISERIQEhASEBMQEhASEBIyExATEBIyEhASEBMxExASEBITEjISMhIQEhASdxIADQUAAAAAAAAAAA==",
            "26":"JgBwABN2ExASEBIQEhATEBIQEjITMhIQEhASEBIREhASEBIQEhESEBIQExASEBIQEhASERIREhATEBIQEhASEBIREjISERIQEhASEBMQEhASEBIyExATEBIyEhASEBMxExASEBITEjISMhIQEhASdxIADQUAAAAAAAAAAA==",
            "27":"JgBwABN2ExASEBIQEhATEBIQEjITMhIQEhASEBIREhASEBIQEhESEBIQExASEBIQEhASERIREhATEBIQEhASEBIREjISERIQEhASEBMQEhASEBIyExATEBIyEhASEBMxExASEBITEjISMhIQEhASdxIADQUAAAAAAAAAAA==",
            "28":"JgBwABN2ExASEBIQEhATEBIQEjITMhIQEhASEBIREhASEBIQEhESEBIQExASEBIQEhASERIREhATEBIQEhASEBIREjISERIQEhASEBMQEhASEBIyExATEBIyEhASEBMxExASEBITEjISMhIQEhASdxIADQUAAAAAAAAAAA==",
            "29":"JgBwABN2ExASEBIQEhATEBIQEjITMhIQEhASEBIREhASEBIQEhESEBIQExASEBIQEhASERIREhATEBIQEhASEBIREjISERIQEhASEBMQEhASEBIyExATEBIyEhASEBMxExASEBITEjISMhIQEhASdxIADQUAAAAAAAAAAA==",
            "30":"JgBwABN2ExASEBIQEhATEBIQEjITMhIQEhASEBIREhASEBIQEhESEBIQExASEBIQEhASERIREhATEBIQEhASEBIREjISERIQEhASEBMQEhASEBIyExATEBIyEhASEBMxExASEBITEjISMhIQEhASdxIADQUAAAAAAAAAAA=="
         }
      }
   }
}