{
  "manufacturer": "Hyundai",
  "supportedModels": [
    "HSE09PH5V"
  ],
  "supportedController": "Broadlink",
  "commandsEncoding": "Base64",
  "minTemperature": 18,
  "maxTemperature": 30,
  "precision": 1,
  "operationModes": [
    "heat",
    "cool",
    "heat_cool",
    "dry",
    "fan_only"
  ],
  "fanModes": [
    "low",
    "mid",
    "high",
    "auto"
  ],
  "commands": {
    "off": "JgB4AGwAAScVMhgQGBAZEBgQGBAYEBkQFBQUMhgQGRAYEBguGRAYEBguGC8YLhguFhMYLhgQGS4YLhcRGRAYEBgQGBAZDxkQGBAYEBgQGRAYLhgQGRAYLhguFhMYLhguFRQYEBgQGBAZEBgQGC4VExkQGBAYLhkuFQANBQ==",
    "heat": {
      "low": {
        "16": "JgB4AGsAASsWMBYTFRMWEhcRGBEXERcRGBAXMBYSFhIWEhYxFhIXERcvFzAWMBYxFhIWMBYTFjAWMBUUFhIWEhcSFhIWEhcRFRMXEhUTFhIWEhYSFxIWEhcvFRQWMBUTFhIXEhYwFRMXEhYSFy8XERcwFDIWMRcvFAANBQ==",
        "17": "JgB4AGwAASkYLhYTGBAYEBgQGRAVExgQGBAWMRgQGBAYLxgQGBAWEhkuGC4YLhkuFRMYLhgRGC4YLxgQGBAYEBkQGBAYEBgQGQ8ZEBgQGBAYLhkQGBAYEBYxGBAYLhkQGBAYEBguGRAYEBYSGC4WExguGC4ZLhguFQANBQ==",
        "18": "JgB4AGwAASoVMRkPGRAYEBgQGBAZEBgQGBAYLhkQGBAWMBkQGBAYEBguGS4YLhkuFBQYLhkQGC4VMRkQGBAWExYSFhIWEhYSFRMVFBQUFBQUFBUyGBAYEBguGRAYLhUTGRAYEBguGQ8ZEBgQGC4VFBguFDIZLhQyEQANBQ==",
        "19": "JgB4AGkAAS0VMhUTGBAZEBgQGBAYEBkPGRAUMhgQGRAVExYSGBAZDxkuFjAVMhQyGBAZLhYSGC4ZLhQUGBAZEBgQGBAUFBUUFBQVExQUFRQUMhguFRMZEBguGBAZLhgQGBAYEBkuGBAYEBkPGS4UFBUxGS4YLhkuEgANBQ==",
        "20": "JgB4AG0AASkXLxkQGBAYEBgQGRAYEBgQGBAZLhgQGBAYEBkQGBAYEBguGS4YLhkuGBAYLhkQGC4YLhkQGBAYEBgQFxIWEhYSFhIXEhYSFxEWMBkQGC4YEBkuFhIYLhkQFhIYEBguGRAYEBgQGC4ZEBQyFy8ZLhguFAANBQ==",
        "21": "JgB4AGoAASwYLhkQGBAYEBgQGRAYEBgQGBAZLhgQGBAZDxkQGBAYEBguFjEYLhkuFRMYLhkQGC4YLhkQGBAYEBgQGRAYEBgQGBAZEBgQGBAYLhkQGC4YEBkuFRMYLhkQGBAYEBguGRAYEBgQGC8YEBguFjEYLhYwFQANBQ==",
        "22": "JgB4AGkAASsVMRgQFxIWEhYSFxEXEhYSFBQWMBUUGBAYEBgQGRAWEhYwGC8YLhYwFRQYLhgQGS4YLhgQGRAYEBgQGBAZDxkQGBAYEBkPGRAYEBYwGS4YEBguGRAWMBYSGBAZEBguGBAZEBgQGC4YEBkuGC4YLxguFQANBQ==",
        "23": "JgB4AG0AAScWMRgQGBAYEBkQGBAYEBgQGQ8ZLhgQGBAZLhQyGC4YLxgQGC8YLhguFRQYLhgQGS4VMRYSGRAYEBgQGBAZDxkQGBAYEBgQGRAYLhguGC8VExguGRAYLhUTGRAYEBguGQ8ZEBYSFjAZEBguGC4ZLhguEgANBQ==",
        "24": "JgB4AGgAAS0VMRkQGBAYEBgQGRAYEBgQGBAZLhgQGBAYLhkQGBAYEBgvGC4WMBYxGBAYLhkQFjAVMRkQGBAYEBgQGRAYEBgQGBAZEBgQGBAYEBkQGBAYLhUxFRQYLhUTGRAWEhYwFRQWEhYSFjAZEBguGC4ZLhguEgANBQ==",
        "25": "JgB4AGoAASkZMBUTFhMVExYSFRMVFBQUFBQUMhYTFhIXERYSFhMVExYwFjEVMRUxFhMVMRQUFjEVMRUTFhMVExYSFhIXEhQUFhIWEhYSFhMUMhYSFhIWMRUxFhIVMhcRFhIVFBQyFRMWEhcSFDIWEhYxFTEWMBYxEgANBQ==",
        "26": "JgB4AG0AASkVMhQUFxEXEhYSFhIXERcSFhIWMBUTGRAYEBgQGBAZEBguFTEVMhQyGQ8ZLhQUGC4ZLhgQFhIZEBgQGBAYEBkQGBAWEhUTFxIWEhYwFRMZLhguFRMZLhgQGBAZDxkuFRMYEBYTGC4UFBkuFDIVMRUyFAANBQ==",
        "27": "JgB4AGkAASwVMhgQGBAZDxkQFhIWEhcRFxIWMBUTGRAYLhguGS4UMhUTGS4UMhgvGBAWMBkPGS4YLhUTGRAYEBgQGQ8ZEBgQGBAYEBkQGBAYLhkuGBAYLhUyGBAYLhkQGBAWEhYwGRAYEBYSGC4VFBguFzAUMhguFQANBQ==",
        "28": "JgB4AG0AASkYLhkQGBAYEBgQFRQUFBQVFxEXMBQUGBAYEBkQGBAWEhcvFTIYLhkuGBAVMRUTGS4YLhkQFhIWEhcRFhMWEhYSFhIWEhcSFBQUFBUUFjAUMhgvGBAYLhkPGRAWEhYwGRAYEBgQGC4ZEBguGC4ZLhguEQANBQ==",
        "29": "JgB4AGwAASkVMRgQGRAYEBgQGBAZEBgQFBQXLxUUGBAYLhkuGC4VMRsOGC4YLxguGBAZLhQUGC4VMhQUGBAYEBkQGBAYEBgQGRAYEBgQGBAZLhgQGC4VMhguGBAZLhgQGBAYEBkuFBQYEBkQGC4YEBguFTIVMRUyEgANBQ==",
        "30": "JgB4AGwAASoYLhgQGRAYEBgQGBEUFBQUFBQVMRkQGBAYLhkuGC4YLxgQGC4YLxguGBAYLxgQFy8ZLhgQGBAYEBkQFxEYEBUTGRAXERUTGBAVFBQyGC4ZLhguGBAZLhgQGBAYERcvGBAYEBUUFDIYEBgvGC4YLhkuEQANBQ=="
      },
      "mid": {
        "16": "JgB4AGkAASoZLhQUFhIZEBgQGBAVExcSFhIWMBUTGRAVExguGRAYEBguGC8UMhguFRQYLhgQGS4YLhgQGRAYEBgQFRMZDxUUGBAVExgQGRAYEBgQGBAZEBYwGBAYEBkuFBQXERcwFRMYEBgQGS4YEBguFjEYLhkuEQANBQ==",
        "17": "JgB4AGgAASsYLhgQGRAYEBgQGBAZEBgQGBAYLhUUGBAYLhkQGBAYEBguGS4UMhgvGBAYLhUTGS4YLhkQGBAYEBgQFxEXEhYSFhIXERcSFhIUMhkQGBAYEBguFRQYEBguGQ8ZEBguGBAZEBgQGC4ZDxkuFDIZLhQyFQANBQ==",
        "18": "JgB4AGkAASsUMhgQGRAYEBgQFRMVFBQUFBQVMRUUGBAYLhkQFhIWEhYwGS4YLhYxGBAYLhgQGS4WMBUTGRAYEBgQGQ8ZEBgQFRMXERcSFhIWEhYwGRAYEBUxFRQYEBguGBAZEBQyFRMZEBgQGC4YEBkuFDIZLhguFQANBQ==",
        "19": "JgB4AG0AAScVMRkQFBQVExkQGBAZDxkQGBAYLhkQGBAYEBgQGRIWEBQyFTIVMRcvGRAYLhUSGS4YLhUTGRAYEBgQGBAZEBgQGBAYEBkQGBAYLhUyFBQYEBYwFRQYEBguGRAYEBguFRMZEBgQGC4ZEBguGC4ZLhguFQANBQ==",
        "20": "JgB4AGsAASoVMRUTFxIWEhcRFBQWEhYTFhIVMRcSFRMXLxYSFxIUFBcvFjEVMRcvFhMWMBcRFjEWMBUTFxIWEhQUFRMWExQUFBQUFBUUFBQUFBQUFTIVExcvFhIXEhYwFxEXEhYwFRMXERYTFTEXERcwFy8XLxYxEwANBQ==",
        "21": "JgB4AGkAAS0YLhUUFRMYEBgQFRQWEhYSFxEXLxUUGBAYEBkQFBQUFBUxFTIUMhkuGBAYLhkPGS4UMhUUGBAYEBgQGQ8ZEBgQGBAYEBkQGBAYLhkQGC4UFBYwFRQYEBguGRAYEBgvGA8ZEBgQFjAVFBguGC4ZLhguEQANBQ==",
        "22": "JgB4AGwAAScVMRcSFhIWEhYSFxIWEhYSFxEVMhQUGBAZDxcSFhIWEhcwFDIXLxkuFBQYLhUUGC4YLhkQGBAYEBgQGRAYEBYSFxEXEhYSFhIXERcwGC4VExkuGBAYEBguFRQYEBguGRAYEBgQGC4VFBguFTIUMhUxFQANBQ==",
        "23": "JgB4AGkAASsZLhgQGBAZEBgQGBEVEhsOFhIWMBkPGRAYLhUyFDIVMRUUGC4UMhcwFBQYLhUUGC4YLhUUGBAVExYSFxIWEhYSFxEXEhYSFBQZLhkuGC4YEBkuFxEYEBgvGBAYEBguFRQYEBgQGC4YERguFTEVMhgvEwANBQ==",
        "24": "JgB4AG0AASkVMhgQGBAWEhkQGBAWEhcRFxIWMBUTGBAZLhgQGBAZEBguFDIZLhguGQ8ZLhgQGC4ZLhQUGBAZEBgQGBAYEBkQGBAWEhcRFxIWEhYSFhIXMBguGBAZDxkuFBQYEBcwGBAYERgPGS4YEBguFjEYLhkuFQANBQ==",
        "25": "JgB4AGwAASoVMhcRGBAZEBcRFxEYEBgRFxEYLhgRFxEWEhYSFxIWEhcvGC4YLxQyGBEXLxgQGC8XLxUTGBEXERcRFxEYEBgRGBAXERcRFxIUMhUTGBEXLxcvFRQXERcvGBAYERcvFxEYERcRFjAYEBgvFy8YLxcvEQANBQ==",
        "26": "JgB4AGwAASgWMBUUGBAYEBgQGRAWEhYSFhIXMBgQGBAYEBkQGBAWEhcvFTIVMRYxGBAYLhkQGC4YLhkQGBAWEhcRFxIWEhYSFxEXEhYSFhIXERcwGBAYLhUyGBAYEBguFRQYEBguGRAYEBgQGC4ZEBguGC4ZLhguEgANBQ==",
        "27": "JgB4AG0AAScYLhkQGBAWEhgQGRAWEhYSFhIVMhgQGBAYLhgvGC4ZLhQUFTEVMhguGBAZLhgQGC4VMhgQGBAZEBgQFhIWEhcRFRQWEhYSFxEXMBQyGBAZLhQyFhIZEBguGBAZEBguFRMYEBkQGC4YEBUyFTEWMBkuEgANBQ==",
        "28": "JgB4AG0AAScZLhUTGBAZEBgQGBAYEBkPFxIWMBgQGRAYEBgQGBAXEhYwFTEVMhguFxEZLhgQGC4VMhgQFRMXEhYSFhIUFBcSFhIUFBQUFxEVFBQUFDIWMRQyFhIZEBguFBQYEBkuFBQYEBkPGS4UFBguGS4YLhkuEQANBQ==",
        "29": "JgB4AGkAAS0WMBkQGBAVExcSFhIUFBQVGBAZLhgQGBAYLhkuFjAWMRgQGC4XMBcvGBAZLhgQFjAZLhgQGBAZEBgQGBAYEBkQGBAWERgQGRAYLhYSGS4YLhguGRAYEBYwGRAYEBguGQ8ZEBgQGC4WExguFy8WMRguFQANBQ==",
        "30": "JgB4AGkAAS0VMRUUGBAYEBkQGBAYEBgQGBAZLhgQGBAZLhguGC4ZLhcRGywUMhguFRQYLhUTGS4UMhcRGRAYEBgQGBAZDxkQGBAYEBgQGRAYEBguGS4YLhguGRAYEBguGRAYEBguGQ8ZEBgQGC4ZEBguFDIZLhguFQANBQ=="
      },
      "high": {
        "16": "JgB4AGkAASoVMRYTFhIVExcRFxIXERcRFxEXMBUTFxEVMhYSFxEXERcwFTEXMBUxFRMWMRUTFy8VMhUTFxEVExcSFhQVERcRFhMUFBQUFRMWEhcSFhIVExcvFzAVExcvFhMXERUxFxIWEhcRFzAWEhcvFTIVMRUxEgANBQ==",
        "17": "JgB4AGgAAS0UMhUTGRAYEBgQGBAZDxkQGBAYLhUUGQ8YEBgQGRAYEBguGC4VMhguFRQYLhgQGS4UMhUTGRAYEBgQGBAZDxkQGBAYEBgQGRAYLhgQGRAYEBguFTEZEBguGBAZEBguGBAZEBgQGC4YEBkuFDIYLxguFQANBQ==",
        "18": "JgB4AGoAAS0VMRUUGBAYEBkPGRAYEBgQFhIXMBQUGBAZEBgQFBQVExU0Fi8UMRUyGBAYLhkQGC4YLhUUGBAYEBUTFxIWEhYSFxEXEhQUFBQVExUyGBAYEBgvFDIVExkpGRQYEBguGRAYEBgQGC8YEBguGS4UMhUxFQANBQ==",
        "19": "JgB4AGwAASkVMRkQGBAYEBgQGRAYEBgQGBAZLhQUGBAWMRguFTEZLhgQGC4VMhQyFRMZLhQUGC4VMhgQGBAXEhYSFhIXERcSFhIWEhYSFxIWMBQyFRQYEBguGC8YEBguFRMZEBYwFRMZEBgQGC4VExkuFDIVMhQyEQANBQ==",
        "20": "JgB4AG0AASkZLhQUGBAZEBgQGBAXERkPGRAXLxgQGRAYEBgQGBAXEhYwFDIVMhguGBAZLhgQGC4VMhQUGBAZEBgQGBAYEBkQGBAYEBgQGQ8XEhcRGC4ZEBguGC4WExguFRMZDxkuGBAYEBkQGC4VExcwGC4YLhUyFQANBQ==",
        "21": "JgB4AGkAASsYLhgQGRAYEBgQGBAZEBgQGBAYLhUUGBAYLhkuGC4YLhUUGC4YLhkuGBAZLhgQGC4VMhgQGBAYEBkQGBAYEBYSFRQWEhYSFhIXMBgQGC4ZEBguFDIZDxkuFBQYEBkuGBAYEBkQGC4YEBguFTIYLhUyEQANBQ==",
        "22": "JgB4AG0AASkVMRkQGBAYEBkPGRAYEBgQGBAZLhQUGBAZLhQyGC4VMhgQGC8UMhguGRAYLhUTFTIYLhUTGQ8ZEBgQFxEXEhYSFhIWEhUUFhIWEhUxFTIYEBguFTIUFBguGRAYEBguFRMZEBgQGC4VFBguGC4ZLhQyEQANBQ==",
        "23": "JgB4AGoAASwYLhkQGBAYEBgQGRAYEBgQGBAZLhgQGBAYEBkuGC4VMhgQGC4VMhQyFRMZLhgQFjAZLhQUGBAZDxkQGBAYEBgQGRAYEBgQGBAZLhQyGC4ZEBguGC8YEBguGQ8ZEBguFRMZEBYSFjAYEBcwFDIVMhQyFQANBQ==",
        "24": "JgB4AGgAASwYLhUUGBAYEBgQGRAWEhYSFhIXMBgQGBAYEBkQFhIYEBguGS4YLhUyGBAWMBUUGC4YLhkQGBAYEBgQGQ8ZEBgQGBAZDxkQGBAYEBgQGRAYLhUxFTIUFBguFRQYEBguGRAYEBgQGC4ZEBguFTEZLhQyEQANBQ==",
        "25": "JgB4AG0AASgVMhgQGBAYEBkQGBAYEBgQGRAYLhUTGQ8ZLhQyFTIYLhUTGS4UMhguGRAYLhUTGS4WMBUTGRAYEBgQFxEXEhYSFhIXERcSFhIUMhUUGBAYLhguGC8VExguGRAYEBguFRQYEBgQGC4VFBguFTEVMhguEQANBQ==",
        "26": "JgB4AGgAASsUMhkQGBAYEBYSFhIXEhYSFhIVMRkQGBAYLhkuFDIZLhQUGC4ZLhguFRMZLhcRGC4ZLhQUGBAZDxkQGBAYEBgQGRAYEBgQFRMXEhYwFhIXMBYwGC4ZEBguGBAZDxkuGBAYEBkQGC4VExkuGC4YLhkuFQANBQ==",
        "27": "JgB4AGkAASsVMhQUGBAWEhcSFhIWEhcRFxIWMBgQGBAZEBguFTEVMhQUGC4WMhQyGBAZLhgQGC4ZLhQUFxEXEhYSFhIXERcRFxIWEhYSFRQUMhQyGBAVMhQyFTIYEBguFRMZEBguFRMZEBgQGC4VExkuFDIZLhQyEQANBQ==",
        "28": "JgB4AGkAASwWMRcRFxEXEhYSFxEVExUUFBQUMhcRFxIVMRQyFjEXLxYSFjEVMRYxFRMXLxYTFTEVMRYTFhIVExYSFxEVFBQUFBQVExUUFBQUFBUTFTIVMRYxFDIXERcwFBQUFBgvFhMWEhcRFy8VFBQyFTEXMBUxEgANBQ==",
        "29": "JgB4AGgAASwYLhkQGBAYEBcRFxIWEhYSFxEXMBgQGBAVExcwFDIYLxQUGC4XMBQyFRMZLhgQGC4ZLhQUGBAYEBkQGBAYEBgQGRAYEBgQGBAZLhQUGC4VMhguFTEVFBguFRMZEBYwFRMZDxkQGC4YEBkuGC4YLhUyFQANBQ==",
        "30": "JgB4AGoAASwVMRkQGBAYEBgQGQ8ZEBQUFhIXMBQUGBAYEBkuGC4VMRkQGC4YLhkuGBAVMRkQGC4VMhgQFRMYEBYTGBAYEBgQGQ8VFBgQFhIXERcwFDIVMhQyGC4VFBguGBAZEBguGBAYEBkQFDIVExkuGC4YLhkuFQANBQ=="
      },
      "auto": {
        "16": "JgB4AGoAASoVMhcRFxEXEhcRFxEXERcRGBEXLxcRFxIWMBQyFxIXERcvFTIXLxUxFRQXLxcRFzAUMhcRFxIXERcRFxEXEhcRFxEXERcRFxIXERcRFxEXEhcvFRMXERgRFxEXERcwFBQXERcRFzAXERcvFzAXLxUyEwANBQ==",
        "17": "JgB4AGgAASwUMhUUGBAWEhcRFxIWEhYSFhIXMBQUGBAYEBkuGBAYEBgvFjAYLhkuGBAYLhkQGC4VMRUUFhIWEhcRFxIWEhYSFxEXEhYSFhIXLxUUGBAYEBgvFBQYEBgQGRAYEBguGBAZEBgQGC4VExcwFDIZLhQyFQANBQ==",
        "18": "JgB4AGkAAS0VMhgQGBAYEBkQFRMWEhgQGRAWMBQUGBAZEBguFBQYEBkuGC4ZLhguGBAZLhgQGC4VMhgQGBAWEhkQGBAWEhYSGRAWEhYSFxEXEhYwGBAYEBkuFBQYEBkQFhIWEhQyGRAYEBgQGC4ZEBguGC4ZLhguFQANBQ==",
        "19": "JgB4AGoAAS0UMhUTGRAYEBgQGBAXEhYSFhIXLxUUFBQZLhgQGRAWEhguFTIUMhguFRQYLhgQGS4YLhgQGRAYEBgQGBAZEBgQGBAYEBYTFhIWMBgvGBAYEBguGRIWEBgQGBAZEBYwGBAYEBkQGC4YEBcwGC4WMBUyFQANBQ==",
        "20": "JgB4AGoAASoWMRgQGQ8ZEBgQGBAYEBkQGBAYLhYTGBAYEBYwFhMYEBguGS4YLhYwFRQWMBUTGS4YLhgQGRAUFBYSFxEXEhYSFhIWEhUUFhIVExYSFTIVExguGQ8ZEBgQGBAYEBkuFxEYEBkPGS4YEBgvGC4YLhYxFQANBQ==",
        "21": "JgB4AG0AASkXLxgQFRQUFBQUFRMVFBQUFBQWMBgRFxEXLxgQGBEXERcvGC8YLhgvGBAXLxgQGC8XLxgRFBQYEBcRFhMVExQUFhIVFBQUFhIWMBgRFy8YEBcwGBAXERUTGBEUFBQyGBAYERQUFDIYERcvFy8YLxguFQANBQ==",
        "22": "JgB4AG0AASkZLhgQGBAZEBUTGBAYEBYSGRAYLhgQGRAYLhgQGQ8ZEBguFTEZLhQyGRAYLhgQGC8UMhQUGQ8ZEBgQGBAYEBkQGBAYEBUTFxIWEhQyGC8YEBguGBAZEBgQGBAYEBkuGBAYEBkPGS4UFBguGS4UMhkuFQANBQ==",
        "23": "JgB4AGkAASwVMRkQGBAYEBkPGRAYEBgQGBAZLhQUFhIVFBYSFBQWEhcwGC4YLhUyGBAYLhkQGC4YLhUUGBAYEBkPGRAYEBgQGBAXEhYSFhIXLxkuGC4ZDxkuFBQYEBkQGBAYEBguGRAYEBgQFzAYEBguGS4UMhguEgANBQ==",
        "24": "JgB4AGkAASwUMhgQGRAYEBgQGBAWExYSFBQWMBUUGBAWEhUxGRAYEBguGC8YLhgvGBAYLhgQGS4YLhkPGRAYEBgQGBAZEBgQGBAYEBkQGBAYEBgQFRQUMhQyFxIYEBgQGBAXEhYwFBQYEBkQGC4UFBkuGC4VMRkuFQANBQ==",
        "25": "JgB4AGkAASsXMBYSFhIXEhYSFBQWEhcSFhIWMBYSGRAYLhgQGBAZEBguGC4ZLhUxFhIZLhUTGC4ZLhgQGBAZEBgQGBAYEBkQGBAYEBgQGQ8ZLhgQGBAZLhguGBAZEBgQFRMXERcwFRMYEBgQGS4VExguGS4YLhkuFQANBQ==",
        "26": "JgB4AGoAASwUMhgQGBAXEhYSFhIXERcSFhIWMBUTGRAYLhUTGRAYEBYwGC4VMhguGRAYLhgQGS4YLhgQGRAYEBgQGBAZDxkQGBAYEBgQGRAYEBYwGQ8ZLhQyGRAYEBgQFxEZDxkuFhIWEhYTGC4YEBkuFDIVMRkuFQANBQ==",
        "27": "JgB4AGkAASwZLhgQGBAYEBkQGBAYEBcRFxIWMBgQGQ8ZEBgQGBAYEBYxGC4WMRYwFhIZLhgQGC4VMhgQGBAVExcSFhIWEhcRFxIWEhYSFRMWMRguFRMZLhQyFhIZEBgRFRMWERcwGBAYEBkPFjEVExguGS4VMRgvEQANBQ==",
        "28": "JgB4AGgAASwUMhgQGRAYEBgQGBAZEBgQFhIYLhUUFBQUMhkQGBAYEBwqFTIYLhkuFBQYLhkQGC4UMhYSGRAYEBgQFRQUFBQUFBQXEhQUFRMZEBgQGC4ZLhQyFRQYEBgQFhIZEBguFxEYEBkQGC4UFBkuGC4YLhkuFQANBQ==",
        "29": "JgB4AGsAASsVMhgQGBAYEBkQGBAYEBgQGQ8ZLhYSGBAZEBgQGBAYEBkuGC4YLhYxFRMYLhkQGC4YLxcRGBAYEBkPGRAYEBYSFhMWEhQXFRAYLhYTGC4ZLRYxGBAXEhYSFBQWEhcvFhMYEBgQGS4VExguFjEYLhguFQANBQ==",
        "30": "JgB4AGwAASoYLxgQGBAYERcRFxEYEBgRFxEXLxgQGRAXERgQGBAYERcvGC4ZLhguGBEXLxgQFzAYLhgQGBAYERgQFxEVExUUFBQUFBYSFRQUFBYwGC8YLhguGRAUFBUTFhIWExYwGBAYERQUFDIYEBgvGC4YLxguFQANBQ=="
      }
    },
    "cool": {
      "low": {
        "18": "JgB4AGwAASoXLxgQGBEYEBgQGBAVFBQUFBQUMhkQGBAYLhgQGRAYEBguGS4YLhguGRAYLhgQGS4YLhgQGRAYEBQUFRQUFBQUFBQVExUUFBQUFBYwGRAUFBUxGRAYLhgQGC8YEBgQGBAZEBgQGC4YEBkuGC4YLxguFQANBQ==",
        "19": "JgB4AGsAASgZMRcRFhIWEhYTFRMVExYSFhMVMRYSFhIWExYSFhIVExYxFjAWMBYxFhIWMRQVFi8WMRYSFhIWEhYTFBQWEhcRFxIWExQUFBQVMRcwFhIVExUyFRMVMhQUFDIVExUTFRQUFBUTFTEVFBYwFjEWMBUxEgANBQ==",
        "20": "JgB4AGoAASsXMBUTFRMXERYTFhIVExcRFxIVMhQUFhIWMRYSFhIWEhYxFjAWMBUyFhIWMBcSFTEVMRcSFhIVExUUFBQVExUTFRMVFBUTFRMVExgRFjAWEhUyFhIVMRUUFDIWEhUTFRQUFBUTFTEXEhUxFzAUMhYwEgANBQ==",
        "21": "JgB4AGoAASoVMhQUFxEWEhYTFhIWEhYSFRQWMBYSFhIWExYSFhIXEhUxFi8XMBYwFhIVMhYSFjAXMBYSFhIVFBQUFRMYEBcSFhIXERcRFxIVMhYSFTEXEhQyFhIVMhYSFTEVExUUFhIXERcRFzAXERUxGC8VMRcwFAANBQ==",
        "22": "JgB4AGwAASoXLxgQGRAYEBgQGBAYEBcSGBAYLhgRFhIUFBcSGBAYERcvGC4ZLhguGBAZLhgQGC4ZLhgQGBAWExgQFhIVExUUFBQUFBYSFhMUFBYwGC4XEhguGBAZLhgQGC4ZEBgPGBAYERYSGC4YEBkuGC4YLxguFQANBQ==",
        "23": "JgB4AGkAASsXMBYSFRMVFBUTFRMVExYTFRMWMBYSFhMWMBYwFTIUMhYSFjEXLxcwFBQWMBUUFjAWMBcSFxEXERcRFxIXERcRFxEXERcSFxEXLxcwFy8VExcwFBQXLxgRFy8VExcSFBQXERcRFzAUFBcvFzAXLxcvEgANBQ==",
        "24": "JgB4AGwAASkXMBYSFRMVFBQUFRMVExUUFxEXLxYSFhMUMhYSFRQUFBYwFjEWMBYwFxIWMBUTFjEWMBUTFhMVExYSFhIWEhYTFhIWEhYSFRQWEhUTFRMWMRQyFhIWMRYSFjAVFBYSFhIXERcSFjAVExYxFTEWMBUyEwANBQ==",
        "25": "JgB4AGsAASwVMhcRFxEXEhcRFxEXERcSFxEXLxcRFxIXERcRFRMYERcvFTEVMhQyFRMYLxUTGC8VMhQUFxEXERgRFxEXERgQGBEXERcRGBAYLxQUFxEXMBcvFBQXLxcRFy8VFBcRFxEXERcSFjAVExcwFDIVMRgvFAANBQ==",
        "26": "JgB4AG0AASgZLhUTGBAWEhkQGBAYEBgQGRAVMRgQGBEYEBgQGBAWExUxFTEWMRUxGBAYLxYSGC4XMBYSGBAYEBgRFxEVExUTFhMUFBUTFRMVFBUxFxEXMBcvFxEVMhcRFy8XEhYSFhIXERcSFjAXERcvGC8VMRYxFAANBQ==",
        "27": "JgB4AGoAASoUMhYSFxIUFBUTFRMXEhcRFxEXLxUUFBQXLxUyFy8XLxgRFy8VMRUyFBQXMBcRFy8VMhcRFxEXERUUFBQVExcRFhMVExYSFBQVMRUyFhIYLxQyFRMXMBcRFy8VFBcRFxEXERcRFzAUFBcvFTIXLxcwEQANBQ==",
        "28": "JgB4AGkAASoVMhgQGBAZEBgQGBAYEBkPGRAYLhgQGRAYEBgQGBAZEBguGC4VMhguFRMWMRgQFjAVMhQUFRMXEhYSFhIXERcSFhIWEhgQGBAZEBQUGC4ZLhguGBAZLhQUGC4VFBgQGBAYEBkQGC4WEhguFTIYLhkuFQANBQ==",
        "29": "JgB4AGoAASsWMBQUFRMWExUTFhIVExcSFhIXLxcRFhMWMBUyFTEWMBUUFTEWMBYxFRMXLxUUFTEVMRYTFRMXERUTFRQVExcRFhIVFBQUFBQVMRYTFTEWMBYxFRMVMRYTFTEVExcSFRMWEhcRFzAUFBcvFjEWMBcvEgANBQ==",
        "30": "JgB4AGwAASoYLxgQGBAZEBgQGBAYEBkPGRAYLhgQGRAYLhguGS4YLhgQGS4YLhkuGBAYLhkQGC4YLhkQFBQWEhUTFhMWEhYSFhIXEhQUFBQWEhUyGC4YLhkuGBAYLhcSGC4YEBkQGBAYEBgQGS4UFBQyFzAYLhguFQANBQ=="
      },
      "mid": {
        "18": "JgB4AGkAASwVMRgQGRAWEhYSFhIXEhYSFhIWMBUUGBAYLhgQGRAYEBguGS4YLhUxGRAYLhUTGS4YLhgQGRAYEBgQGBAZEBgQGBAWEhYTFhIWEhYwGRAYEBYwFRMZEBguFTEZEBgQGBAWExYSFjAYEBkuGC4VMRkuEQANBQ==",
        "19": "JgB4AGoAASkVMhgQGBAZEBgQFhIYEBcSFhIWMBYSGRAYEBgQGBAZEBguFjAZLhUxGBAZLhUTGC4ZLhgQGBAZEBgQGBAWEhcSFhIUFBYSFRQUMhguGQ8ZEBguGBAZEBguGC4ZEBgQFhIYEBcSFTEYEBgvGC4YLhYxFQANBQ==",
        "20": "JgB4AGkAASwUMhgQGRAYEBgQGBAZEBgQGBAYLhkQGBAYLhkPGRAUFBQyFTIUMhUxFRQYLhkPGS4YLhkPGRAYEBgQGBAZEBgQGBAYEBkQGBAUFBcRFzAVExguGRAYEBguGC8YEBgQGBAZEBgQGC4YEBkuFDIVMhguFQANBQ==",
        "21": "JgB4AGkAASoaLhgQGBAZEBgQGBAYEBkPGRAYLhgQGRAYEBgQFxEXEhYwFjAZLhUxGBEYLhgQGC4ZLhgQGBAZEBgQGBAYEBUUFhIWEhYSFhIXMBgQGC4ZEBguGBAZEBguGC4WExgQGBAYEBkQGC4YEBkuGC4XLxkuFQANBQ==",
        "22": "JgB4AG4AAScZLhgQFxEXEhQUFBQWEhUUFhIWMBYSGRAYEBgQGBAZEBguFDIZLhU0FhAYLhUTGC4WMRgQGBAZEBgQGBAYEBkPGRAYEBgQGBAZEBYwGC4ZEBguGBAZEBguGC4ZEBgQGBAYEBkQFjAYEBgvGC4YLhkuEgANBQ==",
        "23": "JgB4AGgAAS0VMRgQGRAYEBgQGBAYEBkQGBAYLhkQGBAYLhgvGC4YLhUUFDIYLhUyFhIWMBkQGC4VMRkQGBAYEBUUFhIWEhYSFxEXEhYSFhIXLxkuGC4ZEBguGBAYEBkuGC4ZDxkQGBAYEBgQGS4UFBguGS4XLxYxFQANBQ==",
        "24": "JgB4AGkAASsVMhcRFxEXERcSFxEXERcRFxIXLxcRFxEXMBcRFxEXERcwFDIVMhcvFxEXMBQUFy8VMhQUFxEXERgRFxEXERcTFRIWEhYSFxEWExYSFhIVMRgvFBQXERgvFy8XERkQGBAXERcRGC8XERguFTIUMhgvEQANBQ==",
        "25": "JgB4AGsAASgYLxgQFxEYEBgRFxEVExgQGBEXLxgQFRQXERQUFRMVFBQyGC4YLxguGBAYLxcRGC4YLxQUGBAVFBQUFBQVExUUFBQUFBUTFhMUMhgQGBAYLxguGBAYERcvGC4YERgQGBAXERgRFy8YEBgvGC4YLhkuFQANBQ==",
        "26": "JgB4AGwAASoUMhgQGRAYEBgQGBAZDxkQGBAYLhkQGBAYEBgQGQ8ZEBguFTEVMhguGRAYLhgQGC8YLhYSGQ8ZEBgQGBAYEBkQGBAVExcRFxIWEhQyFRMZLhguGQ8VFBQyGC4ZEBgQGBAZDxcSFjAYEBkuGC4VMRYxFQANBQ==",
        "27": "JgB4AG0AASoXLxcRGBAXERcSFhIXERcRFxIWMBYSFRMVMhUxFjEVMRUTFjEUMhYwFRQXLRkRFzAUMhUTGBEXERYSFxEYERcRFhIXERgQGBEXLxguFRQYLhgvGBAYEBcyFi4UFBgQGRAYEBgQGC4ZEBguFTEVMhguFQANBQ==",
        "28": "JgB4AGgAASsVMhgQFhIXERcSFhIWEhcRFxIWMBQUFRQXEhcRFxEYEBgvFTEVMRkuFBQYLhUUGC4VMRUUGBAYEBgQGRAWEhYSFxEVFBYSFhIXERcSFjAYLhkuGBAYEBkuFTEVExkPGRAWEhQVFy8ZEBguFTEZLhQyFQANBQ==",
        "29": "JgB4AGwAASoWMBgQGBEUFBUTFRMWExYSFxEXLxkQGBAYLhgvGC4YLxgQFDIYLxYwGBAYLxgQGC4YLxgQFxEYEBkQFxEYEBcRGBEYEBgQFRMVMhgQFy8YLxguGBAVFBQyGC4YERcRFxEVExUUFDIYEBgvGC4YLhkuFQANBQ==",
        "30": "JgB4AG0AASoYLhgQGBEYEBcRFxEYERQUFBQVMRkQGBAYLhgvGC4YLhkQFy8YLxguGBAYLxgQGC4YLxgQFxEYEBgRGBAXERgQGBEUFBQUFRMVFBQyGC4YLxguGBAYERcvGC4YERgQFRMVExUUFDIYEBgvGC4YLhkuFQANBQ=="
      },
      "high": {
        "18": "JgB4AG0AASgUMhUTGRAYEBgQGBAXEhYSFBQVMhkQGBAYEBUTFxIWEhYwGC8UMhguGRAYLhUTGS4YLhgQGRAYEBgQGBAZDxkQGBAXERcSFhIWEhUxGRAYEBguFTEVFBguGC8YEBgQGBAZEBgQGC4YEBUyFDIVMhQyEQANBQ==",
        "19": "JgB4AGkAASsYLxUTGBAYEBgQGRAYEBgQGBAYLxgQGBAVMhYwGC8WMBgQGC4XMBcvFxIWMBgQFzAXLxgQFRQUFBUTFRMVExUUFBQVExUTFRQUMhguFRQUFBcvFTIXERUxGC8VExcRGBEWEhYSGC4YERQyFTEXMBUxEwANBQ==",
        "20": "JgB4AG4AASwVMRUTFhIWExQUFhIWEhYTFhIVMRYSFhMWEhYSFhIWExYwFTEVMhQyFxIXLxcRFzAUMhcRFxEXEhcRFxEVExcSFxEXERcRFxIWEhcRFy8VFBcvFTEVFBcvFTEVFBUTFxEXERcSFy8VExcwFy8VMRUyFAANBQ==",
        "21": "JgB4AGwAAScWMRgQGBAZEBgQGBAYEBkQGBAWMBYSGRAYLhUxGS4WMBYTGC4YLhkuGBAYLhkQGC4WMBkQGBAYEBgQGRAYEBYSGBAWExUTGBAYLhkQGC4YEBkuGC4YEBkuGC4WEhkQGBAWEhYSFzAYEBguFjEYLhguFAANBQ==",
        "22": "JgB4AGoAASwWMBkQGBAYEBgQGRAYEBgQGBAZLhUTGBAYLhkuGC4ZLhgQGC4ZLhguFhIZLhgQGC4WMRYSGBAZEBgQGBAYEBkPGRAYEBgSFhAZEBguGC4ZEBYwGC4ZEBYwGC4VFBgQGBAVFBYSFjAWEhkuGC4WMRguFQANBQ==",
        "23": "JgB4AGoAASwWMBkQGBAYEBgQGRAYEBgQGBAZLhgQFBQVFBgvGC4YLhkQGC4YLhkuFRMYLhkQGC4YLhYTGBAYEBkQGBAYEBgQGBAZEBgQGBAYLhkuFy8ZEBguGC4ZEBguGC4ZEBgQGBAYEBkQFjAYEBkuFTEYLhkuFQANBQ==",
        "24": "JgB4AGgAASwWMBkQGBAYEBgQGRAYEBgQGBAZLhUTFhIXERkQGBAYEBguGS0YLhkuGBAYLhkQGC4YLhUUGBAYEBgQGRAYEBgQGQ8ZEBgQGBAYEBkQGBAYLhUyGC4YEBgvGC4VExkPGRAYEBYSFTIYEBguGS4UMhguFQANBQ==",
        "25": "JgB4AGsAASsWMRgQGBAZEBgQGBAYEBkQGBAYLhgQGRAYLhguFjEYLhkQGC4WMBYxGBAYLhkQGC4YLhkQGBAWEhcRFxIUFBQUFRMXEhQUFBQWMBkQFBQWMBUyFTEYEBUyGC4YEBkQGBAYEBgQGS4YEBguGS4YLhguFgANBQ==",
        "26": "JgB4AGwAASkZLhUTGBAYEBkQGBAYEBgQGQ8ZLhgQGBAZLhUxGC8YLhgQGS4VMRguFhMYLhYSGS4VMRgQGRAYEBYSFhIVFBQUFBQUFBUUFBQUFBQyGRAYLhguGS4YEBUxFjEVExgQGRAYEBgQGC4WExguGC4ZLhUxFQANBQ==",
        "27": "JgB4AG8AAScVMhgQGBAZEBgQGBAYEBkQGBAYLhgQGRAYEBguFzAYLhgQGS4YLhUxGRAYLhUTGS4YLhgQGRAYEBgQGBAZEBgQGBAYEBkQGBAYLhUxFhMYLhkuGC4YEBkuGC4YEBkQGBAYEBgQGS4YEBguGS4YLhUxFQANBQ==",
        "28": "JgB4AGkAASsWMRQUGBAYEBkQGBAYEBgQGRAYLhYSGBAZLhguFjEVMRgQGS4VMRguGRAYLhgQGS4VMRkPGRAYEBgQGBAZEBgQGBAYEBkQGBAYEBgQFTIVMRguGS4VExguGS4YEBgQFhMWEhQUFjAZEBguGC4WMRguEwANBQ==",
        "29": "JgB4AGoAASoWMRYSFhIWEhYTFRMWEhUTFRQUMhUTFhIWExUxFjAWMRYSFjAWMRYwFxEWMRUTFjAWMRYSFhIXEhQUFhIWEhUUFBQUFBUUFhIWMRUTFjAWMRYwFjEVExYwFjEVExcRFhIWExUTFjAWEhYxFTEWMRUxEgANBQ==",
        "30": "JgB4AGgAASsVMRkQGBAYEBgQGRAYEBgQGBAZLhQUGBAYEBkuFDIZLhQUGC4ZLhQyFRMZLhgQGC4VMhgQGBAZDxkQGBAYEBcRFxIWEhYSFRMWExcwGC4VMhguGC4ZEBguFTEVFBgQGBAYEBkQGC4YEBkuGC4VMRcwEQANBQ=="
      },
      "auto": {
        "18": "JgB4AGgAASUaMhkQGBAYEBgQGRAYEBgQGBAYLxgQFhIWEhcwFBQYEBgvFDIYLhUyFBQYLhkQGC4VMRUUGBAWEhYSGRAYEBgQGBAXEhQUFhIVExcwFBQYEBgvFBQYEBgQGS4UFBgQGBAWExgQGC4ZEBguFDIZLhQyFQANBQ==",
        "19": "JgB4AGkAASsVLxsQGBAYEBgQGRAYEBgQGBAZLhQUGBAYLxgQGBAYEBkuGC4YLhkuFBQYLhYTGC4VMhQUGBAYEBkQGBAYEBgQGQ8ZEBgQGBAYLxguGBAZDxUyFBQYEBkQGC4UFBkPGRAYEBgQGC8YEBguGC4VMhguEgANBQ==",
        "20": "JgB4AGsAAS0ZLhgQGBAYEBkQGBAYEBgQGRAYLhgQGBAZEBguFRMZEBguGC4ZLhQyGBAZLhgQGC4ZLhgQGBAZEBgQGBAYEBkPGRAYEBgQGBAXEhQUFDIVExkuFBQYEBkQGC4YEBkPGRAYEBgQGC8YEBguGS4YLhUxEgANBQ==",
        "21": "JgB4AGoAASwWMBcSFhIVExgQFxIWEhcRGBAYLxQUFRMVMRgRFhIYEBcwFjAWMBcwFhIVMRgRFTEWMBcSFxEXERcSFhIWEhcRGBAXEhYSFxEXLxcSFTEWEhUyFhIVExUTFTIWEhUTFRQUFBcRGC4VFBcwFjAXMBcvFAANBQ==",
        "22": "JgB4AGoAAS0WMBYSFhMVExUTFhIVFBUTFhIWMBUUFhIWMBYTFhIXERcvFzAUMhcwFBQXLxUTFzAUMhUTFRQXERcRFxIWEhYSFxEXERgRFxEXERcvFTIUFBYwFRQXERcRFzAUFBcRFxEXEhcRFy8VExgvFDIXMBQyFAANBQ==",
        "23": "JgB4AGoAASwXLRgSFhMXERYSFxEVFBUTFRMWMBYTFRMWEhUTFRQWEhcvFjEVMRUxFxIXLxUTFjEXLxcRFxEWExcRFRMYEBYTFRMVExgQGBEYLhguFjEYEBUxGBEYEBgQGC8VExgQGBAYEBUUGC4WEhkuFTEWMRUxEgANBQ==",
        "24": "JgB4AGwAASgYLxcRFRMVFBQUFRMVExUUFBQVMRgQFRQUFBUxFRMVFBQyFTEYLxcvGBEUMhYSFTIWMBUTFRQUFBUTFRMVExUUFBQVExcRFxIXERcRGBAXMBQyFxIWEhYSFTEXERUUFBQVExUTFTIXERUxFzAXLxUyEwANBQ==",
        "25": "JgB4AGoAASwWMBgQGBEWEhcRFxEXEhYSFhIXLxgRFBQVMRUUFBQVExUxFTIXLxgvFxEVMRcSFDIVMRYTFhIWEhYSFxIWEhcRFRMWExYSFRMXLxcSFxEXLxcwFxEXERcRFzAWEhcRFxEYERcRFy8VExgvFDIYLxQyEgANBQ==",
        "26": "JgB4AG0AASkVMRUUGBAYEBkQGBAYEBcRGBAZLhQUGBAZLhQUGBAXERkuGC4YLxQyGBAZLhgQGC4VMhgQGBAYEBkQGBAYEBgQGRAWEhgQGBAZEBQyGBAXLxkuGBAVExcSFjAYEBkPGRAYEBgQGS4UFBguFTIUMhUxEgANBQ==",
        "27": "JgB4AGkAASoVMhgQGBAZEBgQGBAWEhcSFhIWMBUTGRAYEBYSFxEXEhYwFDIVMhQyFRMZLhQUGC4ZLhQUGBAZEBgQGBAYEBkQGBAUFBUTFRQUMhguGQ8ZLhg1DhQYEBgQGC4ZEBgQGBAYEBkQGC4YEBgvGC4YLhUyEQANBQ==",
        "28": "JgB4AGwAASkUMhgQGRAYEBcRGBAYEBkQGBAYLhYTGBAYLhgQGRAYEBguFTIUMhUxGRAYLhUTGS4YLhkPGRAYEBQUFRQUFBQUFBQVExUUFBQUFBgRFy8ZLhguFRQYEBgQGC4VFBgQGBAXERcSFjAYEBgvFDIVMRkuFQANBQ==",
        "29": "JgB4AGkAAS0VMhQUGBAYEBkQGBAYEBcRGRAYLhcRGBAZEBgQGBAYEBkuGC4YLhkuGBAVMhgQGC4ZLhQUGBAYEBkQGBAYEBcRGQ8ZEBgQFxEYLxQUGC4ZLhQyFRMZEBgQGC4YEBkQGBAYEBgQGS4UFBguFTIYLhktEgANBQ==",
        "30": "JgB4AG4AASkVMhQUGBAXERYTGBAUFBcSFxEXMBQUGBAXERgRFxEXERYwFTIUMhYxFBQVMRYTFTEXLxcSFBQVExUTFRQUFBUTFRMVFBYSFhIVExgvFy8YLhgvFRMXERUUFjAXERcRFxIWEhcRGC8XERguFzAXLxUxEgANBQ=="
      }
    },
    "heat_cool": {
      "low": {
        "18": "JgB4AGwAASgVMhgQGBIYEBgQFRQVExQUFRMVMhgQFBQVFBYSFRMVExgwFTIWMhguFRMZLhgQGC4VMhQUGBAZDxkQGBAYERgQGQ8ZEBgQGBAYLhUUGBAYLhkuFxEYLhUyFBQXERkQFxEVFBcRFy8YERcvFy8YLxQyEgANBQ==",
        "19": "JgB4AGwAASgVMhgQGBIYEBgQFRQVExQUFRMVMhgQFBQVFBYSFRMVExgwFTIWMhguFRMZLhgQGC4VMhQUGBAZDxkQGBAYERgQGQ8ZEBgQGBAYLhUUGBAYLhkuFxEYLhUyFBQXERkQFxEVFBcRFy8YERcvFy8YLxQyEgANBQ==",
        "20": "JgB4AGwAASgVMhgQGBIYEBgQFRQVExQUFRMVMhgQFBQVFBYSFRMVExgwFTIWMhguFRMZLhgQGC4VMhQUGBAZDxkQGBAYERgQGQ8ZEBgQGBAYLhUUGBAYLhkuFxEYLhUyFBQXERkQFxEVFBcRFy8YERcvFy8YLxQyEgANBQ==",
        "21": "JgB4AGwAASgVMhgQGBIYEBgQFRQVExQUFRMVMhgQFBQVFBYSFRMVExgwFTIWMhguFRMZLhgQGC4VMhQUGBAZDxkQGBAYERgQGQ8ZEBgQGBAYLhUUGBAYLhkuFxEYLhUyFBQXERkQFxEVFBcRFy8YERcvFy8YLxQyEgANBQ==",
        "22": "JgB4AGwAASgVMhgQGBIYEBgQFRQVExQUFRMVMhgQFBQVFBYSFRMVExgwFTIWMhguFRMZLhgQGC4VMhQUGBAZDxkQGBAYERgQGQ8ZEBgQGBAYLhUUGBAYLhkuFxEYLhUyFBQXERkQFxEVFBcRFy8YERcvFy8YLxQyEgANBQ==",
        "23": "JgB4AGwAASgVMhgQGBIYEBgQFRQVExQUFRMVMhgQFBQVFBYSFRMVExgwFTIWMhguFRMZLhgQGC4VMhQUGBAZDxkQGBAYERgQGQ8ZEBgQGBAYLhUUGBAYLhkuFxEYLhUyFBQXERkQFxEVFBcRFy8YERcvFy8YLxQyEgANBQ==",
        "24": "JgB4AGwAASgVMhgQGBIYEBgQFRQVExQUFRMVMhgQFBQVFBYSFRMVExgwFTIWMhguFRMZLhgQGC4VMhQUGBAZDxkQGBAYERgQGQ8ZEBgQGBAYLhUUGBAYLhkuFxEYLhUyFBQXERkQFxEVFBcRFy8YERcvFy8YLxQyEgANBQ==",
        "25": "JgB4AGwAASgVMhgQGBIYEBgQFRQVExQUFRMVMhgQFBQVFBYSFRMVExgwFTIWMhguFRMZLhgQGC4VMhQUGBAZDxkQGBAYERgQGQ8ZEBgQGBAYLhUUGBAYLhkuFxEYLhUyFBQXERkQFxEVFBcRFy8YERcvFy8YLxQyEgANBQ==",
        "26": "JgB4AGwAASgVMhgQGBIYEBgQFRQVExQUFRMVMhgQFBQVFBYSFRMVExgwFTIWMhguFRMZLhgQGC4VMhQUGBAZDxkQGBAYERgQGQ8ZEBgQGBAYLhUUGBAYLhkuFxEYLhUyFBQXERkQFxEVFBcRFy8YERcvFy8YLxQyEgANBQ==",
        "27": "JgB4AGwAASgVMhgQGBIYEBgQFRQVExQUFRMVMhgQFBQVFBYSFRMVExgwFTIWMhguFRMZLhgQGC4VMhQUGBAZDxkQGBAYERgQGQ8ZEBgQGBAYLhUUGBAYLhkuFxEYLhUyFBQXERkQFxEVFBcRFy8YERcvFy8YLxQyEgANBQ==",
        "28": "JgB4AGwAASgVMhgQGBIYEBgQFRQVExQUFRMVMhgQFBQVFBYSFRMVExgwFTIWMhguFRMZLhgQGC4VMhQUGBAZDxkQGBAYERgQGQ8ZEBgQGBAYLhUUGBAYLhkuFxEYLhUyFBQXERkQFxEVFBcRFy8YERcvFy8YLxQyEgANBQ==",
        "29": "JgB4AGwAASgVMhgQGBIYEBgQFRQVExQUFRMVMhgQFBQVFBYSFRMVExgwFTIWMhguFRMZLhgQGC4VMhQUGBAZDxkQGBAYERgQGQ8ZEBgQGBAYLhUUGBAYLhkuFxEYLhUyFBQXERkQFxEVFBcRFy8YERcvFy8YLxQyEgANBQ==",
        "30": "JgB4AGwAASgVMhgQGBIYEBgQFRQVExQUFRMVMhgQFBQVFBYSFRMVExgwFTIWMhguFRMZLhgQGC4VMhQUGBAZDxkQGBAYERgQGQ8ZEBgQGBAYLhUUGBAYLhkuFxEYLhUyFBQXERkQFxEVFBcRFy8YERcvFy8YLxQyEgANBQ=="
      },
      "mid": {
        "18": "JgB4AGwAASgVMhgQGBIYEBgQFRQVExQUFRMVMhgQFBQVFBYSFRMVExgwFTIWMhguFRMZLhgQGC4VMhQUGBAZDxkQGBAYERgQGQ8ZEBgQGBAYLhUUGBAYLhkuFxEYLhUyFBQXERkQFxEVFBcRFy8YERcvFy8YLxQyEgANBQ==",
        "19": "JgB4AGwAASgVMhgQGBIYEBgQFRQVExQUFRMVMhgQFBQVFBYSFRMVExgwFTIWMhguFRMZLhgQGC4VMhQUGBAZDxkQGBAYERgQGQ8ZEBgQGBAYLhUUGBAYLhkuFxEYLhUyFBQXERkQFxEVFBcRFy8YERcvFy8YLxQyEgANBQ==",
        "20": "JgB4AGwAASgVMhgQGBIYEBgQFRQVExQUFRMVMhgQFBQVFBYSFRMVExgwFTIWMhguFRMZLhgQGC4VMhQUGBAZDxkQGBAYERgQGQ8ZEBgQGBAYLhUUGBAYLhkuFxEYLhUyFBQXERkQFxEVFBcRFy8YERcvFy8YLxQyEgANBQ==",
        "21": "JgB4AGwAASgVMhgQGBIYEBgQFRQVExQUFRMVMhgQFBQVFBYSFRMVExgwFTIWMhguFRMZLhgQGC4VMhQUGBAZDxkQGBAYERgQGQ8ZEBgQGBAYLhUUGBAYLhkuFxEYLhUyFBQXERkQFxEVFBcRFy8YERcvFy8YLxQyEgANBQ==",
        "22": "JgB4AGwAASgVMhgQGBIYEBgQFRQVExQUFRMVMhgQFBQVFBYSFRMVExgwFTIWMhguFRMZLhgQGC4VMhQUGBAZDxkQGBAYERgQGQ8ZEBgQGBAYLhUUGBAYLhkuFxEYLhUyFBQXERkQFxEVFBcRFy8YERcvFy8YLxQyEgANBQ==",
        "23": "JgB4AGwAASgVMhgQGBIYEBgQFRQVExQUFRMVMhgQFBQVFBYSFRMVExgwFTIWMhguFRMZLhgQGC4VMhQUGBAZDxkQGBAYERgQGQ8ZEBgQGBAYLhUUGBAYLhkuFxEYLhUyFBQXERkQFxEVFBcRFy8YERcvFy8YLxQyEgANBQ==",
        "24": "JgB4AGwAASgVMhgQGBIYEBgQFRQVExQUFRMVMhgQFBQVFBYSFRMVExgwFTIWMhguFRMZLhgQGC4VMhQUGBAZDxkQGBAYERgQGQ8ZEBgQGBAYLhUUGBAYLhkuFxEYLhUyFBQXERkQFxEVFBcRFy8YERcvFy8YLxQyEgANBQ==",
        "25": "JgB4AGwAASgVMhgQGBIYEBgQFRQVExQUFRMVMhgQFBQVFBYSFRMVExgwFTIWMhguFRMZLhgQGC4VMhQUGBAZDxkQGBAYERgQGQ8ZEBgQGBAYLhUUGBAYLhkuFxEYLhUyFBQXERkQFxEVFBcRFy8YERcvFy8YLxQyEgANBQ==",
        "26": "JgB4AGwAASgVMhgQGBIYEBgQFRQVExQUFRMVMhgQFBQVFBYSFRMVExgwFTIWMhguFRMZLhgQGC4VMhQUGBAZDxkQGBAYERgQGQ8ZEBgQGBAYLhUUGBAYLhkuFxEYLhUyFBQXERkQFxEVFBcRFy8YERcvFy8YLxQyEgANBQ==",
        "27": "JgB4AGwAASgVMhgQGBIYEBgQFRQVExQUFRMVMhgQFBQVFBYSFRMVExgwFTIWMhguFRMZLhgQGC4VMhQUGBAZDxkQGBAYERgQGQ8ZEBgQGBAYLhUUGBAYLhkuFxEYLhUyFBQXERkQFxEVFBcRFy8YERcvFy8YLxQyEgANBQ==",
        "28": "JgB4AGwAASgVMhgQGBIYEBgQFRQVExQUFRMVMhgQFBQVFBYSFRMVExgwFTIWMhguFRMZLhgQGC4VMhQUGBAZDxkQGBAYERgQGQ8ZEBgQGBAYLhUUGBAYLhkuFxEYLhUyFBQXERkQFxEVFBcRFy8YERcvFy8YLxQyEgANBQ==",
        "29": "JgB4AGwAASgVMhgQGBIYEBgQFRQVExQUFRMVMhgQFBQVFBYSFRMVExgwFTIWMhguFRMZLhgQGC4VMhQUGBAZDxkQGBAYERgQGQ8ZEBgQGBAYLhUUGBAYLhkuFxEYLhUyFBQXERkQFxEVFBcRFy8YERcvFy8YLxQyEgANBQ==",
        "30": "JgB4AGwAASgVMhgQGBIYEBgQFRQVExQUFRMVMhgQFBQVFBYSFRMVExgwFTIWMhguFRMZLhgQGC4VMhQUGBAZDxkQGBAYERgQGQ8ZEBgQGBAYLhUUGBAYLhkuFxEYLhUyFBQXERkQFxEVFBcRFy8YERcvFy8YLxQyEgANBQ=="
      },
      "high": {
        "18": "JgB4AGwAASgVMhgQGBIYEBgQFRQVExQUFRMVMhgQFBQVFBYSFRMVExgwFTIWMhguFRMZLhgQGC4VMhQUGBAZDxkQGBAYERgQGQ8ZEBgQGBAYLhUUGBAYLhkuFxEYLhUyFBQXERkQFxEVFBcRFy8YERcvFy8YLxQyEgANBQ==",
        "19": "JgB4AGwAASgVMhgQGBIYEBgQFRQVExQUFRMVMhgQFBQVFBYSFRMVExgwFTIWMhguFRMZLhgQGC4VMhQUGBAZDxkQGBAYERgQGQ8ZEBgQGBAYLhUUGBAYLhkuFxEYLhUyFBQXERkQFxEVFBcRFy8YERcvFy8YLxQyEgANBQ==",
        "20": "JgB4AGwAASgVMhgQGBIYEBgQFRQVExQUFRMVMhgQFBQVFBYSFRMVExgwFTIWMhguFRMZLhgQGC4VMhQUGBAZDxkQGBAYERgQGQ8ZEBgQGBAYLhUUGBAYLhkuFxEYLhUyFBQXERkQFxEVFBcRFy8YERcvFy8YLxQyEgANBQ==",
        "21": "JgB4AGwAASgVMhgQGBIYEBgQFRQVExQUFRMVMhgQFBQVFBYSFRMVExgwFTIWMhguFRMZLhgQGC4VMhQUGBAZDxkQGBAYERgQGQ8ZEBgQGBAYLhUUGBAYLhkuFxEYLhUyFBQXERkQFxEVFBcRFy8YERcvFy8YLxQyEgANBQ==",
        "22": "JgB4AGwAASgVMhgQGBIYEBgQFRQVExQUFRMVMhgQFBQVFBYSFRMVExgwFTIWMhguFRMZLhgQGC4VMhQUGBAZDxkQGBAYERgQGQ8ZEBgQGBAYLhUUGBAYLhkuFxEYLhUyFBQXERkQFxEVFBcRFy8YERcvFy8YLxQyEgANBQ==",
        "23": "JgB4AGwAASgVMhgQGBIYEBgQFRQVExQUFRMVMhgQFBQVFBYSFRMVExgwFTIWMhguFRMZLhgQGC4VMhQUGBAZDxkQGBAYERgQGQ8ZEBgQGBAYLhUUGBAYLhkuFxEYLhUyFBQXERkQFxEVFBcRFy8YERcvFy8YLxQyEgANBQ==",
        "24": "JgB4AGwAASgVMhgQGBIYEBgQFRQVExQUFRMVMhgQFBQVFBYSFRMVExgwFTIWMhguFRMZLhgQGC4VMhQUGBAZDxkQGBAYERgQGQ8ZEBgQGBAYLhUUGBAYLhkuFxEYLhUyFBQXERkQFxEVFBcRFy8YERcvFy8YLxQyEgANBQ==",
        "25": "JgB4AGwAASgVMhgQGBIYEBgQFRQVExQUFRMVMhgQFBQVFBYSFRMVExgwFTIWMhguFRMZLhgQGC4VMhQUGBAZDxkQGBAYERgQGQ8ZEBgQGBAYLhUUGBAYLhkuFxEYLhUyFBQXERkQFxEVFBcRFy8YERcvFy8YLxQyEgANBQ==",
        "26": "JgB4AGwAASgVMhgQGBIYEBgQFRQVExQUFRMVMhgQFBQVFBYSFRMVExgwFTIWMhguFRMZLhgQGC4VMhQUGBAZDxkQGBAYERgQGQ8ZEBgQGBAYLhUUGBAYLhkuFxEYLhUyFBQXERkQFxEVFBcRFy8YERcvFy8YLxQyEgANBQ==",
        "27": "JgB4AGwAASgVMhgQGBIYEBgQFRQVExQUFRMVMhgQFBQVFBYSFRMVExgwFTIWMhguFRMZLhgQGC4VMhQUGBAZDxkQGBAYERgQGQ8ZEBgQGBAYLhUUGBAYLhkuFxEYLhUyFBQXERkQFxEVFBcRFy8YERcvFy8YLxQyEgANBQ==",
        "28": "JgB4AGwAASgVMhgQGBIYEBgQFRQVExQUFRMVMhgQFBQVFBYSFRMVExgwFTIWMhguFRMZLhgQGC4VMhQUGBAZDxkQGBAYERgQGQ8ZEBgQGBAYLhUUGBAYLhkuFxEYLhUyFBQXERkQFxEVFBcRFy8YERcvFy8YLxQyEgANBQ==",
        "29": "JgB4AGwAASgVMhgQGBIYEBgQFRQVExQUFRMVMhgQFBQVFBYSFRMVExgwFTIWMhguFRMZLhgQGC4VMhQUGBAZDxkQGBAYERgQGQ8ZEBgQGBAYLhUUGBAYLhkuFxEYLhUyFBQXERkQFxEVFBcRFy8YERcvFy8YLxQyEgANBQ==",
        "30": "JgB4AGwAASgVMhgQGBIYEBgQFRQVExQUFRMVMhgQFBQVFBYSFRMVExgwFTIWMhguFRMZLhgQGC4VMhQUGBAZDxkQGBAYERgQGQ8ZEBgQGBAYLhUUGBAYLhkuFxEYLhUyFBQXERkQFxEVFBcRFy8YERcvFy8YLxQyEgANBQ=="
      },
      "auto": {
        "18": "JgB4AGwAASgVMhgQGBIYEBgQFRQVExQUFRMVMhgQFBQVFBYSFRMVExgwFTIWMhguFRMZLhgQGC4VMhQUGBAZDxkQGBAYERgQGQ8ZEBgQGBAYLhUUGBAYLhkuFxEYLhUyFBQXERkQFxEVFBcRFy8YERcvFy8YLxQyEgANBQ==",
        "19": "JgB4AGwAASgVMhgQGBIYEBgQFRQVExQUFRMVMhgQFBQVFBYSFRMVExgwFTIWMhguFRMZLhgQGC4VMhQUGBAZDxkQGBAYERgQGQ8ZEBgQGBAYLhUUGBAYLhkuFxEYLhUyFBQXERkQFxEVFBcRFy8YERcvFy8YLxQyEgANBQ==",
        "20": "JgB4AGwAASgVMhgQGBIYEBgQFRQVExQUFRMVMhgQFBQVFBYSFRMVExgwFTIWMhguFRMZLhgQGC4VMhQUGBAZDxkQGBAYERgQGQ8ZEBgQGBAYLhUUGBAYLhkuFxEYLhUyFBQXERkQFxEVFBcRFy8YERcvFy8YLxQyEgANBQ==",
        "21": "JgB4AGwAASgVMhgQGBIYEBgQFRQVExQUFRMVMhgQFBQVFBYSFRMVExgwFTIWMhguFRMZLhgQGC4VMhQUGBAZDxkQGBAYERgQGQ8ZEBgQGBAYLhUUGBAYLhkuFxEYLhUyFBQXERkQFxEVFBcRFy8YERcvFy8YLxQyEgANBQ==",
        "22": "JgB4AGwAASgVMhgQGBIYEBgQFRQVExQUFRMVMhgQFBQVFBYSFRMVExgwFTIWMhguFRMZLhgQGC4VMhQUGBAZDxkQGBAYERgQGQ8ZEBgQGBAYLhUUGBAYLhkuFxEYLhUyFBQXERkQFxEVFBcRFy8YERcvFy8YLxQyEgANBQ==",
        "23": "JgB4AGwAASgVMhgQGBIYEBgQFRQVExQUFRMVMhgQFBQVFBYSFRMVExgwFTIWMhguFRMZLhgQGC4VMhQUGBAZDxkQGBAYERgQGQ8ZEBgQGBAYLhUUGBAYLhkuFxEYLhUyFBQXERkQFxEVFBcRFy8YERcvFy8YLxQyEgANBQ==",
        "24": "JgB4AGwAASgVMhgQGBIYEBgQFRQVExQUFRMVMhgQFBQVFBYSFRMVExgwFTIWMhguFRMZLhgQGC4VMhQUGBAZDxkQGBAYERgQGQ8ZEBgQGBAYLhUUGBAYLhkuFxEYLhUyFBQXERkQFxEVFBcRFy8YERcvFy8YLxQyEgANBQ==",
        "25": "JgB4AGwAASgVMhgQGBIYEBgQFRQVExQUFRMVMhgQFBQVFBYSFRMVExgwFTIWMhguFRMZLhgQGC4VMhQUGBAZDxkQGBAYERgQGQ8ZEBgQGBAYLhUUGBAYLhkuFxEYLhUyFBQXERkQFxEVFBcRFy8YERcvFy8YLxQyEgANBQ==",
        "26": "JgB4AGwAASgVMhgQGBIYEBgQFRQVExQUFRMVMhgQFBQVFBYSFRMVExgwFTIWMhguFRMZLhgQGC4VMhQUGBAZDxkQGBAYERgQGQ8ZEBgQGBAYLhUUGBAYLhkuFxEYLhUyFBQXERkQFxEVFBcRFy8YERcvFy8YLxQyEgANBQ==",
        "27": "JgB4AGwAASgVMhgQGBIYEBgQFRQVExQUFRMVMhgQFBQVFBYSFRMVExgwFTIWMhguFRMZLhgQGC4VMhQUGBAZDxkQGBAYERgQGQ8ZEBgQGBAYLhUUGBAYLhkuFxEYLhUyFBQXERkQFxEVFBcRFy8YERcvFy8YLxQyEgANBQ==",
        "28": "JgB4AGwAASgVMhgQGBIYEBgQFRQVExQUFRMVMhgQFBQVFBYSFRMVExgwFTIWMhguFRMZLhgQGC4VMhQUGBAZDxkQGBAYERgQGQ8ZEBgQGBAYLhUUGBAYLhkuFxEYLhUyFBQXERkQFxEVFBcRFy8YERcvFy8YLxQyEgANBQ==",
        "29": "JgB4AGwAASgVMhgQGBIYEBgQFRQVExQUFRMVMhgQFBQVFBYSFRMVExgwFTIWMhguFRMZLhgQGC4VMhQUGBAZDxkQGBAYERgQGQ8ZEBgQGBAYLhUUGBAYLhkuFxEYLhUyFBQXERkQFxEVFBcRFy8YERcvFy8YLxQyEgANBQ==",
        "30": "JgB4AGwAASgVMhgQGBIYEBgQFRQVExQUFRMVMhgQFBQVFBYSFRMVExgwFTIWMhguFRMZLhgQGC4VMhQUGBAZDxkQGBAYERgQGQ8ZEBgQGBAYLhUUGBAYLhkuFxEYLhUyFBQXERkQFxEVFBcRFy8YERcvFy8YLxQyEgANBQ=="
      }
    },
    "dry": {
      "low": {
        "18": "JgB4AGoAAS0YLhkQGBAYEBgQFxIXERYSFxEXMBgQGBAXERcwGBAYEBkuFDIYLhUyFBQYLxgQGC4ZLhQUGBAYEBkQGBAYEBgQGRAYEBgQGBAZDxkuFxEXERcwGBAYEBUUFBQVMRgQGRAYEBgQGC4ZEBguGC4ZLhQyFQANBQ==",
        "19": "JgB4AGoAASsUMhgQGBAZEBgQGBAYEBkQGBAWMBkPFRQUMhcRGRAYEBguGC8UMhUxGRAYLhUTGS4YLhUTGRAYEBgQGBAVFBQVGA8ZEBgQGRAYLhguGRAYEBguFRMZEBgQGBAYLhUUFhIYEBkPGS4YEBguGS4UMhUyFQANBQ==",
        "20": "JgB4AGkAAS0YLhUUGBAYEBgQGRAYEBgQGBAZLhgQGBAYEBkuGBAYEBkuGC4VMRkuGBAYLhUUGC4VMhgQGBAYEBkQGBAYEBkPGRAYEBgQGBAYEBkQGC4YEBkuFBQYEBUTFRQUMhgQGBAZEBYSFjAZEBguFDIZLhUxEQANBQ==",
        "21": "JgB4AG0AASkWMRgQFRMWEhcSFhIUFBcRFxIWMBgQGQ8ZLhUTFRMXEhYwFjAWMRUxGBAZLhQUGC4WMRgQGBAZEBgQGBAYEBkQGBAYEBgQGBAZLhgQGC4ZEBQyFhIZEBgQFBQXLxkQFhIWEhYSFzAVExguGS4UMhgvFQANBQ==",
        "22": "JgB4AGoAASsWMBkQGBAYEBgQGRAYEBYSFxEXMBgQGBAYLxUTGBAYEBkuGC4YLhYxGBAYLxQUGC4YLxUTGBAYEBkQGBAUFBgQFRQUFRgQGBAYEBgvGC4VExcwFBQYEBgQGRAYLhcRGRAYEBgQFjAZEBguFjAZLhUxEgANBQ==",
        "23": "JgB4AGkAASsUMhUUGBAYEBgQGRAYEBgQGBAZLhQUGBAYEBkQGBAYEBguGC8YLhkuFBQYLhkQGC4UMhUUGBAYEBgQFhMYEBgQFxEXEhYSFxEXLxkuGC4VFBUxGBAYEBcSFhIXLxUTGRAYEBgQGC8UFBguGS4YLhguFQANBQ==",
        "24": "JgB4AGgAAS4UMhUTGRAYEBQUGBAZDxkQGBAVMRYTGBAYEBguFRQYEBguGS4YLhguFhMYLhgQGS4YLhUTGRAYEBgQFxEXEhYSFBQXERcSFBQVExUTFRQUMhguGRAYEBYSGBAXMBgQGBAYEBkQGC4YEBgvGC4YLhUyEgANBQ==",
        "25": "JgB4AGkAAS0VMRUUGBAYEBgQGRAYEBgQGBAZLhgQGBAYLxQUGBAXERcwGC4YLhUyFBQYLxQUGC4YLxgQGBAYEBkQGBAYEBgQGQ8ZEBgQGBAYLxQUFhIXLxkuGBAYEBkQGBAYLhkPGRAYEBgQGC8YEBguGC4VMhguEgANBQ==",
        "26": "JgB4AGkAAS0VMRUUGBAYEBgQGRAYEBgQGBAZLhQUGBAYLxgQGBAYEBkuGC4YLhkuGBAYLhkQGC4YLxQUGBAYEBkQGBAYEBgQGQ8ZEBgQGBAYEBkuGBAYLhUyFBQYEBkQGBAYLhcRGRAYEBgQGC8UFBguGS4YLhUxFQANBQ==",
        "27": "JgB4AGkAASsUMhQUGBAZEBgQGBAYEBcSFhIWMBgQGRAYEBQUFRQUFBQyFTEZLhguGBAZLhQUGC4ZLhQUGBAZEBgQGBAXERcSFhIWEhYSFxIWMBguFRQYLhQyGRAWEhYSFRMXMBQUGBAYEBkQGC4YEBkuGC4YLhkuEQANBQ==",
        "28": "JgB4AGkAAS4YLhgQGBAWExgQFBQYEBcSFhIWMBgQFRQUMh4KGBAZEBguGC4VMhgvGBAYLhgQGC4ZLhUTGBAZEBgQGBAVFBUTGRAYEBgQGBAZEBgPGS4VMhQyFRMZEBgQFBQWMBkQGBAYEBgQGS4YEBguFTIUMhgvEQANBQ==",
        "29": "JgB4AG0AASgVMRgQGRAYEBQUFRMVFBQUFBQVMRkQGBAYEBgQGRAYEBguGC4ZLhQyGRAYLhgQGS4YLhgQGRAYEBgQGBAYEBkQGBAYEBgQFxIWMBgQGS4VMRguFRQYEBgQFxEVMhgQGBAZDxkQGC4VExkuGC4YLxguFAANBQ==",
        "30": "JgB4AGgAASsUMhkQGBAWEhcRFxEXEhYSFhIXLxUUGBAYEBkPGRAYEBguGS4UMhUyFBQYLhkPGS4YLhkQGBAYEBgQGQ8ZEBgQGBAYEBkQGBAYEBguFTIUMhUyGBAYEBgQGRAYLhgQGRAYEBgQGC4VFBguFTEZLhguEQANBQ=="
      },
      "mid": {
        "18": "JgB4AGoAAS0YLhkQGBAYEBgQFxIXERYSFxEXMBgQGBAXERcwGBAYEBkuFDIYLhUyFBQYLxgQGC4ZLhQUGBAYEBkQGBAYEBgQGRAYEBgQGBAZDxkuFxEXERcwGBAYEBUUFBQVMRgQGRAYEBgQGC4ZEBguGC4ZLhQyFQANBQ==",
        "19": "JgB4AGoAASsUMhgQGBAZEBgQGBAYEBkQGBAWMBkPFRQUMhcRGRAYEBguGC8UMhUxGRAYLhUTGS4YLhUTGRAYEBgQGBAVFBQVGA8ZEBgQGRAYLhguGRAYEBguFRMZEBgQGBAYLhUUFhIYEBkPGS4YEBguGS4UMhUyFQANBQ==",
        "20": "JgB4AGkAAS0YLhUUGBAYEBgQGRAYEBgQGBAZLhgQGBAYEBkuGBAYEBkuGC4VMRkuGBAYLhUUGC4VMhgQGBAYEBkQGBAYEBkPGRAYEBgQGBAYEBkQGC4YEBkuFBQYEBUTFRQUMhgQGBAZEBYSFjAZEBguFDIZLhUxEQANBQ==",
        "21": "JgB4AG0AASkWMRgQFRMWEhcSFhIUFBcRFxIWMBgQGQ8ZLhUTFRMXEhYwFjAWMRUxGBAZLhQUGC4WMRgQGBAZEBgQGBAYEBkQGBAYEBgQGBAZLhgQGC4ZEBQyFhIZEBgQFBQXLxkQFhIWEhYSFzAVExguGS4UMhgvFQANBQ==",
        "22": "JgB4AGoAASsWMBkQGBAYEBgQGRAYEBYSFxEXMBgQGBAYLxUTGBAYEBkuGC4YLhYxGBAYLxQUGC4YLxUTGBAYEBkQGBAUFBgQFRQUFRgQGBAYEBgvGC4VExcwFBQYEBgQGRAYLhcRGRAYEBgQFjAZEBguFjAZLhUxEgANBQ==",
        "23": "JgB4AGkAASsUMhUUGBAYEBgQGRAYEBgQGBAZLhQUGBAYEBkQGBAYEBguGC8YLhkuFBQYLhkQGC4UMhUUGBAYEBgQFhMYEBgQFxEXEhYSFxEXLxkuGC4VFBUxGBAYEBcSFhIXLxUTGRAYEBgQGC8UFBguGS4YLhguFQANBQ==",
        "24": "JgB4AGgAAS4UMhUTGRAYEBQUGBAZDxkQGBAVMRYTGBAYEBguFRQYEBguGS4YLhguFhMYLhgQGS4YLhUTGRAYEBgQFxEXEhYSFBQXERcSFBQVExUTFRQUMhguGRAYEBYSGBAXMBgQGBAYEBkQGC4YEBgvGC4YLhUyEgANBQ==",
        "25": "JgB4AGkAAS0VMRUUGBAYEBgQGRAYEBgQGBAZLhgQGBAYLxQUGBAXERcwGC4YLhUyFBQYLxQUGC4YLxgQGBAYEBkQGBAYEBgQGQ8ZEBgQGBAYLxQUFhIXLxkuGBAYEBkQGBAYLhkPGRAYEBgQGC8YEBguGC4VMhguEgANBQ==",
        "26": "JgB4AGkAAS0VMRUUGBAYEBgQGRAYEBgQGBAZLhQUGBAYLxgQGBAYEBkuGC4YLhkuGBAYLhkQGC4YLxQUGBAYEBkQGBAYEBgQGQ8ZEBgQGBAYEBkuGBAYLhUyFBQYEBkQGBAYLhcRGRAYEBgQGC8UFBguGS4YLhUxFQANBQ==",
        "27": "JgB4AGkAASsUMhQUGBAZEBgQGBAYEBcSFhIWMBgQGRAYEBQUFRQUFBQyFTEZLhguGBAZLhQUGC4ZLhQUGBAZEBgQGBAXERcSFhIWEhYSFxIWMBguFRQYLhQyGRAWEhYSFRMXMBQUGBAYEBkQGC4YEBkuGC4YLhkuEQANBQ==",
        "28": "JgB4AGkAAS4YLhgQGBAWExgQFBQYEBcSFhIWMBgQFRQUMh4KGBAZEBguGC4VMhgvGBAYLhgQGC4ZLhUTGBAZEBgQGBAVFBUTGRAYEBgQGBAZEBgPGS4VMhQyFRMZEBgQFBQWMBkQGBAYEBgQGS4YEBguFTIUMhgvEQANBQ==",
        "29": "JgB4AG0AASgVMRgQGRAYEBQUFRMVFBQUFBQVMRkQGBAYEBgQGRAYEBguGC4ZLhQyGRAYLhgQGS4YLhgQGRAYEBgQGBAYEBkQGBAYEBgQFxIWMBgQGS4VMRguFRQYEBgQFxEVMhgQGBAZDxkQGC4VExkuGC4YLxguFAANBQ==",
        "30": "JgB4AGgAASsUMhkQGBAWEhcRFxEXEhYSFhIXLxUUGBAYEBkPGRAYEBguGS4UMhUyFBQYLhkPGS4YLhkQGBAYEBgQGQ8ZEBgQGBAYEBkQGBAYEBguFTIUMhUyGBAYEBgQGRAYLhgQGRAYEBgQGC4VFBguFTEZLhguEQANBQ=="
      },
      "high": {
        "18": "JgB4AGoAAS0YLhkQGBAYEBgQFxIXERYSFxEXMBgQGBAXERcwGBAYEBkuFDIYLhUyFBQYLxgQGC4ZLhQUGBAYEBkQGBAYEBgQGRAYEBgQGBAZDxkuFxEXERcwGBAYEBUUFBQVMRgQGRAYEBgQGC4ZEBguGC4ZLhQyFQANBQ==",
        "19": "JgB4AGoAASsUMhgQGBAZEBgQGBAYEBkQGBAWMBkPFRQUMhcRGRAYEBguGC8UMhUxGRAYLhUTGS4YLhUTGRAYEBgQGBAVFBQVGA8ZEBgQGRAYLhguGRAYEBguFRMZEBgQGBAYLhUUFhIYEBkPGS4YEBguGS4UMhUyFQANBQ==",
        "20": "JgB4AGkAAS0YLhUUGBAYEBgQGRAYEBgQGBAZLhgQGBAYEBkuGBAYEBkuGC4VMRkuGBAYLhUUGC4VMhgQGBAYEBkQGBAYEBkPGRAYEBgQGBAYEBkQGC4YEBkuFBQYEBUTFRQUMhgQGBAZEBYSFjAZEBguFDIZLhUxEQANBQ==",
        "21": "JgB4AG0AASkWMRgQFRMWEhcSFhIUFBcRFxIWMBgQGQ8ZLhUTFRMXEhYwFjAWMRUxGBAZLhQUGC4WMRgQGBAZEBgQGBAYEBkQGBAYEBgQGBAZLhgQGC4ZEBQyFhIZEBgQFBQXLxkQFhIWEhYSFzAVExguGS4UMhgvFQANBQ==",
        "22": "JgB4AGoAASsWMBkQGBAYEBgQGRAYEBYSFxEXMBgQGBAYLxUTGBAYEBkuGC4YLhYxGBAYLxQUGC4YLxUTGBAYEBkQGBAUFBgQFRQUFRgQGBAYEBgvGC4VExcwFBQYEBgQGRAYLhcRGRAYEBgQFjAZEBguFjAZLhUxEgANBQ==",
        "23": "JgB4AGkAASsUMhUUGBAYEBgQGRAYEBgQGBAZLhQUGBAYEBkQGBAYEBguGC8YLhkuFBQYLhkQGC4UMhUUGBAYEBgQFhMYEBgQFxEXEhYSFxEXLxkuGC4VFBUxGBAYEBcSFhIXLxUTGRAYEBgQGC8UFBguGS4YLhguFQANBQ==",
        "24": "JgB4AGgAAS4UMhUTGRAYEBQUGBAZDxkQGBAVMRYTGBAYEBguFRQYEBguGS4YLhguFhMYLhgQGS4YLhUTGRAYEBgQFxEXEhYSFBQXERcSFBQVExUTFRQUMhguGRAYEBYSGBAXMBgQGBAYEBkQGC4YEBgvGC4YLhUyEgANBQ==",
        "25": "JgB4AGkAAS0VMRUUGBAYEBgQGRAYEBgQGBAZLhgQGBAYLxQUGBAXERcwGC4YLhUyFBQYLxQUGC4YLxgQGBAYEBkQGBAYEBgQGQ8ZEBgQGBAYLxQUFhIXLxkuGBAYEBkQGBAYLhkPGRAYEBgQGC8YEBguGC4VMhguEgANBQ==",
        "26": "JgB4AGkAAS0VMRUUGBAYEBgQGRAYEBgQGBAZLhQUGBAYLxgQGBAYEBkuGC4YLhkuGBAYLhkQGC4YLxQUGBAYEBkQGBAYEBgQGQ8ZEBgQGBAYEBkuGBAYLhUyFBQYEBkQGBAYLhcRGRAYEBgQGC8UFBguGS4YLhUxFQANBQ==",
        "27": "JgB4AGkAASsUMhQUGBAZEBgQGBAYEBcSFhIWMBgQGRAYEBQUFRQUFBQyFTEZLhguGBAZLhQUGC4ZLhQUGBAZEBgQGBAXERcSFhIWEhYSFxIWMBguFRQYLhQyGRAWEhYSFRMXMBQUGBAYEBkQGC4YEBkuGC4YLhkuEQANBQ==",
        "28": "JgB4AGkAAS4YLhgQGBAWExgQFBQYEBcSFhIWMBgQFRQUMh4KGBAZEBguGC4VMhgvGBAYLhgQGC4ZLhUTGBAZEBgQGBAVFBUTGRAYEBgQGBAZEBgPGS4VMhQyFRMZEBgQFBQWMBkQGBAYEBgQGS4YEBguFTIUMhgvEQANBQ==",
        "29": "JgB4AG0AASgVMRgQGRAYEBQUFRMVFBQUFBQVMRkQGBAYEBgQGRAYEBguGC4ZLhQyGRAYLhgQGS4YLhgQGRAYEBgQGBAYEBkQGBAYEBgQFxIWMBgQGS4VMRguFRQYEBgQFxEVMhgQGBAZDxkQGC4VExkuGC4YLxguFAANBQ==",
        "30": "JgB4AGgAASsUMhkQGBAWEhcRFxEXEhYSFhIXLxUUGBAYEBkPGRAYEBguGS4UMhUyFBQYLhkPGS4YLhkQGBAYEBgQGQ8ZEBgQGBAYEBkQGBAYEBguFTIUMhUyGBAYEBgQGRAYLhgQGRAYEBgQGC4VFBguFTEZLhguEQANBQ=="
      },
      "auto": {
        "18": "JgB4AGoAAS0YLhkQGBAYEBgQFxIXERYSFxEXMBgQGBAXERcwGBAYEBkuFDIYLhUyFBQYLxgQGC4ZLhQUGBAYEBkQGBAYEBgQGRAYEBgQGBAZDxkuFxEXERcwGBAYEBUUFBQVMRgQGRAYEBgQGC4ZEBguGC4ZLhQyFQANBQ==",
        "19": "JgB4AGoAASsUMhgQGBAZEBgQGBAYEBkQGBAWMBkPFRQUMhcRGRAYEBguGC8UMhUxGRAYLhUTGS4YLhUTGRAYEBgQGBAVFBQVGA8ZEBgQGRAYLhguGRAYEBguFRMZEBgQGBAYLhUUFhIYEBkPGS4YEBguGS4UMhUyFQANBQ==",
        "20": "JgB4AGkAAS0YLhUUGBAYEBgQGRAYEBgQGBAZLhgQGBAYEBkuGBAYEBkuGC4VMRkuGBAYLhUUGC4VMhgQGBAYEBkQGBAYEBkPGRAYEBgQGBAYEBkQGC4YEBkuFBQYEBUTFRQUMhgQGBAZEBYSFjAZEBguFDIZLhUxEQANBQ==",
        "21": "JgB4AG0AASkWMRgQFRMWEhcSFhIUFBcRFxIWMBgQGQ8ZLhUTFRMXEhYwFjAWMRUxGBAZLhQUGC4WMRgQGBAZEBgQGBAYEBkQGBAYEBgQGBAZLhgQGC4ZEBQyFhIZEBgQFBQXLxkQFhIWEhYSFzAVExguGS4UMhgvFQANBQ==",
        "22": "JgB4AGoAASsWMBkQGBAYEBgQGRAYEBYSFxEXMBgQGBAYLxUTGBAYEBkuGC4YLhYxGBAYLxQUGC4YLxUTGBAYEBkQGBAUFBgQFRQUFRgQGBAYEBgvGC4VExcwFBQYEBgQGRAYLhcRGRAYEBgQFjAZEBguFjAZLhUxEgANBQ==",
        "23": "JgB4AGkAASsUMhUUGBAYEBgQGRAYEBgQGBAZLhQUGBAYEBkQGBAYEBguGC8YLhkuFBQYLhkQGC4UMhUUGBAYEBgQFhMYEBgQFxEXEhYSFxEXLxkuGC4VFBUxGBAYEBcSFhIXLxUTGRAYEBgQGC8UFBguGS4YLhguFQANBQ==",
        "24": "JgB4AGgAAS4UMhUTGRAYEBQUGBAZDxkQGBAVMRYTGBAYEBguFRQYEBguGS4YLhguFhMYLhgQGS4YLhUTGRAYEBgQFxEXEhYSFBQXERcSFBQVExUTFRQUMhguGRAYEBYSGBAXMBgQGBAYEBkQGC4YEBgvGC4YLhUyEgANBQ==",
        "25": "JgB4AGkAAS0VMRUUGBAYEBgQGRAYEBgQGBAZLhgQGBAYLxQUGBAXERcwGC4YLhUyFBQYLxQUGC4YLxgQGBAYEBkQGBAYEBgQGQ8ZEBgQGBAYLxQUFhIXLxkuGBAYEBkQGBAYLhkPGRAYEBgQGC8YEBguGC4VMhguEgANBQ==",
        "26": "JgB4AGkAAS0VMRUUGBAYEBgQGRAYEBgQGBAZLhQUGBAYLxgQGBAYEBkuGC4YLhkuGBAYLhkQGC4YLxQUGBAYEBkQGBAYEBgQGQ8ZEBgQGBAYEBkuGBAYLhUyFBQYEBkQGBAYLhcRGRAYEBgQGC8UFBguGS4YLhUxFQANBQ==",
        "27": "JgB4AGkAASsUMhQUGBAZEBgQGBAYEBcSFhIWMBgQGRAYEBQUFRQUFBQyFTEZLhguGBAZLhQUGC4ZLhQUGBAZEBgQGBAXERcSFhIWEhYSFxIWMBguFRQYLhQyGRAWEhYSFRMXMBQUGBAYEBkQGC4YEBkuGC4YLhkuEQANBQ==",
        "28": "JgB4AGkAAS4YLhgQGBAWExgQFBQYEBcSFhIWMBgQFRQUMh4KGBAZEBguGC4VMhgvGBAYLhgQGC4ZLhUTGBAZEBgQGBAVFBUTGRAYEBgQGBAZEBgPGS4VMhQyFRMZEBgQFBQWMBkQGBAYEBgQGS4YEBguFTIUMhgvEQANBQ==",
        "29": "JgB4AG0AASgVMRgQGRAYEBQUFRMVFBQUFBQVMRkQGBAYEBgQGRAYEBguGC4ZLhQyGRAYLhgQGS4YLhgQGRAYEBgQGBAYEBkQGBAYEBgQFxIWMBgQGS4VMRguFRQYEBgQFxEVMhgQGBAZDxkQGC4VExkuGC4YLxguFAANBQ==",
        "30": "JgB4AGgAASsUMhkQGBAWEhcRFxEXEhYSFhIXLxUUGBAYEBkPGRAYEBguGS4UMhUyFBQYLhkPGS4YLhkQGBAYEBgQGQ8ZEBgQGBAYEBkQGBAYEBguFTIUMhUyGBAYEBgQGRAYLhgQGRAYEBgQGC4VFBguFTEZLhguEQANBQ=="
      }
    },
    "fan_only": {
      "low": {
        "18": "JgB4AGoAASwVMRkQGBAYEBgQGRAYEBgQGBAZLhgQGBAVMhUUGC4VMRkQFDIXLxUyGBAYLhgQGC4YLxgQGBAZDxkRFxEYEBgQGS4UMhguGS4UFBgQGRAYEBguGQ8ZLhcRGC4VMhgQGBAZEBgQGC4VExkuFDIZLhgwFQANBQ==",
        "19": "JgB4AGoAASwVMRkQGBAYEBgQGRAYEBgQGBAZLhgQGBAVMhUUGC4VMRkQFDIXLxUyGBAYLhgQGC4YLxgQGBAZDxkRFxEYEBgQGS4UMhguGS4UFBgQGRAYEBguGQ8ZLhcRGC4VMhgQGBAZEBgQGC4VExkuFDIZLhgwFQANBQ==",
        "20": "JgB4AGoAASwVMRkQGBAYEBgQGRAYEBgQGBAZLhgQGBAVMhUUGC4VMRkQFDIXLxUyGBAYLhgQGC4YLxgQGBAZDxkRFxEYEBgQGS4UMhguGS4UFBgQGRAYEBguGQ8ZLhcRGC4VMhgQGBAZEBgQGC4VExkuFDIZLhgwFQANBQ==",
        "21": "JgB4AGoAASwVMRkQGBAYEBgQGRAYEBgQGBAZLhgQGBAVMhUUGC4VMRkQFDIXLxUyGBAYLhgQGC4YLxgQGBAZDxkRFxEYEBgQGS4UMhguGS4UFBgQGRAYEBguGQ8ZLhcRGC4VMhgQGBAZEBgQGC4VExkuFDIZLhgwFQANBQ==",
        "22": "JgB4AGoAASwVMRkQGBAYEBgQGRAYEBgQGBAZLhgQGBAVMhUUGC4VMRkQFDIXLxUyGBAYLhgQGC4YLxgQGBAZDxkRFxEYEBgQGS4UMhguGS4UFBgQGRAYEBguGQ8ZLhcRGC4VMhgQGBAZEBgQGC4VExkuFDIZLhgwFQANBQ==",
        "23": "JgB4AGoAASwVMRkQGBAYEBgQGRAYEBgQGBAZLhgQGBAVMhUUGC4VMRkQFDIXLxUyGBAYLhgQGC4YLxgQGBAZDxkRFxEYEBgQGS4UMhguGS4UFBgQGRAYEBguGQ8ZLhcRGC4VMhgQGBAZEBgQGC4VExkuFDIZLhgwFQANBQ==",
        "24": "JgB4AGoAASwVMRkQGBAYEBgQGRAYEBgQGBAZLhgQGBAVMhUUGC4VMRkQFDIXLxUyGBAYLhgQGC4YLxgQGBAZDxkRFxEYEBgQGS4UMhguGS4UFBgQGRAYEBguGQ8ZLhcRGC4VMhgQGBAZEBgQGC4VExkuFDIZLhgwFQANBQ==",
        "25": "JgB4AGoAASwVMRkQGBAYEBgQGRAYEBgQGBAZLhgQGBAVMhUUGC4VMRkQFDIXLxUyGBAYLhgQGC4YLxgQGBAZDxkRFxEYEBgQGS4UMhguGS4UFBgQGRAYEBguGQ8ZLhcRGC4VMhgQGBAZEBgQGC4VExkuFDIZLhgwFQANBQ==",
        "26": "JgB4AGoAASwVMRkQGBAYEBgQGRAYEBgQGBAZLhgQGBAVMhUUGC4VMRkQFDIXLxUyGBAYLhgQGC4YLxgQGBAZDxkRFxEYEBgQGS4UMhguGS4UFBgQGRAYEBguGQ8ZLhcRGC4VMhgQGBAZEBgQGC4VExkuFDIZLhgwFQANBQ==",
        "27": "JgB4AGoAASwVMRkQGBAYEBgQGRAYEBgQGBAZLhgQGBAVMhUUGC4VMRkQFDIXLxUyGBAYLhgQGC4YLxgQGBAZDxkRFxEYEBgQGS4UMhguGS4UFBgQGRAYEBguGQ8ZLhcRGC4VMhgQGBAZEBgQGC4VExkuFDIZLhgwFQANBQ==",
        "28": "JgB4AGoAASwVMRkQGBAYEBgQGRAYEBgQGBAZLhgQGBAVMhUUGC4VMRkQFDIXLxUyGBAYLhgQGC4YLxgQGBAZDxkRFxEYEBgQGS4UMhguGS4UFBgQGRAYEBguGQ8ZLhcRGC4VMhgQGBAZEBgQGC4VExkuFDIZLhgwFQANBQ==",
        "29": "JgB4AGoAASwVMRkQGBAYEBgQGRAYEBgQGBAZLhgQGBAVMhUUGC4VMRkQFDIXLxUyGBAYLhgQGC4YLxgQGBAZDxkRFxEYEBgQGS4UMhguGS4UFBgQGRAYEBguGQ8ZLhcRGC4VMhgQGBAZEBgQGC4VExkuFDIZLhgwFQANBQ==",
        "30": "JgB4AGoAASwVMRkQGBAYEBgQGRAYEBgQGBAZLhgQGBAVMhUUGC4VMRkQFDIXLxUyGBAYLhgQGC4YLxgQGBAZDxkRFxEYEBgQGS4UMhguGS4UFBgQGRAYEBguGQ8ZLhcRGC4VMhgQGBAZEBgQGC4VExkuFDIZLhgwFQANBQ=="
      },
      "mid": {
        "18": "JgB4AGkAASwVMxgQGBAZDxkQGBAYEBkPGRAYLhgQGRAUMhUUGC8VMRQUFTEXMBguFRQYLhQUGS4VMRgQGRAYEBgQFBQXEhYSFjAVMRkuFDIVFBgQGBAYEBgvFBQYEBguFTIYLhkQGBAYEBgQGS4YEBguGS4YLhcvFQANBQ==",
        "19": "JgB4AGkAASwVMxgQGBAZDxkQGBAYEBkPGRAYLhgQGRAUMhUUGC8VMRQUFTEXMBguFRQYLhQUGS4VMRgQGRAYEBgQFBQXEhYSFjAVMRkuFDIVFBgQGBAYEBgvFBQYEBguFTIYLhkQGBAYEBgQGS4YEBguGS4YLhcvFQANBQ==",
        "20": "JgB4AGkAASwVMxgQGBAZDxkQGBAYEBkPGRAYLhgQGRAUMhUUGC8VMRQUFTEXMBguFRQYLhQUGS4VMRgQGRAYEBgQFBQXEhYSFjAVMRkuFDIVFBgQGBAYEBgvFBQYEBguFTIYLhkQGBAYEBgQGS4YEBguGS4YLhcvFQANBQ==",
        "21": "JgB4AGkAASwVMxgQGBAZDxkQGBAYEBkPGRAYLhgQGRAUMhUUGC8VMRQUFTEXMBguFRQYLhQUGS4VMRgQGRAYEBgQFBQXEhYSFjAVMRkuFDIVFBgQGBAYEBgvFBQYEBguFTIYLhkQGBAYEBgQGS4YEBguGS4YLhcvFQANBQ==",
        "22": "JgB4AGkAASwVMxgQGBAZDxkQGBAYEBkPGRAYLhgQGRAUMhUUGC8VMRQUFTEXMBguFRQYLhQUGS4VMRgQGRAYEBgQFBQXEhYSFjAVMRkuFDIVFBgQGBAYEBgvFBQYEBguFTIYLhkQGBAYEBgQGS4YEBguGS4YLhcvFQANBQ==",
        "23": "JgB4AGkAASwVMxgQGBAZDxkQGBAYEBkPGRAYLhgQGRAUMhUUGC8VMRQUFTEXMBguFRQYLhQUGS4VMRgQGRAYEBgQFBQXEhYSFjAVMRkuFDIVFBgQGBAYEBgvFBQYEBguFTIYLhkQGBAYEBgQGS4YEBguGS4YLhcvFQANBQ==",
        "24": "JgB4AGkAASwVMxgQGBAZDxkQGBAYEBkPGRAYLhgQGRAUMhUUGC8VMRQUFTEXMBguFRQYLhQUGS4VMRgQGRAYEBgQFBQXEhYSFjAVMRkuFDIVFBgQGBAYEBgvFBQYEBguFTIYLhkQGBAYEBgQGS4YEBguGS4YLhcvFQANBQ==",
        "25": "JgB4AGkAASwVMxgQGBAZDxkQGBAYEBkPGRAYLhgQGRAUMhUUGC8VMRQUFTEXMBguFRQYLhQUGS4VMRgQGRAYEBgQFBQXEhYSFjAVMRkuFDIVFBgQGBAYEBgvFBQYEBguFTIYLhkQGBAYEBgQGS4YEBguGS4YLhcvFQANBQ==",
        "26": "JgB4AGkAASwVMxgQGBAZDxkQGBAYEBkPGRAYLhgQGRAUMhUUGC8VMRQUFTEXMBguFRQYLhQUGS4VMRgQGRAYEBgQFBQXEhYSFjAVMRkuFDIVFBgQGBAYEBgvFBQYEBguFTIYLhkQGBAYEBgQGS4YEBguGS4YLhcvFQANBQ==",
        "27": "JgB4AGkAASwVMxgQGBAZDxkQGBAYEBkPGRAYLhgQGRAUMhUUGC8VMRQUFTEXMBguFRQYLhQUGS4VMRgQGRAYEBgQFBQXEhYSFjAVMRkuFDIVFBgQGBAYEBgvFBQYEBguFTIYLhkQGBAYEBgQGS4YEBguGS4YLhcvFQANBQ==",
        "28": "JgB4AGkAASwVMxgQGBAZDxkQGBAYEBkPGRAYLhgQGRAUMhUUGC8VMRQUFTEXMBguFRQYLhQUGS4VMRgQGRAYEBgQFBQXEhYSFjAVMRkuFDIVFBgQGBAYEBgvFBQYEBguFTIYLhkQGBAYEBgQGS4YEBguGS4YLhcvFQANBQ==",
        "29": "JgB4AGkAASwVMxgQGBAZDxkQGBAYEBkPGRAYLhgQGRAUMhUUGC8VMRQUFTEXMBguFRQYLhQUGS4VMRgQGRAYEBgQFBQXEhYSFjAVMRkuFDIVFBgQGBAYEBgvFBQYEBguFTIYLhkQGBAYEBgQGS4YEBguGS4YLhcvFQANBQ==",
        "30": "JgB4AGkAASwVMxgQGBAZDxkQGBAYEBkPGRAYLhgQGRAUMhUUGC8VMRQUFTEXMBguFRQYLhQUGS4VMRgQGRAYEBgQFBQXEhYSFjAVMRkuFDIVFBgQGBAYEBgvFBQYEBguFTIYLhkQGBAYEBgQGS4YEBguGS4YLhcvFQANBQ=="
      },
      "high": {
        "18": "JgB4AGwAASoUMxgQGBAYEBkQGBAYEBgQGRAYLhgQGBAYEhYSFjAZLhcSFjAUMhUyGBAYLhkQGC4YLhkQGBAYEBgQGRAYEBgQGC4ZLhQyFTIYEBYSFhIZEBguGC4ZEBguFTEZLhQUGBAZEBgQGC4VExkuFDIVMhcvEQANBQ==",
        "19": "JgB4AGwAASoUMxgQGBAYEBkQGBAYEBgQGRAYLhgQGBAYEhYSFjAZLhcSFjAUMhUyGBAYLhkQGC4YLhkQGBAYEBgQGRAYEBgQGC4ZLhQyFTIYEBYSFhIZEBguGC4ZEBguFTEZLhQUGBAZEBgQGC4VExkuFDIVMhcvEQANBQ==",
        "20": "JgB4AGwAASoUMxgQGBAYEBkQGBAYEBgQGRAYLhgQGBAYEhYSFjAZLhcSFjAUMhUyGBAYLhkQGC4YLhkQGBAYEBgQGRAYEBgQGC4ZLhQyFTIYEBYSFhIZEBguGC4ZEBguFTEZLhQUGBAZEBgQGC4VExkuFDIVMhcvEQANBQ==",
        "21": "JgB4AGwAASoUMxgQGBAYEBkQGBAYEBgQGRAYLhgQGBAYEhYSFjAZLhcSFjAUMhUyGBAYLhkQGC4YLhkQGBAYEBgQGRAYEBgQGC4ZLhQyFTIYEBYSFhIZEBguGC4ZEBguFTEZLhQUGBAZEBgQGC4VExkuFDIVMhcvEQANBQ==",
        "22": "JgB4AGwAASoUMxgQGBAYEBkQGBAYEBgQGRAYLhgQGBAYEhYSFjAZLhcSFjAUMhUyGBAYLhkQGC4YLhkQGBAYEBgQGRAYEBgQGC4ZLhQyFTIYEBYSFhIZEBguGC4ZEBguFTEZLhQUGBAZEBgQGC4VExkuFDIVMhcvEQANBQ==",
        "23": "JgB4AGwAASoUMxgQGBAYEBkQGBAYEBgQGRAYLhgQGBAYEhYSFjAZLhcSFjAUMhUyGBAYLhkQGC4YLhkQGBAYEBgQGRAYEBgQGC4ZLhQyFTIYEBYSFhIZEBguGC4ZEBguFTEZLhQUGBAZEBgQGC4VExkuFDIVMhcvEQANBQ==",
        "24": "JgB4AGwAASoUMxgQGBAYEBkQGBAYEBgQGRAYLhgQGBAYEhYSFjAZLhcSFjAUMhUyGBAYLhkQGC4YLhkQGBAYEBgQGRAYEBgQGC4ZLhQyFTIYEBYSFhIZEBguGC4ZEBguFTEZLhQUGBAZEBgQGC4VExkuFDIVMhcvEQANBQ==",
        "25": "JgB4AGwAASoUMxgQGBAYEBkQGBAYEBgQGRAYLhgQGBAYEhYSFjAZLhcSFjAUMhUyGBAYLhkQGC4YLhkQGBAYEBgQGRAYEBgQGC4ZLhQyFTIYEBYSFhIZEBguGC4ZEBguFTEZLhQUGBAZEBgQGC4VExkuFDIVMhcvEQANBQ==",
        "26": "JgB4AGwAASoUMxgQGBAYEBkQGBAYEBgQGRAYLhgQGBAYEhYSFjAZLhcSFjAUMhUyGBAYLhkQGC4YLhkQGBAYEBgQGRAYEBgQGC4ZLhQyFTIYEBYSFhIZEBguGC4ZEBguFTEZLhQUGBAZEBgQGC4VExkuFDIVMhcvEQANBQ==",
        "27": "JgB4AGwAASoUMxgQGBAYEBkQGBAYEBgQGRAYLhgQGBAYEhYSFjAZLhcSFjAUMhUyGBAYLhkQGC4YLhkQGBAYEBgQGRAYEBgQGC4ZLhQyFTIYEBYSFhIZEBguGC4ZEBguFTEZLhQUGBAZEBgQGC4VExkuFDIVMhcvEQANBQ==",
        "28": "JgB4AGwAASoUMxgQGBAYEBkQGBAYEBgQGRAYLhgQGBAYEhYSFjAZLhcSFjAUMhUyGBAYLhkQGC4YLhkQGBAYEBgQGRAYEBgQGC4ZLhQyFTIYEBYSFhIZEBguGC4ZEBguFTEZLhQUGBAZEBgQGC4VExkuFDIVMhcvEQANBQ==",
        "29": "JgB4AGwAASoUMxgQGBAYEBkQGBAYEBgQGRAYLhgQGBAYEhYSFjAZLhcSFjAUMhUyGBAYLhkQGC4YLhkQGBAYEBgQGRAYEBgQGC4ZLhQyFTIYEBYSFhIZEBguGC4ZEBguFTEZLhQUGBAZEBgQGC4VExkuFDIVMhcvEQANBQ==",
        "30": "JgB4AGwAASoUMxgQGBAYEBkQGBAYEBgQGRAYLhgQGBAYEhYSFjAZLhcSFjAUMhUyGBAYLhkQGC4YLhkQGBAYEBgQGRAYEBgQGC4ZLhQyFTIYEBYSFhIZEBguGC4ZEBguFTEZLhQUGBAZEBgQGC4VExkuFDIVMhcvEQANBQ=="
      },
      "auto": {
        "18": "JgB4AGwAASoUMxgQGBAYEBkQGBAYEBgQGRAYLhgQGBAYEhYSFjAZLhcSFjAUMhUyGBAYLhkQGC4YLhkQGBAYEBgQGRAYEBgQGC4ZLhQyFTIYEBYSFhIZEBguGC4ZEBguFTEZLhQUGBAZEBgQGC4VExkuFDIVMhcvEQANBQ==",
        "19": "JgB4AGwAASoUMxgQGBAYEBkQGBAYEBgQGRAYLhgQGBAYEhYSFjAZLhcSFjAUMhUyGBAYLhkQGC4YLhkQGBAYEBgQGRAYEBgQGC4ZLhQyFTIYEBYSFhIZEBguGC4ZEBguFTEZLhQUGBAZEBgQGC4VExkuFDIVMhcvEQANBQ==",
        "20": "JgB4AGwAASoUMxgQGBAYEBkQGBAYEBgQGRAYLhgQGBAYEhYSFjAZLhcSFjAUMhUyGBAYLhkQGC4YLhkQGBAYEBgQGRAYEBgQGC4ZLhQyFTIYEBYSFhIZEBguGC4ZEBguFTEZLhQUGBAZEBgQGC4VExkuFDIVMhcvEQANBQ==",
        "21": "JgB4AGwAASoUMxgQGBAYEBkQGBAYEBgQGRAYLhgQGBAYEhYSFjAZLhcSFjAUMhUyGBAYLhkQGC4YLhkQGBAYEBgQGRAYEBgQGC4ZLhQyFTIYEBYSFhIZEBguGC4ZEBguFTEZLhQUGBAZEBgQGC4VExkuFDIVMhcvEQANBQ==",
        "22": "JgB4AGwAASoUMxgQGBAYEBkQGBAYEBgQGRAYLhgQGBAYEhYSFjAZLhcSFjAUMhUyGBAYLhkQGC4YLhkQGBAYEBgQGRAYEBgQGC4ZLhQyFTIYEBYSFhIZEBguGC4ZEBguFTEZLhQUGBAZEBgQGC4VExkuFDIVMhcvEQANBQ==",
        "23": "JgB4AGwAASoUMxgQGBAYEBkQGBAYEBgQGRAYLhgQGBAYEhYSFjAZLhcSFjAUMhUyGBAYLhkQGC4YLhkQGBAYEBgQGRAYEBgQGC4ZLhQyFTIYEBYSFhIZEBguGC4ZEBguFTEZLhQUGBAZEBgQGC4VExkuFDIVMhcvEQANBQ==",
        "24": "JgB4AGwAASoUMxgQGBAYEBkQGBAYEBgQGRAYLhgQGBAYEhYSFjAZLhcSFjAUMhUyGBAYLhkQGC4YLhkQGBAYEBgQGRAYEBgQGC4ZLhQyFTIYEBYSFhIZEBguGC4ZEBguFTEZLhQUGBAZEBgQGC4VExkuFDIVMhcvEQANBQ==",
        "25": "JgB4AGwAASoUMxgQGBAYEBkQGBAYEBgQGRAYLhgQGBAYEhYSFjAZLhcSFjAUMhUyGBAYLhkQGC4YLhkQGBAYEBgQGRAYEBgQGC4ZLhQyFTIYEBYSFhIZEBguGC4ZEBguFTEZLhQUGBAZEBgQGC4VExkuFDIVMhcvEQANBQ==",
        "26": "JgB4AGwAASoUMxgQGBAYEBkQGBAYEBgQGRAYLhgQGBAYEhYSFjAZLhcSFjAUMhUyGBAYLhkQGC4YLhkQGBAYEBgQGRAYEBgQGC4ZLhQyFTIYEBYSFhIZEBguGC4ZEBguFTEZLhQUGBAZEBgQGC4VExkuFDIVMhcvEQANBQ==",
        "27": "JgB4AGwAASoUMxgQGBAYEBkQGBAYEBgQGRAYLhgQGBAYEhYSFjAZLhcSFjAUMhUyGBAYLhkQGC4YLhkQGBAYEBgQGRAYEBgQGC4ZLhQyFTIYEBYSFhIZEBguGC4ZEBguFTEZLhQUGBAZEBgQGC4VExkuFDIVMhcvEQANBQ==",
        "28": "JgB4AGwAASoUMxgQGBAYEBkQGBAYEBgQGRAYLhgQGBAYEhYSFjAZLhcSFjAUMhUyGBAYLhkQGC4YLhkQGBAYEBgQGRAYEBgQGC4ZLhQyFTIYEBYSFhIZEBguGC4ZEBguFTEZLhQUGBAZEBgQGC4VExkuFDIVMhcvEQANBQ==",
        "29": "JgB4AGwAASoUMxgQGBAYEBkQGBAYEBgQGRAYLhgQGBAYEhYSFjAZLhcSFjAUMhUyGBAYLhkQGC4YLhkQGBAYEBgQGRAYEBgQGC4ZLhQyFTIYEBYSFhIZEBguGC4ZEBguFTEZLhQUGBAZEBgQGC4VExkuFDIVMhcvEQANBQ==",
        "30": "JgB4AGwAASoUMxgQGBAYEBkQGBAYEBgQGRAYLhgQGBAYEhYSFjAZLhcSFjAUMhUyGBAYLhkQGC4YLhkQGBAYEBgQGRAYEBgQGC4ZLhQyFTIYEBYSFhIZEBguGC4ZEBguFTEZLhQUGBAZEBgQGC4VExkuFDIVMhcvEQANBQ=="
      }
    }
  }
}
