{
   "manufacturer":"Kolin",
   "supportedModels":[
      "RC-M7B1 (remote)",
      "KSA-D201",
      "KSA-D252",
      "KSA-D562",
      "KSA-D912",
      "KSA-D202",
      "KSA-D322",
      "KSA-D632",
      "KSA-20D",
      "KSA-D362",
      "KSA-D682",
      "KSA-25D",
      "KSA-D452",
      "KSA-D782"
   ],
   "commandsEncoding":"Base64",
   "supportedController":"Broadlink",
   "minTemperature":25,
   "maxTemperature":31,
   "precision":1,
   "operationModes":[
      "cool"
   ],
   "fanModes":[
      "auto",
      "high",
      "low"
   ],
   "swingModes":[
      "auto",
      "top",
      "bottom"
   ],
   "commands":{
      "off":"JgCIAAABJrITNhITFDQUNRMUExQTNBQTFBMTNRMVEhUTMxQWEhQTFBMUFTIUNhIUExQUNBMVEhUSFRQTFBQTNRMSFDcRFhITFBMUFBkNFRMTFBMVFBUQFhMzFDYSFREWETYTFBQ0EhYRFhEVExQTFRIVFBMTFhEWEhQSFhIUExQTFxEVERUSFRMADQU",
      "cool":{
         "auto":{
            "auto":{
               "25":"JgCIAAABI7MUNRQSEzUUMxQUFBQSNRMUExUSNhIVEhUSNxEVEhUTFBMUEzYSNRIVEjcRFRMUExQVMxUSFDQSFhMTEzUTExQUFBURFRIVExQTFBMVEhYRFhIWETQUNBQTFBQTNRI1ExUSFBQVEhQTFhEUFBQTFBQTFRIUExUTExUTFBMTFRMVEhEADQU",
               "26":"JgCIAAABJrMTNBUUEjUSNRQTExQUNBUSExQUNBMVExYRNBQVExQTExQTFTMTNhMTFDMUFRMTFBQVEhM0EzYSFRMTEzUTFBQTExUTFRMTFBQUExMVExMTFBUzExYSNBMUFBIVNRMzFBMVFBIUFBMUFBQTExQTFBQUExQTFBMWExMTFRIUExMVExIADQU",
               "27":"JgCIAAABJbITNBQTFDUSNRQTExUSNRQTExUTNBMUFBMUNBUTExQUExMUFjMTMxUTEzUSFRMUExQTNRQzFDQUExMUFTQTEhUUFBMTFBMWEhUSFBMUExQUExUTExQVNBIUFBMTNBUzFBQUExMYFxEUFBMVFBIVEhUTExMVExUSFRMTGBQUFBMUFBEADQU",
               "28":"JgCIAAABJbMTNRMVEjYSNxIVERQTNhEXERYSNBMVFBITNRMVEhUSFhIWETUTNhEXEjQSFBMVExQTFRMUFBMSNxQTEjUSFRQSFBUSFBMUExYSFhITFBMTFhMzFTMUFBQTEhYRNRQzFBQTFRIWERQUFRIWERQTFhIVEhcQFhEVExQUFBIYERYSExIADQU",
               "29":"JgCIAAABJbMTNBMXEDcRNhMUExQSNRQTFBURNhMTExYSNRQTExUSFBIWEjUTNhMUEzYRFBIWExQSNhMUEhUSNBYSFDUSFBQTExQUExQUExUSFRMWERQVFBEVEzQTFRIVEhUTNRI2EhUSFxMSExUSFRIVExUSFRMWEhMUFRAVExUTFBMZEhYRFBMADQU",
               "30":"JgCIAAABJbMTNBQUFTMTMxQVExQUMxQVERYRNRMVEhQVNBMSFhQTExQTEzUTNRMTFTMTFRQUEhUSFBQTFBQTFBM2EjYRFBUTFBURFBMVExQTFRIUFBQVFBI1EzMTFRI1FDMVEhUzFBUSFBQYExMUFBQTExQUExUUEhQTFBQTFBQTFRIUFRIUFBIADQU",
               "31":"JgCIAAABI7QTMxQUEzYTNBIUExUSNhMUEhcRNRIVFBIUNBUSFBQTFRIVEjUUNBMWETUTFRIVEhYTNREUExQUFRMzFDYSFBUSExUSFBMUExYUERQVEhQTFRIVEjUTFhE3ETUTFBM2EhQTFhEWERUTFBQUEhUSFRMTFRQSFBQUEhYSFBMVEhUSFBIADQU"
            },
            "top":{
               "25":"JgCIAAABKa8UMxYSFTIVMxQTFRMUNBMTFRMUMxUUFBIVMhUTFBMUExYyFRIUFBUTEzMUFBUSFRMTNBQTFDQUExQTFDQUExUUExIVExQUExMVExQTFRIUExQ0FDMWEhUzFBMUMxYyFRMTExUXFBMUFBQTFBMUExUSFRMUExQTFhEVExUSFBQTEhYADQU",
               "26":"JgCIAAABKLAUMxQTFTMUNBQTFBUSNBQUExQUMxQTFBUTMxQUFBMUExQ0FBMUExQTFTMUFBQSFRMUExQ0FDQUEhUTFDMVFBMTFBQUEhQUFBMVEhYRFRMVEhQTFDQUExUzFBMUMxUzFBMVExQUExMUExQUFBMUExQUFBQTExQUExQTFBQVFhIUEhQADQU",
               "27":"JgCIAAABKLAUNRMTFDMVMxQUFBIVNBQSFRMUNBQTFBMUMxUTFBMUExQ0FBMUExQUFDMUFRQSFBMVMxUyFTMUExUSFTMWEhcTFBMUFBQTFRIVExQSFRMUExUzFBQVERQ0FRMTNBQ1ExIVExQTFhEUExYSFBMVEhUSFRMUExQTFRIVExcTFRMUEhUADQU",
               "28":"JgCIAAABKK4XMhQTFDUTMxUTFBMUNBQUExMVMxQTFBMVMxQTFBMVExQ1ExQTExQTFDQUExQTFBMVExQTFBUTNBUSEzQUExUSFRIVExQTFBQTExUTFBMUExQTFhMTExQ0FBMUMxUzFBMVExQUExQTExUTFRMUExQTFBMUFBUSFBMUExYSFBMUEhUADQU",
               "29":"JgCIAAABKK8VMxUTFDMVNRIUExQUMxQTFRMUMxQVExMUMxUTFBMUFBQzFBMUExUTFDQUEhUTFBMUNRMTFBMUNBQUFDMUExQVEhMVExQTFRIUExUTFBMUExQ1EzQUMxYRFhIUMxUzFBMUExUTFhMUExQTFBMWEhQTFBMUExUSFRMUExUSFBQUEhUADQU",
               "30":"JgCIAAABKK8VMxUTFDMVMxQUExMWMhQTFRIWMhQTFRMUMxYSFBMUExQ0FBMUExQTFDQUExYSFBMUExUSFRMUExQzFTQTExUTFBMUExQTFRMVExMTFhEUExUTFBMUExUSFRMUMxUzFBMVEhUTFBQTExQUFBMUExQUExMVExQTFBMVEhUTFBMUEhUADQU",
               "31":"JgCIAAABKa4VMxUTFDMUNRMTFRIVMxQTFRMVMhQUFBMUNRMTFRIUExUzFBMUFBQTFDMVEhUTFBMUNBQTFBMUExQ0FDQUExQTFBMVExQUExMUExUTFBQTExQ0FDMVMxQ0FTIUFBQzFBMVExQTFBMVExQTFBQUExMTFRMUExQTFBMUFBQTFBMWERYADQU"
            },
            "bottom":{
               "25":"JgCIAAABKa8VMhUTFTMUMxYRFRIVMxcQFRIWMxQSFhMUMhUSFhIVEhUzFRIVMhYSFjIVEhQTFRMVMhUTEzQVEhQTFTMWERQTFTMUNBUSFRIVEhYSFRIUFBQSFhMUMhUTFRIVMhUzFRIVEhYSFRIVEhUSFhIVEhUSFRIWEhUSFRIXERUSFhIVERUADQU",
               "26":"JgCIAAABKLAVMxUSFTIWMhYRFhIVMxQSFRQVMRYTFBIVMxUSFhEVEhQ0FhMTNBQSFTMVEhQTFRIWEhU0EzMVEhQTFjMUExMUFjITNBUTFBQTFBQSFRIVFBUxFTMVEhUSFhEWMhQ0FRIXExYRFRIUFBUSFRIVEhUTFBMVEhYRGhIVEhUSFRIWERUADQU",
               "27":"JgCIAAABKLAVMhYSFjEVMxUTFBIWMhUSFBMWMhUSFRMVNBMSFhMUExM1FREVMxUSFTIWEhUSFRIVMxUzFTIVEhYSFjEVExUTFDIWMhUSFxAWEhUSFRIXEhQTFDQTExUTFREVMxQ1FBMUEhcSFBEWEhUSFRIVEhUTFRIWERUSGBQUEhUSFhIVERUADQU",
               "28":"JgCIAAABKa8VMhUSFjQTNBQSFRMUMxUTExQVMhYRFRIWMhUSFRMVExM0FRIVMhYSFTIWEhQTFRIXERUSFRMTNBQTFDQUFBQSFTQTNBQSFRMVEhUSFRQUEhUyFRIWEhUSFhEVMxYzExMVEhUYFRIVExQSFhEXEBUTFhEVEhUSFhIVFhYUFBIVEhQADQU",
               "29":"JgCIAAABKLAVMxQSFjIVMxUSFRIVMxUSFBMVMxYRFRIWMhYTExMXERMzFxEVMxYSFDIXEBUTFRIVMxUSFBMWMxMTFTQUEhQTFTMUMxYSFRMUEhUSFhIVEhUSFRIWEhUSFhEVMxUyFRMVExURFxAXERUSFRIVEhYRFhIVEhUSFRIVFBQTFBIWERUADQU",
               "30":"JgCIAAABJ7AVMhcRFTIWMhcQFRIWMhUTFRIVMhYSFRIVNBQSFRMUEhUzFRIVMxUSFTMWERYRFRIVExUSFRIVEhUzFTMVExQSFTMVMhQUFRIVEhQVFBIVEhUyFhIVEhUzFTMUEhYyFBMWEhUSFRIVEhUTFRIVExUTFBIVEhUSFRMTExcSFREVEhQADQU",
               "31":"JgCIAAABKbEVMhQSFTMUMxUTFRIVMxUSFRIVMxUSFRQUMhUSFRIWEhUzFRIVMhUTFTIVEhcQFxEVMhUTFRIVEhUzFTIWEhYRFjIVMhUUExMWERUSFRIWEhUSFRIVEhUzFDUUExQyFhIVEhQTFRIWEhYRFRIVEhYSFRIVExQSFRQTExUSFRMUExUADQU"
            }
         },
         "high":{
            "auto":{
               "25":"JgCIAAABKK8WMhUTFDMWMhQTFBQUMxQTFRMUMxQTFRQTExUSFBMVMxQUFDMVMxQTFTMUExYUExMWMhQTFTMUExQTFDQUExQTFhEVExQTFBMUExYSFBMUExQTFDQUNBUTEzQUNBUyFDQVExMTFBMWERUUExQUEhQTFRMUExQTFBMUFBQUExMUExUADQU",
               "26":"JgCIAAABJ7AWMhQTFTMUNBQTFBMVMxQTFBMVMxYSExMVExQTFBMUNBQTFDQUMxQUFDMUExcTFBMUExQ1EzQUEhUTFTIVExQTFBMUFBMUFBMUExQTFRMUFBMzFhMUMxQTFTMUNBQzFTQTFBMVExMVEhQTFBQUFBMTFBMVFBMTGBMVEhUTFBMUEhcADQU",
               "27":"JgCEABYzFBQTNBQzFRMVFBI0FBMUFBQzFRIUFBMTFRMUExYyFBMUMxYyFBUTNBMVFRIWExMzFTMUNBQTFBMUNBQTFBMWEhQTFBQTExQTFBQUExQTFBMWExMzFBUTMxQ0FTIVMxQTFRIVExQTFBMUExUTFBMUExUTFBMXExYSFBMUExQSFQANBQAAAAA",
               "28":"JgCIAAABJ7AUNBQTFDMUNBYRFhMTMxUSFRMVMhUTFBMVFBMSFRMUMxQTFTQUMxQTFDQUExYTFBQTExUTFBMUMxUTFDMVFBMTFRIVEhUTFBQTExQTFhIUFBMzFTMUExUTFDMVMxQ0FDMVEhUTFRIUExUSFBQUExUSFBMVExUSFBMUExUTFRIVERUADQU",
               "29":"JgCIAAABKLAUMxYSFDQTNRMTFBQTNRMTFBMWMhYSExMUFBQTFBMUNRMTFTMVMhUTFTIVExUUFBQTNBQTFBMUNBUSFDMVExQTFBMUExUTFRIUExQUFBMUExYRFDQUExUTFDMUNBUzEzQUFRIUExQUExQTFBMVExQUExMUExQTFRMUExQTFRIWERUADQU",
               "30":"JgCIAAABKK8WMRUTFTIVMxYRFBQUMxQTFRMUNRIUFBQTExQTFRMUMxYRFTQTNBQTFDQWERcTFBMUFRQRFRMUExQ1EzMVExUSFBMUExQTFBQUExQTFhMTExQzFjIUExQ0FBMUNRM1EzMUExUTFBMUFBMTFBMWEhQUExMVEhUTFRIVEhUSFRMUExQADQU",
               "31":"JgCIAAABKLAUNBQTFjMTMxUTFRIUNBUSFBMUNBUSFBMUExQVExMVMhUTFDMUNBQUFDMUExgTExMUExUTFBMUExYzEzMVExQTFRIUExUTFBMVEhUTFRIUExQ1FDMUExQzFBMUNBQ0FDMUFBQTFBMVEhUUExMUExQTFBQUExQUExMVExUSFBMVERUADQU"
            },
            "top":{
               "25":"JgCIAAABJ7AVMxUTEzQUNBQTFBMUNBQTFBQTNBQTFBMVExQTFBMUNBUyFRMUExQTFDQVEhQTFBQUMxQTFTMUExUTFDMVEhUUFRIUFBQSFBQUFBMTFBMVEhUzFDQUExQ0FDMVNBMsHDMVFBMTFRMTExUTFBQTExQTFBMWEhQUFxMVFBQSFBMVEhUADQU",
               "26":"JgCIAAABKK8VNBQTFDQVMhUTFBQTNBQTFBMUNBQTFBMUExYSFBMUMxU0FBIVFBMUFDMVEhQTFBMUFBUzFDMVEhQTFjIUFBUSFhEVExUSFBMUExYSFBMVEhUSFTQTFBQzFDQVMhUzFDQUFBMUFBIVExQTFBMVEhQUFBMUExQTFRQTExQTFBQTExQADQU",
               "27":"JgCIAAABJ68XMhUTFDMVMhYSFRIWMxQSFRIUNBQTFRMVEhUSFRIUNBUyFBQVExURFTMUExQTFBMWMhUzFjEWEhUTEzMVExUSFhEVEhYSFRIVFBMTFBMUExQ0FRMUFBM0FDMUNBQ1EzMUExUTFBMUFBMTFhMTFBMTFBMWEhUSGhMTExQTFBMUExQADQU",
               "28":"JgCIAAABKa4WMhUTFDMVMxQTFRIVMxYRFRMUMxUTFBMUFRITFBMVMxUzFBQTExQUFDQUFBQSFRIUExUSFRMUMxUTFDMUExUTFBMUFBQSFRMUExQTFBMVExQTFhEUFRI0FDUTMxUzFDQUExQTFBMUFBQUExMUExUTFBMUFBMTFBMVExQXFRMUExUADQU",
               "29":"JgCIAAABJrEUMxUTFDMVMxQTFBMVMxYRFRMUMxQUFBMUExQUFBIWMhUzFBMUExUUEzMUExYSFBMVMxQTFBMVMxQUEzQVEhQUFBMVEhUTFBMWEhMTFRMUExQ1FDIVMxQTFjIUMxQ0FDUUEhQTFBMUFBQTFBMUExUTFBMUExQTGRMVEhQTFBQUEhUADQU",
               "30":"JgCIAAABJ7AWMxMTFDQUNBQTFBMUNBQVFBEVMxQTFRIVExQTFBMUNBQzFRMUExQTFDUTExQTFhMTFBMTFhIVERU0EzQVEhQTFRMUExUSFRIUExYSFBQTFBQSFRMUExQUEzUTMxUzFTMUExQTFRQTExQTFBMVEhUTFBMUExQTFhIUExQUExMVEhUADQU",
               "31":"JgCIAAABKK8VMxUTFDQVMxMTFhIUMxQUFRIWMRUTFRIUExQTFRMUMxYyFBMUExUTFDMWExMTFBQUMxQTFBMWERQ0FTMUExUUFBIVEhUTFRIUExQTFRMUExQ1FDIUNRM1ExQTNBUyFDQUExUSFBMVExQTFBMVEhUTFBMVEhUSGRMUExQTFRMUEhUADQU"
            },
            "bottom":{
               "25":"JgCIAAABKK8VNBQUEzQVMhUSFRMUMxYTExMUMxUTFBMUExUSFRMUNBM0FRIWMhYRFDQUExYTFBMVMxQTFDQUExUTEzQUExQTFBQUExQTFhEVExQTFRMTExUzFjIVNBMTFjIUNBQ1EzMUExUTFBMUExQVEhMVFBQSFBMUExUTFBMUExQTFBQUEhUADQU",
               "26":"JgCIAAABKLETNBUSFTMUNRMTFBMUNBQTFRIWMhQTFBMUExUUExMUNRQyFBQUMxYTEjQUFRQTFBQUExQ0FDMUFBURFTMUExYSFBMUExQUFBMVEhYRFBMVFBMTFDMVMxQUFDQTNBUzFDQTExUSFRMUFBURFBMVExQTFBMVEhUTFBQTExQTFRMUEhQADQU",
               "27":"JgCIAAABKK4VNRMTFTMUNBQUExMUNBQUExQTNBQTFBQUExQTFBMUNBQ0FBMUMxUSFTMUExYTFRMUNBM0FDQUExQTFjIUExQTFRQTExQTFRIVEhQUFBMUExUzFBMUNBQTFDQUMxUzFDQUExQTFBMVExQTFBMVEhYRFRMVEhQTFBMVExQTFBMVEhUADQU",
               "28":"JgCIAAABKLAUNBQTFDQVMhQTFRMVMhQUFBMUMxUUExQTFRITFRMUMxUzFBQTNBUSFDQUExYTFRIVEhUTFBQUMxQTFDMVExQUExMWERYSFBMUExUSFRMUFBMTFRIVMxQTFDQUNBQzFDQUExUXFRIUExQTFRMUExQTFBMVExUSFBMUExUTFBMVERQADQU",
               "29":"JgCIAAABKK4WMxQTFDQUMxUUExMUNBQTFBMUNBQUExMUFRMTFBMUNBQzFBMVMxYRFTMUExYTFBMVMxQTFBQVMhQUFDMUExUTFBQUEhUSFRMUExQTFRQSFBQzFjMUExQTFTQTNBUyFTMUExQTFRMUExQTFBMVExQTFBMUExQUGBMUExQUFBMUEhUADQU",
               "30":"JgCIAAABJrAVMxQTFTUSNBQTFBMUNBQUExMVMxQTFRMUExUSFBMUNRMzFRMUMxUTFTIWEhcSFRMUExUSFBMVExQ0EzQUExQTFhIUExQTFBMVExQTFBMUExQUFBMUMxU0FBIUNBQ0FDMUFBQWFBUTExUSFBMUExUTFBMUExQTFRMUExQTFBQTExUADQU",
               "31":"JgCIAAABJrIUMxUTFDUTMxQUFBMVMhUSFhIUMxUTFBMUExUTFBMUNBQzFBQTNBQUEzQUExYTFBMVMxQTFBMUExUzFDQVEhQTFBMVExQTFBMVEhUTFBQTFBQzFzEVExQzFRMUMxUzFDMVExUSFBMUExQUFBUSExYTExMUExQTGRMVEhQTFBUTExQADQU"
            }
         },
         "low":{
            "auto":{
               "25":"JgCIAAABKLAUNBUSFDQUNBQTFBMVMhYSFBMUMxUTFBMUExQ0FBMUFRIUFDMVNBQSFjMTFBYQFhEWMhQTFjMTExQTFTMUFBQTFBMUFBMTFRMUExQVFBEUFBUSFDMVNBMTFTMUFBUyFRMVERUTFRMTFBMTFRMUFBMUFBMVERYSFBMVExMTFRMUEhUADQU",
               "26":"JgCIAAABKLAVMxQTFDQUMxUSFRMVMhUUFBIUNBUSFBMUExQ0FBMUFRQSFDQUMxQVEjQUExYSFRIUExQ1EzMUFBMUFDQTExUTFBMUExQTFRMUExQTFBMUFBQ0FREWMxMTFTQUEhUzFBMUFRQSFBMUExUUExMUExQUFBIWEhUSFBMVEhYSFBMUEhUADQU",
               "27":"JgCIAAABKa8UNBQUEzQUMxUSFRMUMxUTFBMUMxUUFBIWERQ0FBMWExQSFDQVMhQTFDUTExYRFRIVMxQ0FDUTExQTFTMUExQUExMVExQTFBQUEhUSFRMVEhQUExMVNRITFTMUFBM0FBMUExUYExMUExYSFBMUExUSFBQVEhQTFBMVExQTFBMUEhUADQU",
               "28":"JgCIAAABKLAUMxQTFjIVMxYRFBMUNRMTFBMVNRITFRMUFBMzFRMUExQTFDQUMxUTFDMUFBcQFBMUExUTFBMVMhUTFDMUFBQTFBMUExUTFBMUExQUExMVExUyFDUTFBMTFTMUExUzFRIVExQTFBQTExQTFRMUFRITFBQUFBMTFBMUExUVFRIVEhUADQU",
               "29":"JgCIAAABKLATNBQTFDQUMxYSFBQUMhUTFBQTNBQTFRIVExM0FBMUExUTFTIVNBMTFjIUExYRFRQUMxQTFBMUMxUTFDMUExUTFBQVERUSFRMUExQTFBMVExQTFDQUExQTFTMVEhQ0FBMUExQUFBMUExQUExMUExYTExMVEhUTFBMUExQXFRMUEhUADQU",
               "30":"JgCIAAABKLAVMhUTFTIVMxUSFRIWMhUSFRMUNRQTExMUExU0ExMUFBMTFTQTNBQTFDQUExYSExMVExQUExMUExQ0FDQUFBQSFBMWEhQTFBMVExQSFRMUExUzFTMUEhUzFRIVExUyFRMUExQTFRIUExYSFBMWERUUExMUExYRFBUTExQWFBQUERUADQU",
               "31":"JgCIAAABJ7AVMxQTFDMVMxQTFBQVMhUSFhIUMxUSFhIUFBM0FBMUExQTFDQUNBQUFDQUEhYRFBUTMxQTFBMWExMzFTMUExUSFRMUExUTExMVExUSFBMUExUUEzQTExUzFBMUFBQzFBQUExQTFBMVEhUTFBMVExMTFRQTExQTFBQUExQXFhEVEhUADQU"
            },
            "top":{
               "25":"JgCEABUzFBMWMxM0FBQUEhU0ExMUFRM0FBQTEhUTFDMWEhQTFDQUExQTFBMVMxUTExQUExQzFBMVMxQTFRMUNBMUFBMVEhQTFRIVExQTFBMVEhUTFDMVNBMTFDQUMxUTFDQUFBMTFRYVExQTFRMTFBMUFBMUFBMVExMUExQUExMVEhYRFgANBQAAAAA",
               "26":"JgCIAAABJ7AWMhQUFTIUNBUSFBMVMxQUExQUNBMTFBUTExQ1EhQVExQyFRMUExQTFDQUExUSFRMUExQ0FDEWExUUEzMUFRMTFRIUExQTFRMUExQUFBIVExQTFTIVExQzFTMUExUzFBMVEhUTFBQVEhURFRMUExQTFBMWEhQTFBMUExQXExMUExcADQU",
               "27":"JgCIAAABJrEVNBQSFTMUNBQTFBMUNBQTFBMUNBQTFRIVFBMzFBMVExQ1EhQUExUSFDQUFBMUExMVMxQ0FDMVExQUEzQUFBMUExMUExUUExQTExQUFBMUFBM0FBMUExQ1EzQTFBU0EhMVFBMUFREUFRMTFBMUExQTFRMUExQTFRIVFBMTFRIVERUADQU",
               "28":"JgCIAAABJq8VMxQUFTIWMxQTExMUNRMTFBMVMxQTFRMUExYxFRMVEhQ1ExMWERQTFDQVEhQTFhMTFRMSFRIVNBQTEzQUExYRFRMVEhQTFRIVExQTFBMUExUTFBMUExQ1EzUTExUzFBIVExQTFBMUExgTFBMVExQTFBMWERQUFBMUExUSFRQTEhUADQU",
               "29":"JgCIAAABJ7AVMxYTEzMVMxYRFRIVNBURFBMVMxQTFRQTExQzFRQTExQ0FBMUExQTFDQUFBMTFRMUMxQUFRIUMxUUEzMVExQTFBQVEhQTFBMUExQTFRQTExQzFjIUNBQUFDMVEhQzFRQTExQYFBMUFBURFRMVEhQTFBMVEhYSFBMUFRITFBQUExQADQU",
               "30":"JgCIAAABJ7AVMxQUFDMUNBQTFBQUMxQTFBMUNRURFRIUFBQzFBMWEhUyFRMXEBQTFDQUFBMTFhEVExQTFBUTEhUzFjIZDxMTFBQUExQTFBMUExUTFBMUExQTFRMUFBMTFTMUExQ0FBMVEhQTFRMUExQTFRQSFBYRFBMUExUSFhIUExQTFRIVEhcADQU",
               "31":"JgCIAAABJ7EVMhUSFTMVMxQTFBMUNBQTFBMUNRURFhMTFBM0ExMVExQzFRQTExQTFDQVEhQUExMVMxUSFRMVEhQ1EzMVEhUTFBQTExQTFRMUExQTFRMUExQzFTMVMhUzFBMVExQ0FBIWEhQZEhMVExQTFBMUExUTFRIUExUSFhIUFBMTFBMWERUADQU"
            },
            "bottom":{
               "25":"JgCIAAABJ7ISNBQTFDQVMxQTFBMUNBQTFBMVMxQTFRIVExQzFBMWExMzFhIUMxQTFTMWERcSExQTMxUTFDUTExQUFDMUFBMUExMUExUTFBMUFBMTFRMVExM0FDMUNBQUEzQUFBM0FBMUExUSFRMUExQTFBMUFBQTFBQTExUTFBMVEhQTFBMVEhYADQU",
               "26":"JgCIAAABJ7AVMhUTFDMVMxQTFBQUMxQTFhMTMxQTFhIUExUzFxAUExQ1FBIUNBQUEzMWEhYRFBMUExUzFDQUExQUEzQUExQTFRMUExUSFBQTFBUSFRIWERUSFjIVMxQTFTMVExM0FBMUExQUExQUFBMUFREVEhUTFBQTExQTFRQTExQTFRQTEhUADQU",
               "27":"JgCIAAABJ7AVNBQTEzQWMRUTFBMUNBQTFRIUNBQTFBQTExUzFhEVExQzFRQTMxUSFTQTExYSFBMUMxU0EzQUFBMTFDQUExQTFRMUExQTFBMUFBQTFBMUExU0FBIVMxQTFDQUExQ0FBMVExMTFBMVExQTFBMWERUTFBMUExQTFRMUExUSFBMVEhMADQU",
               "28":"JgCIAAABKLAUNBMUFDMUNBQTFRIUNRMTFBMVMxQTFRMUExQzFhIUExYyFBMUMxUTFDQTFBYRFBMWERUTFBQTMxUUEzQUExQUExMUExQUFBMVEhQTFhIUExQTFBMUNBQUEzQUExQ0FBMUExUSFhMTExQTFBQTFBQVEhQTExUTFBMUExQTFBMVExQADQU",
               "29":"JgCIAAABKLAUNBQTFTQTMxUSFRMUMxYSGA8UMxUTFBMWERUzFBMVEhUzFBMVMxQTFTMVEhYRFRIVMxUSFRMUNBMUFDQTExUTFBMVEhQTFRMUExQTFhEUFBUyFjIUFRITFTMUExUzFBQTExUTFBQTExYRFBQUExQTFBMVExQTFBMUExYRFRMUEhUADQU",
               "30":"JgCIAAABKa8UNBUTEzQUMxYRFRMUNBUSFBQTMxUTFBMUExQ0FBMUExUzFRMUMxQTFDUTExcQFBUUEhQTFBMVEhU0EzQUExQVExMUFBMTFBMUExYSFBMUFBMTFRMVMhUzFBMUExUzFhEVEhUUExMUExUSFhIVEhYSExQVEhQTFBQTExQUFRIUEhYADQU",
               "31":"JgCIAAABKLAVMxMUEzQUMxUTFBMUNBUSFhEUNBQTFRIUFBQzFhEUFBQzFRQTMxQTFjIUFBURFRQTMxUTFRIUExQ0FTMUExQTFBQTExUTFRIUExUSFRMUFBM0FDMUExQ0FBMUFRM0FBIVExQTFRIUFRMTFBMUExQTFBMVExQTFRIWERUTFBMWEBUADQU"
            }
         }
      }
   }
}
