{
   "manufacturer":"Midea",
   "supportedModels":[
      "RG70C1/BGEF"
   ],
   "supportedController":"Xiaomi",
   "commandsEncoding":"Raw",
   "minTemperature":17.0,
   "maxTemperature":30.0,
   "precision":1.0,
   "operationModes":[
      "cool"
   ],
   "fanModes":[
      "low",
      "mid",
      "high",
      "auto"
   ],
   "commands":{
      "off":"mkzm0wlk0mkxAEKcTCWTGbAGlNQDCmoA7TGbTMAjgGXAHMDLwEEmoAZAMeBj4BHTWcgZeC54Q+gefLJrMAIvArwF9wmnAPsCjww/AI8LPwMvBbwJYg/fDr8K65oDZ4h8TKZAIlMwHzmgcuALFNZqCP4I7hRWJDADHi7+FpIGLQA=",
      "on_once":"mkzm0wlk0mkxAEKcTCWTGbAGlNQDCmoCpgIXMZtMwCCmADMzWcgMWBlQDBgdQAggAZAMeBDwDPgd4DLgBCBM+B74YtgRYDQ4A/gD+Fl4i/gIeIdIgvhx+Bz4W3gRSLWUxm00A8aZTUAgpmAac0Dt8KtwNfE8YbKgi8CC8QfwGIgA",
      "cool":{
         "low":{
            "17":"mkzmkwlk0mkzAEKcTCWTGbTYAhZqAGQCGAM+BD05AY8DHwGPAh8BnwVPAhiagMKCJ4BHgeWBF4K3gD+AP4A/gD+AP4PPhXeA14aXgR+CeUyAjMaqQLbEa8BnwjfAY8DqwGPAxOAA",
            "18":"mkzmkwlk0mkzAEKczCWTGbTUAhZrOAByADKYzabAEWAzQEPgMeAxs1mIAZAleB14Nvg2+AwgUDAVcAR4K3gM+AGcwCSkGbwB/AH8J/wB/Cv8IPwS/AI8Aj5rMgRjGqkEfwNfCM8BjwGPAY8Bi4AA",
            "19":"mkzmkwlk0mkzmEsmsxmEsmM2AIaazYAMpgAhQDOTScADkAGQA5zGbAVGBlQEDgMIBS4DDgpqDkQKcAQ2AhAKmA2+B3oCOhVeCt4K3grMAP4A9hp/LJpOQ3OAH8LDxDvAh8CGw2/AraZTUAghqoCBkAghPPAZ0V7wgvGI8Jv5tMIA",
            "20":"mkzm0wlk0mkxmEsmoAZTGbTMAhZqAqQCGAM7MAB5AY8BjwGOBT8CHAGdmk5AMKcAQ+BDgDpTGbArWAjgGhgReAioK1gHwFFQA/g/eBxgIHiCeEp4SnzaaAV+A0YfpzGbTUDRplMgESGqgBtQguAQgBnAjHAY8DrxbpAY+AA=",
            "21":"mkzmkwlk0mkzAEKcTCWTGbTaYSyazEAMgByAQgBnwIfAIWagBkAPYDHgMdOQbfBt8DOAIfAI8AjwePAZ8JLwB/AH8EHwIfAH8DnwGPBS8AjwCPA0OZTUAghqpE8cFDQIzAZQAhgcvAY8IvwGPAYWAA==",
            "22":"mkzm0wlk0mkxmEsmoAZTGbTMAhZqAqU1mACDTScgEGAiYDLTScADkAGQA5gMeAwgJfgMSCn4EOAIIARgMrgd6Dtcxm00BvoDzwK/AiYFawXrDc8EHACPDd8Erwc/Bz8NLwZOEgSagELNZkAQczDpKaTQTywo/D/8CHwTnAY8DHwGLgA=",
            "23":"mkzm0wlk0mkxmEsmoAZTGbTMAhZqAqU1mACFAM+BD4DHgMeAx4KfgIaAQk0nABhABmB24EPgEeAR4GnhJeAOoMzgD+Fl4HEAQHMZsBzQDFgk+BQgqPgQ+Hpc5AR8DxJlMgGimc0GqMD5gWMBH8EdQxfB68ILQGPAYeAA",
            "24":"mkzm0wlk0mkxmEsmoAZTGbTMAhZqAqQCGAM+AOswAY8DrwGPAxiaTgAgwMvAZyaTkBUgDCAQMAdwMoBE8BHwcPAi0E4wGTAhMA/wF/Dk8I/AB/AwQCegi8DZkAjw60AR0K/ZlNQCCGqgD/BGsBHwJzwGPDe0BjwMXgA=",
            "25":"mkzm0wlk0mkxmEsmoAZTGbTMAhZqAqQCGAM7MAB5AY8DrwMfBT8CGwGfA78CHwCPA88DTw3vCz8AfJpOAMDDM8Bl5qAGYHPhUUAP4RfgEeAR8smk5B+qazKZAIkNV4VfgEeFGYVcAr2F5YGPgD4AwcAA",
            "26":"mkzm0wlk0mkxmEsmoAZTGbTMAhZqAqQCGAM+AOswAY8BAgGPAY0FPwS+mgDPg22Aw80nABBgm+A1oBBzUAMwiXA0wFawKbDc8FzpyCnYVRAdQCV4JTAHuEZ4MfgtKGl4FdzICM5mDkc0AtsGCwPtB68RiQxGAY8MTwGGmswgAA==",
            "27":"mkzm0wlk0mkxmEsmoAZTGbTMA0pyAYU4AQoAjJqBeU1mAA7AMeBBYDHgY+BD4DPgd+CpoBHgEZNANPAQYMTwmvAH8IfwGPBJ8A/poKIYAZhceGl4YHgEfLJrMpkCcQ1Xgj+N2YNxTGbBF+IP4Vngl+AxkAA=",
            "28":"mkzm8wlk0mkxmEsmoAZTGbTMAhZrNgEOAZ2YAQ+BlQDHgMeCnc0AZ8G3wbfAh8AjwPPA8QBnZpOADCADMFagBzAXcAe5jNgu7AwYCjwSPAf8EjAgoARQAjwI/AaeazKagEFMxLimk0AbOcgN2DFYBEgREEJ4GXgMeAx4DCwA",
            "29":"mkzm0wlk0mkxAEKczCWTGbAGlNQDCmoA5zABA5mAgoBEAMnNJwAOQAZADmBkgCFgMeAx4DEg24Az4HfgZdMZtNAmKA88DSQxIBw8F7wB/A50BCQdiAp8CCAWfC48WIxBfAI8AhJqMdQIqTIBE5mD2c0CRMBtAJGEa8LTQg/AywIvwGPAYSAA",
            "30":"mkzm0wlk0mkxmEsmoAZTGbTMAhZqAqQCGAM5NJwAOQAZzADLwECA68BCAGPA68BnwVPAh8AjwCPA08BnwXvAH4OQ5jNgKKAQwQ/xD4AP8PXwe/Cd8AjwTFmU1AIIarxVvA18JLwvEAYcAewGPAYyAA=="
         },
         "mid":{
            "17":"mkzmkwlk0mkzAEKczCWTGbTYAgpxMJZNQAyAHOYzaagMuAQwDLgQyBlwDHgMeAxIEPgIeAh4R+giXNZiAQYYhgv+Cd4FazUAegIHmswAXYAfwB/AH8AdgR/CK4LcgpfAa8Brwr6mUyARIaqALYDLgHMgEIAZwP7wpvAY8DH5tMIA",
            "18":"mkzm0wlk0mkxmEsmoAZTGbTMAhZqAqQCGAM+BD4DHTABjwECAY8DrwEPAQ8DvwCPAI8E7wEPAH8AfwB/BI8Bjw44Cv8JTwS/AZ8AjwAymUyGlIarwavA18JTwevA68arwGFgAA==",
            "19":"mkzm0wlk0mkxmEsmoAZTGbTMAhZqAqQCGAM+BD4DHgMeAx4EPyyazABDwIfA78Ah5oAj4BHge+El4A/gD+CB4JPhdGBT4aXg9+Cn4BHgZ9MpkNKQ1Xg0+Br4NPgZeAx4XvgMLAA=",
            "20":"mkzm0wlk0mkxmEsmoAZTGbTMAhZqAqQCGAM7MAB5AY8BjwS5AY8CHwEPAqeaTgAwgAzAhcBA5jNgM/AI8E7wEPCrgA9gZoAX8BdgdcBA8Pzw6/B60EqAyemgCPh/RMpqAQQ1UTScgf0E3gUngQ8CKYHZAIOB14DGBfPAAA==",
            "21":"mkzm0wlk0mkxmEsmoAZTGbTMAhZqAqU1mACFAM+AOoDHgMeAxIA9Ap+Az4CHhH+CJ4BHgEeCd4SXhZ0AP4HHhIeAP4HPgYeAx4BHgEeB5EymQ0pDVeI14GvhJ+Ax4DHhSbNJwAwc2mEA",
            "22":"mkzm0wlk0mkxmEsmoAZTGbTMAhZqAqU1mACFAM6APQDHgMeCXIDHgdeAh4P1gIeAR4BHgneAh4VfAD+APgO3gleHL4OfgUeC34KXgEeBWcymQ0pDVeCPM0nACBg4+ElgpvhR+Bj4DEQA",
            "23":"mkzm8wlk0mkwmEsmsxmEsmM2mYBCzWbAIcAz4EPgMeAxc4BhIAMgGPA68BDwEPA78AjwCPA98BDwB/AH8DjwEPAp8AfwKPAQ8BDwCPAruZTIUMpmBiU0mgBxgj+Br4RfgMeAx4DHgMXAAA==",
            "24":"mkzm0wlk0mkwmEsmsxmEsmM2mYBCzUBUgEMAZ8CHwGPAY8BjwIfAQ8BDwEPAI8AjwPfAQ8AfwB/A48DjwB/AH8DjwEPAI8AjwPemUyGlIarwWfA18IzwGPAY8BjwGFgA",
            "25":"mkzm8wlk0mkwmEsmsxmEsmM2mYBCzWbAIcAz4EPgMeAx4DHgQ+Ah4CHgIeAR4BHge+Ah4A/gD0IWYGHgc+AP4A/gD+Cj4BHgEeDr8ymQ0pTMEMppNADjCR8DXwe/AY8BjwGPAYuAAA==",
            "26":"mkzm0wlk0mkwmEsmsxmEsmM2mYBCzUBUgEMAZ8CHwGPAY8BjwIfAQ8BDwEPAI8AjwPfAQ8AfwB/BK8DnwEPAH8AfwB1FmIDjwY/AI8CtZlMhpSmc3Gq8EfwGfAh8BjwGPAY8Bg4A",
            "27":"mkzm0wlk0mkwmEsmsxmEsmM2mYBCzUBUgEMAZ8CHwGPAY8BjwIfAQ8BDwEPAI8AjwPfAQ8AfwB/Aw8BjwGPAH8AfwlPAZ8AjwK+mUyGlIapQDjBH8DXwg/AY8Bix+iAY8DHIAA==",
            "28":"mkzm8wlk0mkwmEsmsxmEsmM2mYBCzWbAIcAz4EPgMeAx4DHgQ+Ah4CHgIeAR4BHge+Ah4A/gD+Bh4EHgD+AP4JHhJ+AR4BHg/dMpkNKUzBMIarwYvAZ8CHwGPAY8Bj5nMIAA",
            "29":"mkzm8wlk0mkwmEsmsxmEsmM2mYBCzWbAIcAz4EPgMeAx4DHgQ+Ah4CHgIeAR4BHge+Ah4A/gD+Bh4CHgU+AP4A/gceFL4BHgadMpkNKQ1XgoeBr4QfgMeAx4DHgMLAA=",
            "30":"mkzm0wlk0mkwmEsmsxmEsmM2mYBCzUBUgEMAZ8CHwGPAY8BjwIfAQ8BDwEPAI8AjwPfAQ8AfwB/Aw8BDwGfAH8AfwMPAY8AjwM+mUyGlKZzcarwR/AZ8AMgLjAh8ILwGPAYyAA=="
         },
         "high":{
            "17":"mkzm0wlk0mkxmEsmoAZTGbTMAhZqAqQCGAM7MAIfAY8AcgS/AY8CHwMvAY8I/wCPAI8Ajwo/DEsG/wBzmk4AHIAMwH/BH8A/wt/CK8AjwCPAI8E85lMgkCGq8arwNbC9cMWBXvGq8BjwSogA",
            "18":"mkzm0wlk0mkxmEsmoAZTGbTMAhZqAqQCGAM7MAIfAyoBjwGNA5IFPwGfAy8IbwCPAI8AjwV/C8oAfwB/C68I/wIPAH8ILwOvAZ8AjwK4mUyGlIarwR/A18JzxBvA68BjwGFgAA==",
            "19":"mkzm0wlk0mkxmEsmoAZTGbTMAhZqAqQCGAM7MAIfAyoCBwGPAx8CHwMvBkgBiwCPAI8AjwaPCj4A/wF/Af8FHwMfAH8DHwMfAh8AjwM4mUyGlIarwafA18NXwGPAY8JvwGFgAA==",
            "20":"mkzm0wlk0mkxmEsmoAZTGbTMAhZqAqQCGAM+BD4DHgMeAx4EPgIeAx4GXgEeAR4BHgn1MAX/AH8Afwh/BI8CjwMPA58DlAGfAI8DTZlMhpSGq8GrwNfCk8DLwi/C+8BhYAA=",
            "21":"mkzm0wlk0mkxmEsmoAZTGbTMAhZqAqU1mACFAM6APQDHgMeAx4KfgM+Bl4GXgEeAR4BHgr+AP4cyAD4A/4JPgQ+AP4HPgMeCl4BHgEeBocymQ0pDVeCh4Gvg5eAx4DHgMeAwsAA=",
            "22":"mkzm0wlk0mkxmEsmoAZTGbTMAhZqAqQCGAM7MAIfAyoBjwGPBT8BnwMvAy8AjwCPAI8FfwB/AH8AfwSfBS8DLwOvAo8AfwUvAI8CtJlMhpSGq8EfwNfBp8BjwGPAY4eQgGDgAA==",
            "23":"mkzm0wlk0mkxmEsmoAZTGbTMAhZqAqQCGAM+BD4DHgMeAx4EPgIeAx4GXgEeAR4BHgr+AP4A/g/+FT4CHgD+BR4CHgIeAR4FfTKZDSlM5uNV4I/gM+BD4DHgMeAxkwAYWAA=",
            "24":"mkzm0wlk0mkwmEsmsxmEsmM2mYBCzUBUgEMAZ+WTWcAbkAGQDHgdeAx4KfgM+Bl4GXgEeAR4BHgr+AP4A/gD+CB4A/gD+Bx4cXhJ+AR4BHgerMpkLaQ1Xgs+Br4RngMeAx4DHgMLAA==",
            "25":"mkzm0wlk0mkxmEsmoAZTGbTMAhZqAqQCGAM+BD4DHgMeAx4EPgIeAx4GXgEeAR4BHgr+AP4AZTABfwQfAx8AfwB/AH8FHwCPAI8HWplMhpSGqUKYwkfA18HvwGPAY8BjwGLgAA==",
            "26":"mkzm0wlk0mkwmEsmsxmEsmM2mYBCzUBUgEMAZ8CHwGPAY8BjwIfAQ8BjwMvAI8AjwCPBX8AfwB/BB8EHwEPAHUUYwSvAf4DjwY/AI8CtZlMhpSGqUA4wgPA18HrwGPAY8BjwGLgA",
            "27":"mkzm0wlk0mkwmEsmsxmEsmM2mYBCzUBUgEMAZ8CHwGPAY8BjwIfAQ8BjwMvAI8AjwCPBX8AfwB/A48BjwGPAH8Afwi/AZ8AjwK+mUyGlIapQDjBH8DXwg/AY8BjwGPAYuAA=",
            "28":"mkzm0wlk0mkxmEsmoAZTGbTMAhZqAqQCGAM+BD4DHgMXOAYSADIBjwOvAQ8BjwCPAI8AjwCPBX8AfwB/A48AfwB/AH8EjwCPAI8AjwfrmUyFDIarwYvA18ITwGPAY8BjwGFgAA==",
            "29":"mkzm0wlk0mkwmEsmsxmEsmM2mYBCzUBUgEMAZ8CHwGPAY8BjwIfAQ8BjwMvAI8AjwCPBPoOswX+AH8HfwEPAp8AfwB/A48JzwCPAI+azKZDSkNUoBxgoeBr4QfgMeAxYhxAMeBjkAA==",
            "30":"mkzm0wlk0mkwmEsmsxmEsmM2mYBCzUBUgEMAZ8CHwGPAY8BjwIfAQ8BjwMvAI8AjwCPBX8AfwB/A48BAxJCBS8DLwB/BK8BjwpfAI8DN5lMhpSGqUA4wT/A18GnwGPAY8BjwGLgA"
         },
         "auto":{
            "17":"mkzmkwlk0mkzAEKczCWTGbTUAhZrOAEOAISazEAMpsAgQDpAQoAGQGWAQQCX4DDgDnMZsDbYKdgIQBEgGfgEeAR4BHge+AhQUbhiOHc4VXgX4BOwC/gD+Dx4efhxeAR4FngnpMpkAiUzm41RzANPwa/AZ8CHwGPAY8BjoAA=",
            "18":"mk0mEwlk0mc3mEsms0mEsmM2ANKazIAMpqAOsxmwBhgEQBEQDqAQuBl4HXgU5NZmCVwHXg2+Az4GcgEeB74UfgVuF54BaAL+FVQE+AoeCBgGBgD2HF4pHiHeGj4FfTGcjSkNV4NXiM+FrgPXgdeHf4DEQAA=",
            "19":"mkzmkwlk0mkzAEKczCWTGbTYAgpxMJZNQAyAHMBCAGfAh8BjwGDmoKigMeCns1mIAZAyYEP4JmBIeBp4SXgIeAP4A/gD+CR4MXgQ+AP4GPgQ+BD4BHgVtMg/jGq8EfwNfBp8BjwGOGq8BhoA",
            "20":"mkzmkwlk0mkzAEKczCWTGbTUAhZrOAByADIBCJjNpsAioDLgQ+Ax4DHgMWCUYKfgM8EP4FTgReAR4HvhFeGJ4A/gD+FB4JHgD+Bh4Sfh1+BF4BHgaNMgCDGq8FDwNfAZQHLwpfAx8DH5hAA=",
            "21":"mkzmkwlk0mkzAEKczCWTGbTYAgpxMJZNQAyAHOYzaagMuAQwDLgQyBkYDHgdWAx4KfgM+Az4MsgEeBXoBFBJcGt4A/gD+AOoTHiQeAP4A/iC+Ax4W3gyeGRcyGlMarhIvBH8M3wGPA68BjwgGgA=",
            "22":"mkzm8wlk0mkwmEsmsymEsmM2mYBBTEAMpqAg4AhAETNADFADQCHADGAgsDHQB6mM2BtMAiwGdB2sIfwoWARgKogs4AI8D1gEPAH8AfwB0mwIHggOAxwB8AL+Bx4CHgEeAR4HvTIOwhqqCS8DXwpPAY8BAppOQBynADFAIWFbcAA=",
            "23":"mkzmkwlk0mkzAEKczCWTGbTYAgpxMJZNQAzmACBgMmAYQDKTWYgBkAPYELgIWAxILJgl0AwYJUAp+AOgNvgZ8BF4DXge+FHoRXgD+G54g3gIQDF4DGB2eFMorRAlYE54X8gEeBW0ymQIpDVQHbILDCD+Gb4WniP+BjYc3wA=",
            "24":"mkzm8wlk0mkxmEsmoAZTGbTMAhZrNgEOAZ8CHwGPAY8Ad5gCn4GXgM+Az4BHgEeB74CHgD+AP4A/ggeAP4begL+Bx4UngEeAR4HrzKZDSlMwQyGq8FnwGfF48K3wMfBT+ZzCAA==",
            "25":"mkzm0wlk0mkxmEsmoAZTGbTMAhZqAqQCGAM+BD4CDTABjwGPBT8CHAGfAZ8DzwCPAI8D3wvNCSoAfwqvBB8EnwF/AH8IrwWvAI8Aj5rMpkNKQ1XgszNJwAgYWng9+AwgFRzUAMwtHEf8Bj4A",
            "26":"mkzm0wlk0mkxmEsmoAZTGbTMAhZqAqQCGAM+BD4CDTAAeQMfAx8CHwGfAZ8AjwCPAI8D3wivCrgA/wD6BS8FLwUvD+oPXwBzmk4A4Oagk+DH4BHgBlMpkB6Q1XhV+Br4QXgMJNJyAYQQ5BFmAOY1XheYAwcA",
            "27":"mkzm0wlk0mkxmEsmoAZTGbTMAhZqAqU1mACFAM6BD4CFgQOBj4DHgQ+Db4GfgEeAR4BHge+EV4A/hh+G58smk4AHIAMwUfAxsQXwSfA58BnwCPAraZTIH8hqvBH8DXwtLAHOYzYObxH/DF8Bg4AA",
            "28":"mkzm0wlk0mkxmEsmoAZTGbTMAhZqAqQCGAM+BD4DHgMeAx4EPgM+Az4DPgEeAR4HszABDwB/AH8HbwGPAH8AfwB/Cb8AjwCPAI8EY5lMhpSGq8GLwNfCEwQbwGPAY8BiIAA=",
            "29":"mkzm0wlk0mkxmEsmoAZTGbTMAhZqAqQCGAM+BD4DHgMeAx4EPgM+Az4DPgEeAR4HszABDwECAHwBfwOPAQeaTgBAwCGmoAZgk+CT4C9Bo+Fb4BDzScgyMBpsymQDRDVeEToKHhaSBCYXizUBjwOqDV8BhZpMIAA=",
            "30":"mkzm0wlk0mkxmEsmoAZTGbTMAhZqAqQCGAM+BD4DHgMeAO8wBT8DLwGfAz8Ag5pOACDA08AjwV/CK4EQ5qAGYLxAzOAPYMmAIeEO05BC4LGgYrA5Wag9+ClQBHgtqBmgMiTIAg5nNBqjB3YC2AR9A1wBlgafAY8BjwGNgAA="
         }
      }
   }
}