{
    "manufacturer": "LG",
    "supportedModels": [
      "43UM7510PSB",
      "OLED55B8SSC"
    ],
    "supportedController": "Broadlink",
    "commandsEncoding": "Base64",
    "commands": {
        "off": "JgBQAAABKZQRFBETEjgSExEUERMSExITEjgROBITEjgROBI4ETgSOBEUERMSExI4EhMRFBETEhMSOBE4EjgRFBE4EjgROBI4EQAFLQABKEsRAA0FAAAAAAAAAAA=",
        "on": "JgBQAAABKZQRFBETEjgSExEUERMSExITEjgROBITEjgROBI4ETgSOBEUERMSExI4EhMRFBETEhMSOBE4EjgRFBE4EjgROBI4EQAFLQABKEsRAA0FAAAAAAAAAAA=",
        "previousChannel": "JgBQAAABKJURFBETEjgSExITERQRExITEjgROBITEjgROBI4ETgSOBI3EhMSExITEhMSExETEhMSExI4ETgSOBI3EjgSNxI4EgAFLQABKEoSAA0FAAAAAAAAAAA=",
        "nextChannel": "JgBQAAABKJQSExITETgSExITEhMSExEUETgSOBETEjgSNxI4EjgROBITEhMRFBETEhMSExITEhMROBI4EjcSOBI3EjgSOBE4EgAFLQABKEoSAA0FAAAAAAAAAAA=",
        "volumeDown": "JgBQAAABKJQTEhITETgSExITEhMSExEUETgSOBETEjgSOBM2EjgROBI4EjcSExITEhMSExEUERMSExITEjgROBI4ETgSOBI3EgAFLQABKEoSAA0FAAAAAAAAAAA=",
        "volumeUp": "JgBQAAABKJQSExITEjcSExITEhMSExITETgSOBITETgSOBE4EjgSNxITEjgRFBETEhMSExITEhMSNxITEjgROBI4EjcSOBI4EQAFLQABKEoSAA0FAAAAAAAAAAA=",
        "mute": "JgBYAAABKJURFBETEjgSExEUERMSExITEjgROBITEjgROBI4ETgSOBE4EhMSExI4ERMSExITEhMSExE4EjgRFBE4EjgROBI4EgAFLAABKUoRAAxdAAEpShIADQU=",
        "sources": {
            "Input": "JgBQAAABKJQSExITEjgRExITEhMSExITETgSOBEUETgSOBE4EjgSNxI4EjcSExI4EhMRFBETEhMSExITEjgRExI4EjcSOBI4EQAFLQABKUoRAA0FAAAAAAAAAAA=",
            "Home": "JgBQAAABKJQSExITEjcSExITEhMSExITETgSOBEUETgSOBE4EjgROBITEhMSNxI4EjcSOBI3EhMSOBI3EhMSExITEhMRFBE4EgAFLAABKUoRAA0FAAAAAAAAAAA=",
            "Back": "JgBQAAABKJURExITEjgSExEUERMSExITEjgROBMSEjcSOBI4ETgSOBETEhMSExI4EhMROBITEhMROBI4EjcSExI4ERQROBI4EQAFLAABKkoRAA0FAAAAAAAAAAA=",
            "Netflix": "JgBQAAABKJQSExITEjcSExITEhMSExEUETgSOBETEjgSOBE4EjgROBITEjcSOBITEjcSExI4ERQROBITEhMSNxITEjgRFBE4EgAFLQABKEoSAA0FAAAAAAAAAAA=",
            "Prime Video": "JgBQAAABKJQSExITETgSExITEhMSExEUETgSOBETEjgSOBE4EjgROBITEhMROBI4EjcSExI4ERQROBI4ERQRExITEjgRFBE4EgAFLQABKEoSAA0FAAAAAAAAAAA=",
            "Settings": "JgBQAAABKZQSExEUETgSExITERQRExITEjgROBITEjgROBI4ETgSOBI3EjgSExEUERMSExI4ERQRFBETEjgSNxI4EjcSExI4EgAFLAABKUoSAA0FAAAAAAAAAAA=",
            "OK": "JgBQAAABKJQSExITEjgRFBETEhMSExITEjcSOBITETgSOBI3EjgSOBETEhMSOBEUERMSExI4ERQROBI4ERMSOBI4ETgSExI3EgAFLQABKEoSAA0FAAAAAAAAAAA=",
            "Up Arrow": "JgBQAAABKJQSExITETgSExITEhMRFBETEjgSNxITEjgSNxI4EjcSOBITERQRExITEhMSExI3EhMSOBI3EjgSNxI4EjgRExI4EgAFLQABKEoSAA0FAAAAAAAAAAA=",
            "Down Arrow": "JgBQAAABKJURFBETEjgSExEUERMSExITEjgROBITEjgROBI4ETgSOBE4EhMSExITEhMRExI4EhMSExE4EjgROBI4EjcSExI4EgAFLAABKUoSAA0FAAAAAAAAAAA=",
            "Right Arrow": "JgBQAAABKJQSExITETgSExITEhMSExEUETgSOBETEjgSOBE4EjgROBITEjgROBITEhMSExEUERMSOBITEhMROBI4ETgSOBI3EgAFLQABKUoRAA0FAAAAAAAAAAA=",
            "Left Arrow": "JgBQAAABKZQSExEUETgSExITEhMRExITEjgSNxITEjgSNxI4EjcSOBI3EjgSOBEUERMSExITEhMSExEUERMSOBI3EjgSOBE4EgAFLQABKEoSAA0FAAAAAAAAAAA=",
            "Play": "JgBQAAABKJQSExITETgSExITEhMRFBEUETgSOBETEjgSNxI4EjgROBITEhMRFBEUETgSOBETEjgSNxI4EjcSOBITEhMROBITEgAFLQABKEoSAA0FAAAAAAAAAAA=",
            "Pause": "JgBQAAABKJUSEhITEjgRFBETEhMSExITEjcSOBITETgSOBI3EjgSNxITEjgRFBE4EjgROBITEjgROBITEjcSExITEhMSNxITEgAFLQABKUkSAA0FAAAAAAAAAAA=",
            "Info": "JgBQAAABKJQSExITEjcSExITEhMSExEUETgSOBETEjgSOBE4EjgROBITEjgRExI4EhMROBITEjgROBITEjgRExI4EhMROBITEgAFLQABKEoSAA0FAAAAAAAAAAA=",
            "Channel 0": "JgBIAAABKZQSExEUETgSExITEhMRExITEjgSNxITEjgSNxI4EjcSOBITEhMRFBETEjgSExEUERMSOBI4ETgSOBEUETgSOBE4EgANBQ==",
            "Channel 1": "JgBIAAABKJURExITEjgRFBETEhMSExITEjcSOBITEjcSOBI4ETgSOBE4EhMSExITETgSExMSEhMSExE4EjgROBITEjgROBI4EQANBQ==",
            "Channel 0": "JgBQAAABKZQSExEUETgSExITEhMRFBETEjgSNxITEjgSNxI4EjcSOBITEhMRFBETEjgSExITERQROBI4ETgSOBEUETgSOBE4EgAFLQABKEoSAA0FAAAAAAAAAAA=",
            "Channel 1": "JgBYAAABKJQSExITETgSExITEhMRFBETEjgSOBETEjgSNxI4EjgROBI4ERQRExITEjgRFBETEhMSExI4ETgSOBEUETgSOBE4EgAFLQABKEoSAAxdAAEpShEADQU=",
            "Channel 2": "JgBQAAABKJQSExITETgSExITEhMRFBEUETgSOBETEjgSNxI4EjgROBITEjgRExITEjgRFBETEhMSOBITETgSOBEUETgSOBE4EgAFLQABKEoSAA0FAAAAAAAAAAA=",
            "Channel 3": "JgBQAAABKJURFBETEjgSExITERMSExITEjgROBITEjgROBI4ETgSOBE4EjgRFBETEjgSExEUERMSExITEjgROBITEjgROBI4EQAFLQABKEoSAA0FAAAAAAAAAAA=",
            "Channel 4": "JgBQAAABKJURFBETEjgSExEUERMSExITEjgROBITEjgROBI4ETgSOBITERQROBITEjgRExITEhMSOBE4EhMSOBITETgSOBE4EgAFLQABKEoSAA0FAAAAAAAAAAA=",
            "Channel 5": "JgBQAAABKZQSExEUETgSExITEhMRFBETEjgSNxITEjgSNxI4EjgROBI4ERQROBITEjcSExITEhMSExI3EhMSOBITETgSOBI3EgAFLQABKUoRAA0FAAAAAAAAAAA=",
            "Channel 6": "JgBQAAABKJQSExITEjgRExITEhMSExITETgSOBITETgSOBE4EjgSNxMSEjgSNxITEjgRFBETEhMSOBITERQROBITEjcSOBI4EQAFLQABKEoSAA0FAAAAAAAAAAA=",
            "Channel 7": "JgBIAAABKZQSExITETgSExITEhMRFBEUETgSOBETEjgSOBE4EjgROBI4ETgSOBEUETgSExITEhMRFBETEhMSOBEUETgSOBM2EgANBQ==",
            "Channel 8": "JgBIAAABKJQSExITEjgRFBETEhMSExITEjcSOBITEjcSOBI3EjgSOBETEhMSExI4ETgSExITEhMSNxI4EjgRExITEjgROBI4EgANBQ==",
            "Channel 9": "JgBQAAABKZQSExITETgSExITEhMSExEUETgSOBETEjgSOBE4EjgROBI4ERQRExI4EjcSExITEhMSExI3EjgSExEUETgSOBE4EgAFLQABKEoSAA0FAAAAAAAAAAA="
        }
    }
}
