{
   "manufacturer": "Insignia",
   "supportedModels": [
      "NS-42D510NA15"
   ],
   "supportedController": "Broadlink",
   "commandsEncoding": "Base64",
   "commands": {
      "off": "JgBIAAABKJURFRA5EjkRExIUERUQExM4EjkQFhE4EhMSFBITERQTFBA3FTcROBI6EhISExIUERQRFBEUEhQRFBE4EjkRORE6DgANBQ==",
      "on": "JgBQAAABJpAUEBM1EjUTERMQExASEBM2EzUSEBM2ExASEBMRExAQEhM1FBATEBIRExETNRI1ExETEBI1EzYTNRI1ExETEBI1EwAFkQABJUgTAA0FAAAAAAAAAAA=",
      "volumeDown": "JgBYAAABKJUSExI4EzcTExITEhMTEhQ2EzgSExM3ExITExITEhMTEhM3ExMSOBM3ExITExITEhMTEhM3ExITExI4EzcTOBI4EwAFfgABKUoTAAxRAAEpShMADQU=",
      "volumeUp": "JgBgAAABKZQTExI4EjcUEhMTERQRFBI3FDcRFRE5EhMSExITEhMSFBETExMSOBI6DhYRFBIUDxUSOBI4ExMSFBE4EjgTOBI4EwAFfgABKUoTAAxRAAEnShMADFEAAShLEgANBQAAAAAAAAAA",
      "mute": "JgBgAAABKJUSExE5FDcSFRAUERQSExE5EjgSFRA4ExQSFBAUERUQExMTEjcTOBQ3EhQSEhMUEBQSOBETEhYQFBE5ETkRORM3EgAFgAABKEoTAAxRAAEoShMADFEAASlJEwANBQAAAAAAAAAA",
      "sources": {
         "TV": "JgBYAAABKJUSFBE5ETkSEhQSEhYPFRA4EzgTExA5ExITExITEhQSExEVERMRFBI4EjoRExIUEhISORE4EjgUExETEzgRORI4EwAFfQABKUoTAAxSAAEoSxMADQU=",
         "HDMI3": "JgBkAAUAB6QAASeXEBUROBM4ERQSFBAUEhQROBM5EhMSOBITEBYSEhIUDxcQFBIVERMPOxI5ERMSFRAUETkSNxM4EhMTExE5EDkTOREABYAAAShKEwAMUQABKUoSAAxRAAEmTRMADQUAAAAA"
      }
   }
}