{
  "manufacturer":"Toshiba",
  "supportedModels":[
    "42C3530D"
  ],
  "supportedController":"Broadlink",
  "commandsEncoding":"Base64",
  "commands":{
    "off":"JgBQAAABKJQRFBEUERQRExEUERQSOBEUETkSOBE4EjgRORI4ERQROREUEjgRFBAUETkRFBEUERQROREUEjcSOBITETkRORE5EQAFIgABJkwRAA0FAAAAAAAAAAA=",
    "on":"JgBQAAABKJQRFBEUERQRExEUERQSOBEUETkSOBE4EjgRORI4ERQROREUEjgRFBAUETkRFBEUERQROREUEjcSOBITETkRORE5EQAFIgABJkwRAA0FAAAAAAAAAAA=",
    "previousChannel":"JgBUAAABJpMVEhITEhMRFBEUERQQOREUETkRORE5ETkROBE5ERQRORE5ETkSOBA5ETkRFBEUEhQRExITERQQFRAVEDkRORI4EwAFIAABJ0sRAAFdBQANBQAAAAA=",
    "nextChannel":"JgBQAAABKJMRFBEUEhMRFBEUERQRORISEjgSOBI4ETkSOBM2ERQSOBE5ETkRFBE5ETkSEhEUEhMRFBITETkRFBEVEDkQORI4EQAFIgABJkwSAA0FAAAAAAAAAAA=",
    "volumeDown":"JgBUAAoAAdsAASaWERMTExEUEBQRFRAUEDkRFBI3EzcSNw87EDkROBEUETgSFQ85EDkRORE4ERQQFREUEDkSExAUERUQFg84ETkROBIABSsAASZMEQANBQAAAAA=",
    "volumeUp":"JgBQAAABJZcQFRAVDxYSEBIWEBUQOBEUEDkSNxE4EzcRORA5ERUMPBETETgSFBI4EDYTFRESEhQRORAUETkSExAUEToPORA5EQAFLAABKUkQAA0FAAAAAAAAAAA=",
    "mute":"JgBQAAABJ5QSExIUEhITEhISExISOBMSEzYTNxE4EjcSOBA5ERQROBMSERQSExETFDUSFBMSERMSNxM3ETgTNhMSEjgSNxM2EwAFKwABJkoTAA0FAAAAAAAAAAA=",
    "sources":{
      "VGA":"JgBQAAABJ5QUEhETEhMTEhITEhITNxMSEzUUNxI3EzYSOBI3EhMTNhMSEhQSNhI4ETgUNRMSEhMROBM2EhQSExETExITNhI4EQAFLAABJ0oSAA0FAAAAAAAAAAA=",
      "HDMI1":"JgBQAAABKZURExITEhMSEhMSEhQROBMSEjcRORI3ETgSOBI3ERMTNxITExISEhM3ETgSNxITEhMRNhU3EzcSEhITEhMTNhI4EwAFKgABJ0kTAA0FAAAAAAAAAAA=",
      "HDMI2":"JgBQAAABJ5MUEhIUERMRFBMSEhMROBITEjcUNRI4ETgUNRM3ExISNxQ2ERQSEhI3EjgSNxITExMQFBE4EzYTEhMSEhMSNxM2EgAFKwABKEoTAA0FAAAAAAAAAAA=",
      "AV Side":"JgBQAAABKZMTEhIUEhISExMSEhITNxEUEjcTNhM3EzYSOBI3ExISNxE5ETcSFBETEzcSNxITEhMTEhEVETcSNxIUEBURNxI4EQAFLAABJksTAA0FAAAAAAAAAAA=",
      "Channel 0":"JgBQAAABJ5UUEBITExISEhIUERQROBMREjgTNhM2EzcTNhI3EhQSNxITEhMSEhMSFRASExITEhMROBI4ETgSNxM3ETgROBI4EgAFKwABJkkTAA0FAAAAAAAAAAA=",
      "Channel 1":"JgBQAAABJ5MTExIUERISExMSEhQQORETFDUTNxE4EjcTNxE4EhMTNhU1ExISEhITEhMTEhITEhMRFBI3EjgTNRI4ETgSNxI4EQAFLAABKEkSAA0FAAAAAAAAAAA=",
      "Channel 2":"JgBQAAABKJUTEhETEhMUERMSEhMROBMSEzYTNxI3EjcSOBM2EhMRORISEzYTEhITEhMTEhITERQSNxITETgTNhI4EjcTNhI4EgAFKwABJ0oSAA0FAAAAAAAAAAA=",
      "Channel 3":"JgBQAAABKZQTEhITEhMSExISEhMSOBITETgRORM0FTYRORI3EhISOBI3EjcTExEUERMTEhITERMTEhIUETgTNhI4EjcSNxM3EgAFKwABJ0kSAA0FAAAAAAAAAAA=",
      "Channel 4":"JgBQAAABJpUSExITEhMSExISEhQQORETEjcTNxM2EzYSOBM2EhMSOBITERMTNhMSExMQFBITExISNxI4ExISNxE5EjcROBE5EgAFKwABJkoTAA0FAAAAAAAAAAA=",
      "Channel 5":"JgBQAAABJpMUEhEVEhMRExMSEhITNxMSEjcSNxM3EzYSNxI4ExISNxI4ERMSNxITExIRFBITExISExI3EhMSNxM2EjgSNxI3EwAFKQABKEsSAA0FAAAAAAAAAAA=",
      "Channel 6":"JgBQAAABJ5QRFBITEhMSExISExITNxITETgROBI4EjcSNhI5ERMUNRIUETgTNhITERQSExEUEhMROBITEhMSNxI3EjgSNxM2EgAFKwABKEkTAA0FAAAAAAAAAAA=",
      "Channel 7":"JgBQAAABJ5USEhMTERMSExETExMQORETEzYTNxM2EjgSNxM2EhQROBI3EjcSOBITERMTEhMSExIRFBMSExMOOhE5ETgSNxI4EQAFLAABJkoTAA0FAAAAAAAAAAA=",
      "Channel 8":"JgBQAAABJ5QSExITEhMSExITERMSNxIUETgUNRI4ETgTNhQ2ERQROBETExISFBI3ExIRExMSEhQRNxI4EzcRExQ1EjgROBI3EwAFKgABKEoSAA0FAAAAAAAAAAA=",
      "Channel 9":"JgBQAAABKJQTEhISExISExMSEhMTNhITEjgSNxI3EjgSNhM3EhMSNxM2ExMTEhI3ExISEhITEhQQFBI3EzcRFBI3EjcTNxI3EgAFKwABJksSAA0FAAAAAAAAAAA="
    }
  }
}