{
  "manufacturer":"Yamaha",
  "supportedModels":[
    "HTR-3065",
    "RX-V373",
    "RX-V373BL",
    "RX-V375",
    "RX-V375BL",
    "YHT-497",
    "YHT-497BL"
  ],
  "supportedController":"Broadlink",
  "commandsEncoding":"Base64",
  "commands":{
    "off":"JgBYAAABKJITERQ2FDgSNxM3EzYUNhQREzcUEBYQEhIVDxUQExITNxM3EzYUOBI3EzYUNhU1FRAUEBQRFBETExITExESEhM3FAAFGwABKEgUAAxOAAEoSRMADQU==",
    "on":"JgBQAAABJ5MUERQ2EzYUNhQ2FTUVNRYOFDcUEBQSExAUERYPExITOBISFDUUNhM3EzcUNhQ3EhEUNhQRFBETERQSFBESExI4EgAFGwABKUcVAA0FAAAAAAAAAAA=",
    "previousChannel":"JgBQAAABJ5ITNhM2EzYTNxM2EjcUNRMSFDUTExITExISExMSFBESExMSEjcTNhQ1EzcSExI3ExMRNxUQExITEhMSFDUTExMSEgAFPQABJkkTAA0FAAAAAAAAAAA=",
    "nextChannel":"JgBQAAABJpMUNRM3EjcTNhM2FDUTNxITEjcSExMSEhMTEhITExITEhM2FDUTExI3EzYTEhM2FBETEhMSFDUUEhITEzYSFBISEgAFPQABJkkTAA0FAAAAAAAAAAA=",
    "volumeDown":"JgBYAAABJpMTERU1FBIUNRQ2FDYUNxQQEzcUEBU1Fg8VEBQQFBEVNBY2FDUTERU1FDYVEBMRFRAUERUPFDcUERMSEzYUNRQ2FAAFGwABJ0kUAAxPAAEoSBUADQU=",
    "volumeUp":"JgBQAAABKZMTEBU2ExEUNhUzFzUVNRMSFDYUEBQ2FRATEhMSExITNhUPFDcUEBQ3EzYUEBURFBAUNhMSFTYUDxUQEzcTOBM1FgAFGQABKEkTAA0FAAAAAAAAAAA=",
    "mute":"JgBYAAABKZEUEhM3ExAVNRQ2FjQVNRQSEjgTEBU1FBETEhUQExEUNhUQFBETNhQ2FDYUERQRExITNxQ1FBETEhQQFDYUNhM3FAAFGwABKEkTAAxPAAEoSBYADQU=",
    "sources":{
      "Scene1":"JgBgAAABJ5ITEhM3EhMTNhM2EzYTNhQREzcSExM2EhMTEhMSExITNhQRExITEhMSExITEhMSExMSNxI3EzYUNRQ2EjcSNxMSEwAFPAABJkoTAAxFAAEnSBMADEUAASdJEwANBQAAAAAAAAAA",
      "Scene2":"JgBYAAABJpMTEhM2FBETNhM3EzYSNxQRFDUUERM3EhMTEhMSEhMTNhM2FDUUERQRExITEhMSExITExMSEjcTNhM2FDUTNxMSEgAFPAABJ0kTAAxFAAEnSRMADQU=",
      "Scene3":"JgBQAAABJpMTEhI3EhMSNxQ1EzYTNxITEjcTEhM2ExIUERQRExITNhMTEjcSNxQRExITEhMSFBETNhMSExITNxM2EjcUNRMSEwAFPAABJ0kSAA0FAAAAAAAAAAA=",
      "Scene4":"JgBQAAABJpEVEhI3EhMTNhM2EzYTNxITEjcTEhM2ExITEhMSExITNhM3EhMSExI3ExITEhMSFBETEhQ1FDYSExI3EjcTNhMSEwAFPAABJkoTAA0FAAAAAAAAAAA=",
      "AV1":"JgBYAAABJpMTEhI3EhMTNhM2EzcTNhMSEjcTEhM2ExITEhQRExITNxI3EjcTEhMSEzYTEhM2FBISExITEjcSNxMSEzYTEhMSEwAFPAABJkoTAAxFAAEmShIADQU=",
      "AV2":"JgBgAAABJ5ISExI3EhMSNxM2EzYTNxITEjcTEhM2ExITEhMSExITNhMSEzcSNxMSEzYTEhQ1FBETNxITEhMSNxMSEzYUERMSEwAFPAABJkoTAAxFAAEnSRIADEYAASZJEwANBQAAAAAAAAAA",
      "AV3":"JgBYAAABJpMSExM2ExITNhM2EzcTNhITEjcTEhM2ExITEhMSExITNxI3EhMSExM2EzYTEhM3EhMSExI3EjcUERMSEzYTEhQREwAFPAABJkoTAAxFAAEnSRIADQU=",
      "AV4":"JgBYAAABJpMUERM2ExIUNhI3EzYTNhMSEzYUERQ2ExISExITEhMSNxMSExIUNRQ1EzcSExI3ExITNhQ1ExITEhMSEzcSExITEgAFPQABJkkUAAxEAAEnSRMADQU=",
      "AV5":"JgBgAAABKJMUERQ2FBITNhQ2FDYUNhQSEzYUEhM3ExITEhMSExITNxM3FDYUNhM3FDYUERQ2FBEUERQRFBITEhMSEzcTEhMSEwAFPgABKEkUAAxYAAEoSRQADFgAAShJFAANBQAAAAAAAAAA=",
      "HDMI1":"JgBYAAABKJEVEBU0FRAVNBU1FTQVNBUQFTQVEBU0FREUERUQFRAVNBU0FTQVNBURFBEUERU0FRAVEBUQFRAVNBU0FTUVEBUQFQAFOQABKUcVAAxDAAEpRxUADQU=",
      "HDMI2":"JgBQAAABKZAVEBU0FRAVNRU0FTQVNBUQFTQVERQ1FRAVEBUQFRAVNBUQFTQVEBU1FRAVEBU0FRAVNBUQFTQVEBU1FTQVEBUQFQAFOQABKUcVAA0FAAAAAAAAAAA=",
      "HDMI3":"JgBQAAABKJEVEBU0FRAVNBU0FTQVNRUQFTQVEBU0FRAVEBUQFRAVNRQ1FRAVNBU0FRAVEBU1FBEUERQ1FRAVEBU0FTQVEBURFAAFOgABKUcVAA0FAAAAAAAAAAA=",
      "HDMI4":"JgBYAAABJ5IUERM3EhMSNxM2FDUTNhQREzcSExI3ExITEhMSExITNhMSExITEhMSFDYSExI3EhMSNxQ1FDUTNxITEjcTEhQREwAFPAABJkoTAAxFAAEnSBMADQU=",
      "AUDIO1":"JgBYAAABJpMTEhI3EhMSNxM2EzYUNhMSEjcTEhM2ExITEhMSExITNxI3EhMTNhMSExITNhQ1ExITExI3EhMSNxM2FBETEhMSEwAFPAABJ0kTAAxFAAEnSRIADQU=",
      "AUDIO2":"JgBYAAABJ5IUERM3ExISNxI3EzYUNhMSEjcSExI3ExIUERMSExITNhMSExITExI3ExISNxM2FBEUNRM3EjcTEhI3ExITEhMSEwAFPAABJkoTAAxFAAEmShIADQU=",
      "FM":"JgBoAAABJpMTNhQ1EzcTNhI3FDUTNhQREzcTEhITEhMTEhITEhMTEhMSExITEhM2FDUUERQ2ExISNxM2EzYUERQREzcSExITEgAFPAABJ0kUAAxEAAEmShMADEUAASdJEgAMRgABJ0gUAA0F",
      "AM":"JgBgAAABJpMTNhM2EzYTNhQ2EjcTNhMSFDUTEhMSExITEhMSExITEhM3ExISNxMSEzYUERQ1ExITExI3EhMSNxMSFDUXDhMSEwAFPAABJkoTAAxFAAEnSRIADEUAAShIFAANBQAAAAAAAAAA",
      "V-AUX":"JgBYAAABJpMTEhM2ExITNhM3EjcTNhMSFDUTEhM2ExITExITEhMSNxM2ExITNhMSEzYTExI3EhMSExM2ExITNhMSEzYTExM2EwAFGAABJkkUAAxEAAEoSBMADQU=",
      "USB":"JgBYAAABJpMTNhM2FDUTNxI3EzYTNhQREzYUERMSExMSExITExISExITEjcSExMSEzYTNhM3ExISNxMSEzYTNhMSExITEhQREwAFPAABJkoTAAxFAAEmShIADQU=",
      "DSP Movie":"JgBgAAABJpMUERM2ExITNxI3EzYTNhMSEzYTExI3EhMTEhMSEhMTNhMSExITEhM2FBETEhMTEjcTNhM2FDUTEhM3EjcSNxMSFAAFFwABJkkTAAxFAAEnSRQADEQAASZKEwANBQAAAAAAAAAA",
      "DSP Music":"JgBYAAABKJEUERM3ExISNxI3EzYTNhMSEzcTEhI3ExITEhMSExITNhQ1ExITEhM3ExISExITEjcTEhQ1FDUTExI3EjcTNhMSEwAFGAABJkoTAAxEAAEnSRMADQU=",
      "DSP Surround":"JgBgAAABJ5ITEhM2ExIUNRM3EjcTNhMSEzYTEhM3EhMSExITEhMSNxM2FBETNhQ2EhMSExMSEjcTEhM2ExITEhM2EzcSNxMSEwAFGAABJkkUAAxEAAEnSRMADEUAASdJEgANBQAAAAAAAAAA",
      "DSP Straight":"JgBgAAABKJETEhM3ExISNxM2EzYTNhMSEzcSExM2ExITEhMSExITNhQRFDUTNxITEjcTEhM2FBETNhMSExMSNxITEjcTEhM2FAAFFwABJkoTAAxFAAEmShIADEYAASZJEwANBQAAAAAAAAAA"
    }
  }
}
