{
  "manufacturer": "Yamaha",
  "supportedModels": [
    "AS201"
  ],
  "supportedController": "Broadlink",
  "commandsEncoding": "Base64",
  "commands": {
    "off": "JgBYAAABKJISEhM3EjcTNhM3EzYTNxMSETgSEhMSExISEhQRFBESNxQRFDUTEhM3ERMTNhMSExISEhMSEzYTEhQ1ExITNhQ2EwAFTwABKEgUAAxTAAEnSRQADQU=",
    "on": "JgBYAAABKJISEhM3EjcTNhM3EzYTNxMSETgSEhMSExISEhQRFBESNxQRFDUTEhM3ERMTNhMSExISEhMSEzYTEhQ1ExITNhQ2EwAFTwABKEgUAAxTAAEnSRQADQU=",
    "previousChannel": "JgBYAAABJ5MTNhMSExISNxM2FDYTNhMSEhMSNxM2ExITEhISExITNhMSExITNhMSExITERQRExISNxM2FBETNhM3EzYTNxM2EwAFKgABKEkTAAxTAAEoSRMADQU=",
    "nextChannel": "JgBYAAABJ5MTNhMSExISNxM2EzcSNxQREhMSNxM2ExISEhMSExITNhM3EjcTNhQRExISEhMSExISEhMSExISNxM2EzcSNxM3EgAFKwABKEkTAAxTAAEnSRMADQU=",
    "volumeDown": "JgBQAAABJ5MTEhM2ExITNhM3EjcTNhQREzYUERM2ExITEhISExIUNRM3EjcTEhI3EzYTEhMSEhITNxMRFDYSEhMSEzYTNxI3EwAFBgABKEgTAA0FAAAAAAAAAAA=",
    "volumeUp": "JgBYAAABKJITEhM2ExITNhM3EjcTNhMSEzYUERM2ExITEhMSEhIUNhISEzcSEhM3EjcUERITEhITEhMSEjcTEhMREzcSNxM2FAAFTgABJ0oTAAxTAAEoSRMADQU=",
    "mute": "JgBYAAABJ5ITEhM3EhITNxI3EzYTNxISEzcSEhM3EhITEhMSExETNxMSEhITNxM2EjcTEhMSExETEhM2ExITEhMSEjcTNhM2EwAFUAABJkoTAAxTAAEoSRMADQU=",
    "bassUp": "JgAkAEUAA0sIAANKCQADSAgAA0gJAANHFAADTDgAA0sKAANHCQANBQAAAAA=",
    "bassDown": "JgAoAA0AA0MJAANICQADSAoAA0Y5AANMGAADTAkAA0sIAANICAADRwgADQU=",
    "trebleUp": "JgAgAAgAA0gJAANHCQADRwkAA0YZAANLCQADRwkAA0cNAA0FAAAAAAAAAAA=",
    "trebleDown": "JgAgAAoAA0cJAANGGwADTAkAA0YJAANGCQADRgkAA0cHAA0FAAAAAAAAAAA=",
    "sources": {
      "AV1": "JgBQAAABJ5MTEhI3ExISNxM2FDYSNxMSEjcTEhI3ExISEhMSExITNhM2ExITEhMSEhMRExM2EzcSNxM2EzcTNhM2EzcSEhMSFAAFBQABJ0kTAA0FAAAAAAAAAAA=",
      "AV2": "JgBYAAABJ5MTEhM2ExITNhM3EjcTNhMSEzYTEhM2ExITEhISExITNhMSExITEhI3EzYTEhMSEhITEhM2FDYSEhMSEzYTNxI3EwAFTwABKEkSAAxTAAEoSRMADQU=",
      "Phono": "JgBQAAABJ5ITEhM3ExETNxI3EzYTNxISEzcSEhM3EhITEhMSExETNxMSEhITNxISFDYTERMSExISEhM3EhITNxISEzcTNhM2EwAFTwABJ0oUAA0FAAAAAAAAAAA=",
      "CD": "JgBYAAABJ5MTEhM2ExISNxQ1EzcSNxMSEjcUERI3ExITERQRExITNhM3EhITNxITEjcSEhMSExISNxM2ExITNhMSEzYTNxM2EwAFBgABKEkSAAxUAAEnSRMADQU=",
      "Tuner": "JgCAAAABJ5MSEhM3ExETNxI3EzYTNxMREzcTERM3ExISEhMSExISNxMSEjcTNhMSEjcTEhMSExETEhMSExETNxMSEjcTNhM3EgAFTwABJgADTAABJ5MSEhM3EhITNxI3EzYTNxISEzcSEhM3ExEUERMSExISNxMSEjcUNRMSEjcTAA0FAAAAAAAAAAA="
    }
  }
}
