{
  "manufacturer":"RME",
  "supportedModels":[
    "ADI-2 DAC FS"
  ],
  "supportedController":"Broadlink",
  "commandsEncoding":"Base64",
  "commands":{
    "off":"JgCIAAABKZUSExU2EhMSExI4ExMSExITEhQSExM3EhQSOBI4FBISExITExISFBITExISORITEhMSORI4EjgUNxM3FBIRORI4EgAFjQABKkoSAAxfAAEpSxMADF4AASlKEgAMYAABKkkTAAxfAAEqSRMADF8AASlLEgAMYAABKkkTAAxfAAEpSxIADQU",
    "on":"JgBYAAABKpUSExI4EhQSExI4ExMSExITEhQSExI4EhQSOBI5EhMSExITEhQSExITEhQSOBITEhQSOBI5EjgSOBI5EhMSORI4EgAFjQABKUsSAAxgAAEpShIADQU",
    "volumeDown":"JgBQAAABKpQTEhI5ExISExM4EhMSExIUEhMSExI5ExISOBM4EhMSExMTEzcSFBEUExISOBIUExISOBMTEjgSOBM4EhMSORM3EgAFjQABKkoSAA0FAAAAAAAAAAA",
    "volumeUp":"JgBQAAABKZQTExI4ExISFBI4EhMTExITEhMSExI5ExISORI4EhMTExI4EhMSFBITExITNxMTEhMSExM4EjgSORI4ExISORI4EgAFjgABKUoSAA0FAAAAAAAAAAA",
    "mute":"JgBQAAABKZQSFBM3EhQSExI4ExMSExITExITExE5EhQSOBM3EhQSExITEjkTEhI5ExITNxMTEhMTNxMTEjgSExI5ExITNxI5EwAFiwABKkoSAA0FAAAAAAAAAAA",
    "sources":{
      "COAXIAL":"JgBQAAABKZUTEhI5EhMSExI5EhMSExIUEhMSExM4ExISOBM4EhMTExI3EzgTExITEhMSORMSEhMTExITEzcTOBM3EhQSOBM4EgAFjQABKkoSAA0FAAAAAAAAAAA",
      "OPTICAL":"JgBQAAABKpQTEhI5ExISExM4ExISFBEUEhMSExI5ExISOBM4ExISExMTEhMSOBMTEhMSOBMTEhMSOBM4EhMSORI4EhQRORI4EgAFjgABKUoSAA0FAAAAAAAAAAA",
      "USB":"JgBYAAABKZQTExI4ExISFBI4ExISFBITExISExM4ExITOBI4ExISFBI4ExITOBITEhMSORITEhMTEhI5ExIUNxQ2FBEUNxQ2FAAFiwABK0kUAAxeAAEpSxIADQU"
    }
  }
}