{
  "manufacturer": "Logitech",
  "supportedModels": [
    "Z906"
  ],
  "supportedController": "Broadlink",
  "commandsEncoding": "Base64",
  "commands": {
    "off": "JgBYAAABJJAUERU0FRAVDxQRFBEVDxUQFBEUERQQFRAUERQ1FBEUNRQRFBAVEBQRFBEUEBUQFDUVNBU1FDUUNRQ1FDUUNRUQFAAF2wABKEgUAAxNAAEqRRYADQU=",
    "on": "JgBYAAABJJAUERU0FRAVDxQRFBEVDxUQFBEUERQQFRAUERQ1FBEUNRQRFBAVEBQRFBEUEBUQFDUVNBU1FDUUNRQ1FDUUNRUQFAAF2wABKEgUAAxNAAEqRRYADQU=",
    "nextChannel": "JgVQAAABKJMSEhI3EhISEhISEhISEhISEhISEhISEhISEhI3EhISNxISEhISEhI3EhISEhISEhISNxI3EjcSEhI3EjcSNxI3EgAF0wABKEoSAAxWDQUAAAAAAAA=",
    "volumeDown": "JgBQAAABJY8WDxYzFg8WDhYPFg8WDxYOFg8WDxYOFg8WDxYzFg8WMxYPFjMWDxYzFg8WMxYzFg8WMxYOFjQWDhYzFg8WDxYzFgAF2QABKkYWAA0FAAAAAAAAAAA=",
    "volumeUp": "JgBQAAABIpIUERM2ExITEhMSExETEhMSExEUERMSExITERQ1FBETNhQRFDYTERM2ExITNhMSEzYTNhMSEzYTEhM2ExITNhMRFAAF3AABKEcVAA0FAAAAAAAAAAA=",
    "mute": "JgBQAAABI5EUERQ1FBEUERMRFBEUERQRFBAUERMSFBEUEBQ1FBEUNRQREzYUERQ1FBETNhM2FDUUNRQRFDUUERQ1FBETEhMRFAAF3AABKEcTAA0FAAAAAAAAAAA=",
    "sources": {
      "Input 1": "JgVQAAABKJMSEhI3EhISEhISEhISEhISEhISEhISEhISEhI3EhISNxISEhISNxISEhISEhISEhISNxI3EhISNxI3EjcSNxI3EgAF0wABKEoSAAxWDQUAAAAAAAA=",
      "Input 2": "JgVQAAABKJMSEhI3EhISEhISEhISEhISEhISEhISEhISEhI3EhISNxISEjcSEhISEhISEhISEjcSNxISEjcSNxI3EjcSNxISEgAF0wABKEoSAAxWDQUAAAAAAAA=",
      "Input 3": "JgVQAAABKJMSEhI3EhISEhISEhISEhISEhISEhISEhISEhI3EhISNxISEhISNxI3EhISEhISEhISNxI3EhISEhI3EjcSNxI3EgAF0wABKEoSAAxWDQUAAAAAAAA=",
      "Input 4": "JgVQAAABKJMSEhI3EhISEhISEhISEhISEhISEhISEhISEhI3EhISNxISEhISNxI3EhISEhISEjcSNxI3EhISEhI3EjcSNxISEgAF0wABKEoSAAxWDQUAAAAAAAA=",
      "Input 5": "JgVQAAABKJMSEhI3EhISEhISEhISEhISEhISEhISEhISEhI3EhISNxISEjcSEhISEhISEhISEhISNxISEjcSNxI3EjcSNxI3EgAF0wABKEoSAAxWDQUAAAAAAAA=",
      "AUX" : "JgVQAAABKJMSEhI3EhISEhISEhISEhISEhISEhISEhISEhI3EhISNxISEjcSEhISEhISEhI3EhISNxISEjcSNxI3EjcSEhI3EgAF0wABKEoSAAxWDQUAAAAAAAA="
    }
  }
}