{
    "manufacturer": "Pace",
    "supportedModels": [
      "TDS850NNZ",
      "TDC850NF"
    ],
    "supportedController": "Broadlink",
    "commandsEncoding": "Base64",
    "commands": {
        "off": "JgBMAA0JBQkFFAUJBRkFFAUJBQkFCQUJBRQFDwUUBQkFCQUZBQkFAAuWDQkFCQUUBQkFGQUUBQkFCQUJBQkFFAUPBRQFCQUJBRkFCQUAC3UNBQAAAAAAAAAAAAA=",
        "on": "JgBMAA0JBQkFFAUJBRkFFAUJBQkFCQUJBRQFDwUUBQkFCQUZBQkFAAuWDQkFCQUUBQkFGQUUBQkFCQUJBQkFFAUPBRQFCQUJBRkFCQUAC3UNBQAAAAAAAAAAAAA=",
        "previousChannel": "JgBMAA0JBQkFFAUJBRkFFAUJBQkFCQUJBRQFDwUUBQkFFAUJBQ8FAAuWDQkFCQUUBQkFGQUUBQkFCQUJBQkFFAUPBRQFCQUUBQkFDwUAC3cNBQAAAAAAAAAAAAA=",
        "nextChannel": "JgBwAA4ICAcJHwgMBxMGEwgHCAcIBgkRBg4IEQgHCREJBQkGBgALlA0JCAcGFAYHBw4HEwcSBwYIBwcHCBQJCwgRCAcJEAkGBwcHAAuUDQkHCAYTBwgGDgcTBhMHCAYIBwgHEwcNBhMGCAcTBwcHCAkADQUAAAAAAAAAAA==",
        "volumeDown": "JgBMAA0JBQkFFAUJBRkFFAUJBQkFCQUJBRQFDwUUBQkFDwUJBQ8FAAubDQkFCQUUBQkFGQUUBQkFCQUJBQkFFAUPBRQFCQUPBQkFDwUAC34NBQAAAAAAAAAAAAA=",
        "volumeUp": "JgBMAA0JBQkFFAUJBRkFFAUJBQkFCQUJBRQFDwUUBQkFDwUJBQkFAAuhDQkFCQUUBQkFGQUUBQkFCQUJBQkFFAUPBRQFCQUPBQkFCQUAC4YNBQAAAAAAAAAAAAA=",
        "mute": "JgBMAA0JBQkFFAUJBRkFFAUJBQkFCQUJBRQFDwUUBQkFCQUZBQ8FAAuQDQkFCQUUBQkFGQUUBQkFCQUJBQkFFAUPBRQFCQUJBRkFDwUAC2sNBQAAAAAAAAAAAAA=",
        "sources": {
            "Channel 0": "JgBMAA4JBQkFFAUJBRkFFAUJBQkFCQUJBRQFDgUUBQkFCQUJBQkFAAuVDgkFCQUUBQkFGQUUBQkFCQUJBQkFFAUOBRQFCQUJBQkFCQUAC4UNBQAAAAAAAAAAAAA=",
            "Channel 1": "JgBMAA0JBQkFFAUJBRkFFAUJBQkFCQUJBRQFDgUUBQkFCQUJBQ4FAAuhDQkFCQUUBQkFGQUUBQkFCQUJBQkFFAUOBRQFCQUJBQkFDgUAC3wNBQAAAAAAAAAAAAA=",
            "Channel 2": "JgBMAA0JBQkFFAUJBRkFFAUJBQkFCQUJBRQFDgUUBQkFCQUJBRQFAAuCDQkFCQUUBQkFGQUUBQkFCQUJBQkFFAUOBRQFCQUJBQkFFAUAC4ENBQAAAAAAAAAAAAA=",
            "Channel 3": "JgBMAA0JBQkFFAUJBRkFFAUJBQkFCQUJBRQFDgUUBQkFCQUJBRkFAAtrDQkFCQUUBQkFGQUUBQkFCQUJBQkFFAUOBRQFCQUJBQkFGQUAC2oNBQAAAAAAAAAAAAA=",
            "Channel 4": "JgBMAA0JBQkFFAUJBRkFFAUJBQkFCQUJBRQFDgUUBQkFCQUOBQkFAAuhDQkFCQUUBQkFGQUUBQkFCQUJBQkFFAUOBRQFCQUJBQ4FCQUAC4ANBQAAAAAAAAAAAAA=",
            "Channel 5": "JgBMAA0JBQkFFAUJBRkFFAUJBQkFCQUJBRQFDgUUBQkFCQUOBQ4FAAucDQkFCQUUBQkFGQUUBQkFCQUJBQkFFAUOBRQFCQUJBQ4FDgUAC3kNBQAAAAAAAAAAAAA=",
            "Channel 6": "JgBMAA0JBQkFFAUJBRkFFAUJBQkFCQUJBRQFDgUUBQkFCQUOBRQFAAuVDQkFCQUUBQkFGQUUBQkFCQUJBQkFFAUOBRQFCQUJBQ4FFAUAC24NBQAAAAAAAAAAAAA=",
            "Channel 7": "JgBMAA0JBQkFFAUJBRkFFAUJBQkFCQUJBRQFDgUUBQkFCQUOBRkFAAuQDQkFCQUUBQkFGQUUBQkFCQUJBQkFFAUOBRQFCQUJBQ4FGQUAC2sNBQAAAAAAAAAAAAA=",
            "Channel 8": "JgBMAA0JBQkFFAUJBRkFFAUJBQkFCQUJBRQFDgUUBQkFCQUUBQkFAAucDQkFCQUUBQkFGQUUBQkFCQUJBQkFFAUOBRQFCQUJBRQFCQUAC3MNBQAAAAAAAAAAAAA=",
            "Channel 9": "JgBMAA0JBQkFFAUJBRkFFAUJBQkFCQUJBRQFDgUUBQkFCQUUBQ4FAAtrDQkFCQUUBQkFGQUUBQkFCQUJBQkFFAUOBRQFCQUJBRQFDgUAC2sNBQAAAAAAAAAAAAA=",
            "Channel 10": [ 
                "JgBMAA0JBQkFFAUJBRkFFAUJBQkFCQUJBRQFDgUUBQkFCQUJBQ4FAAuhDQkFCQUUBQkFGQUUBQkFCQUJBQkFFAUOBRQFCQUJBQkFDgUAC3wNBQAAAAAAAAAAAAA=",
                "JgBMAA4JBQkFFAUJBRkFFAUJBQkFCQUJBRQFDgUUBQkFCQUJBQkFAAuVDgkFCQUUBQkFGQUUBQkFCQUJBQkFFAUOBRQFCQUJBQkFCQUAC4UNBQAAAAAAAAAAAAA="
            ],
            "Channel 11": [ 
                "JgBMAA0JBQkFFAUJBRkFFAUJBQkFCQUJBRQFDgUUBQkFCQUJBQ4FAAuhDQkFCQUUBQkFGQUUBQkFCQUJBQkFFAUOBRQFCQUJBQkFDgUAC3wNBQAAAAAAAAAAAAA=",
                "JgBMAA0JBQkFFAUJBRkFFAUJBQkFCQUJBRQFDgUUBQkFCQUJBQ4FAAuhDQkFCQUUBQkFGQUUBQkFCQUJBQkFFAUOBRQFCQUJBQkFDgUAC3wNBQAAAAAAAAAAAAA="
            ]
        }
    }
}
