{
  "manufacturer":"Sky",
  "supportedModels":[
    "SkyQ black",
    "SkyQ mini"
  ],
  "supportedController":"Broadlink",
  "commandsEncoding":"Base64",
  "commands":{
    "off":"JgA+AFYeDBEMEQwfDR8dDwwQDREMEA0QDREMEQwQHR0NEA0QDREMEAwSHA8LIRwdDBEMEQwRDBEdDwsgDBEMAA0FAAAAAAAAAAAAAA==",
    "on":"JgA+AFYeDBEMEQwfDR8dDwwQDREMEA0QDREMEQwQHR0NEA0QDREMEAwSHA8LIRwdDBEMEQwRDBEdDwsgDBEMAA0FAAAAAAAAAAAAAA==",
    "previousChannel":"JgA8AFgdDg8PDw0eDx0cEA0QDg8OEA4PDRANEA4PHR4ODw4QDBENEA4PHR0ODx0PDR8ODx4cDhANEQwQHQANBQAAAAAAAAAAAAAAAA==",
    "nextChannel":"JgA+AFceDRANEA4eDh4cDw4QDRANEQ0QDw0PDw0QHR0NEA8PDRENDw4PHR4ODxwQDxwPDxweDg8ODw8PDRANAA0FAAAAAAAAAAAAAA==",
    "volumeDown":"JgA8AFUfDRAOEQwfDR8bEgwQDhANDw0RDBEMEQwSGx8LEg0RDBENEAwSHB0ODxsSDB8MEwoRHB8NEA0QGwANBQAAAAAAAAAAAAAAAA==",
    "volumeUp":"JgA+AFYfDRILEQwfDh4dDw0SDA4OEA0RDRANEQsRGyAODw4PCxINEwsQGx8NEBsRDR8MEA4PHh0NEA8PDRELAA0FAAAAAAAAAAAAAA==",
    "mute":"JgA8AFcdDhANEQ0eDR8bEQwQDhAODw0QDRENDw4QGx8NEQwRDRAODw4QHB0OEBwRDB8MEBAODhAaEQ0fGwANBQAAAAAAAAAAAAAAAA==",
    "sources":{
      "Search":"JgA+AFgdDRAODw4eDh4dDw0QDg8ODxAODRANEA0QHB8NEA0QDRAODw4QHB4NEB0PDR8cDw4QDRANEA4PDh4OAA0FAAAAAAAAAAAAAA==",
      "Pause":"JgA+AFceDg8ODw4eDh4cEA4PDRANEA4PDw8ODw4PHB4PDg8PDg8NEA4PHR4ODxwQDh0PDx0ODw8ODw0QDh4OAA0FAAAAAAAAAAAAAA==",
      "Fast_Forward":"JgA8AFYfDRAODw4eDhweEA0QDg8NEA4PDg8PDw4PHB4PDg4QDRAODw0QHR0PDxwQDh0OEBweHR0PDw4PDgANBQAAAAAAAAAAAAAAAA==",
      "Rearward":"JgA8AFgdDg8ODw8dDh4cEA0QDg8ODw8PDg8ODw4PHB4PDw4PDRAODw4PHR4ODx0PDh4ODxwQDg8NEA4eHQANBQAAAAAAAAAAAAAAAA==",
      "Ok":"JgA8AFUfDRANEA4eDh4cEQ0QDRAMEQwSDBANEQwRHB0OEA4QDQ8NEQwRGyANEBsRDh0cHxsRDBENHg0SCwANBQAAAAAAAAAAAAAAAA==",
      "Up_Arrow":"JgA8AFceDRANEA4eDR8cEA0QDRANEA4QDRANEA0QHR0OEA4PDRANEA0QHR4NEB0PDR8cHh0PDh4NEA4PDgANBQAAAAAAAAAAAAAAAA==",
      "Down_Arrow":"JgA6AFUgDRAOEAwfDR4bEQ0RDBEMEA4RDg4NEQ0QGx0OEgwRDRAMEQ0QGyAMEBwRDh0cHhwQDh4NEBwADQUAAAAAAAAAAAAAAAAAAA==",
      "Right_Arrow":"JgA6AFggDg8NEQwfDCAbEgwRDBQJEA0RDRELEgsRHB4OEQsSCxANEQwSGiEMERoRDh4bHxwSCx4cEAwADQUAAAAAAAAAAAAAAAAAAA==",
      "Left_Arrow":"JgA8ADcJFSAOEAwRDSALHhoXCRAMEg0QChQLEwkTCxIXJQsQEA4LEQ4QDBIZIA0RGhIPHBsfHg4MIBseDAANBQAAAAAAAAAAAAAAAA==",
      "Back":"JgA+AFYfDRAOEA0eDR4dEA0PDRENEQ0QDQ8NEQ4PHB4OEA0QDBENEQ0PHR0OEBoRDhANHwwRDBEOEA0PHBANAA0FAAAAAAAAAAAAAA==",
      "Home":"JgA8AFcfDRANEA0gCyAbEgwRCxEMEQwRDhIKEAwUGh4RDQ4PDRAMEQwRGxIOHRweGxAOHw0QHRAMHwwRDAANBQAAAAAAAAAAAAAAAA==",
      "...":"JgA8AFceDw8ODw0fDB8dEA0QDRAMEQ0QDRENEA0QHB4OEAwRDBEMEg4OHB8NDx0RDQ8OEAwQDREOHR0eGgANBQAAAAAAAAAAAAAAAA==",
      "Information":"JgA8AFcdDhANEQwfDh4cEQwPDREOEAwRDg8NEAwRHB8NEA0QDRANEQ0RGh8NERoRDBIMEA4eDRAbIBwQDQANBQAAAAAAAAAAAAAAAA==",
      "Rec":"JgA+AFceDRANEA8dDR8dEA0QDg8MEA4PDxANEAwQHR4ODw4QDBANEA4PHB8ODxwQDR8cHg0QDRAOEA0QDRAOAA0FAAAAAAAAAAAAAA==",
      "Red_Button":"JgA6AFYfDBEMFAkfDx4aEQ8PDBENEQwRCxIMEA0RGh8NEA8PEQwOEQwPHB8OEBsRDR0eDwwhGxEKIBsADQUAAAAAAAAAAAAAAAAAAA==",
      "Green_Button":"JgA8AFUfDhANEAwgDR4cEA0QDREMEQwSDBANEA0RGx4NEQwRDRENDw4QGx8NERsQDR8bEQwgHBANEAwgDQANBQAAAAAAAAAAAAAAAA==",
      "Yellow_Button":"JgA8AFcfDg8NEA0fDR8aEw0QCxAOEQsSDBEMEQ0QHR8NDw0RBxUKEw0TGCAODxwQCiIbEA0eHBQJEQsSDQANBQAAAAAAAAAAAAAAAA==",
      "Blue_Button":"JgA+AFcdDhANEA0fDR4dDw0QDhANEA4PDRANEA4QGx8ODw0QDg8PDw4PHR0NERwPDR8cEA0QDR8NEA0QDRAOAA0FAAAAAAAAAAAAAA==",
      "Channel 0":"JgBAAFkcEA0QDRAcEBweDRENDw4QDQ8OEA0RDQ8OHxsQDREMEQ0QDRANHxwQDR8MEBwRDBENDw4QDRANEQwRDRAADQUAAAAAAAAAAA==",
      "Channel 1":"JgA+AFceDg8ODw0fDR8dDw4PDg8ODw0QDhAODw4PHR0ODw8PDg8ODw0QHR4ODx0PDh0PDw4PDg8ODw4PDhAcAA0FAAAAAAAAAAAAAA==",
      "Channel 2":"JgA+AFceDg8OEA0eDh4cEA0QDg8OEA0QDRANEA4PHB8NEA0QDg8OEA0QHB4ODxwQDh4NEA4PDg8OEA0QHB4OAA0FAAAAAAAAAAAAAA==",
      "Channel 3":"JgA+AFgdDg8ODw8dDh4dDg8PDg8PDg8ODw4PDw4PHhwPDg8PDw4PDg8OHR4ODx4MEB0PDg8PDg8PDhANHg4QAA0FAAAAAAAAAAAAAA=",
      "Channel 4":"JgA+AFYfDRANEA4eDR8cDw4QDRANEA0QDg8OEA0QHB4ODw4QDRANEA0QHB8NEBwQDR4OEA0QDRANEBwfDRANAA0FAAAAAAAAAAAAAA==",
      "Channel 5":"JgA8AFYfDRANEA4eDR8cDw4QDRANEA4PDg8OEA0QHB4ODw4QDRANEA0QHB8NEBwQDR4OEA0QDRANEBwfHAANBQAAAAAAAAAAAAAAAA==",
      "Channel 6":"JgA+AFkcDw4QDRAcEBweChMMEA8QDRANDw8PDg8OHhwQDg8ODw4PDhAMIBwPDh4NEB0PDhANDwwSDR4OEBwPAA0FAAAAAAAAAAAAAA==",
      "Channel 7":"JgA+AFgdDw0QDhAcDxwfDRANEA4PDhANEA0QDRAOHhwQDRANEA4PDg8MIBwQDR8NEBwQDRAODwsSDh4MEQ4QAA0FAAAAAAAAAAAAAA==",
      "Channel 8":"JgBCAAcAAmxZHBAODw4PHQ8cHw0QDRANEA0QDhANEA0QDR8cEA0QDRANEA4PDR8cEA0fDRAcEA0QDRAOHhwQDRANEAANBQAAAAAAAA==",
      "Channel 9":"JgA8AFkcDw4QDRAcEBweDg8ODw4QDRANEA4PDRAOHhwQDRAMEQ4QDRANHxwPDh4ODxwQDRAOEA0eHBANHwANBQAAAAAAAAAAAAAAAA==",
      "Input":"JgA6AFobEA0RDRAbERsfDRANEA0QDhANEA0PDhANHxwQDRANEA0RDRANHxsQDR8NEBwQDR8cHhwPDh8ADQUAAAAAAAAAAAAAAAAAAA==",
      "?":"JgA+AFgdEA0QDREbEBwfDRANEA0PDhEMEA4QDRANHxsRDRANEA0QDRANHxwQDR8NEA0QHBANEA0QDRANEQ0fAA0FAAAAAAAAAAAAAA=="
    }
  }
}
