{
    "manufacturer": "Xiaomi",
    "supportedModels": [
      "MiBox","MItv"
    ],
    "supportedController": "Broadlink",
    "commandsEncoding": "Base64",
    "commands": {
        "off": "JgA0ACMRFhEWLRYtFhEWLRYRFi0WERUuFi0WAAFTIhEWERYtFi0WERYtFhEVLhYRFS4VLhYADQUAAAAA",
        "on": "JgA0ACMRFhEWLRYtFhEWLRYRFi0WERUuFi0WAAFTIhEWERYtFi0WERYtFhEVLhYRFS4VLhYADQUAAAAA",
        "volumeDown": "JgA0ACMRFSUVERYaFiQWERYRFS4VLhYRFRsWAAGOIxEVJBYRFhoWJBYRFREWLRYuFREWGhYADQUAAAAA",
        "volumeUp": "JgA0ACMRFSUVERYaFiQWERYRGikVJBYRFhEVAAGhIxEVJBYRFhoWJBYRFREWLhUkFhEWERUADQUAAAAA",
        "sources": {
            "UP": "JgA0ACISFSQWERUbFiQWERURFhoWGxUkFi0WAAGMJREWJBYRFRsWIxYRFhEWGhYaFiQWLRYADQUAAAAA",
            "DOWN": "JgA0ACISFSQWERUbFiQWERURFhoWGxUkFi0WAAGMJREWJBYRFRsWIxYRFhEWGhYaFiQWLRYADQUAAAAA",
            "LEFT": "JgA2ABQmExQTHRMmFBMUExMnEzATHRMdFAABkCETEycTExQdEyYUExMUEyYULxQdEx0TAAioDQAN",
            "RIGHT": "JgA0ACQRFSQWERYaFiQWERYQFi4VERYRFiQVAAGhIxEVJBYRFhoWJBYRFREWLRYRFhEWJBUADQUAAAAA",
            "OK": "JgA0ACMRFiQVERYbFSQWERYRFS4WGhYRFi0WAAGOIxEVJBYRFhoWJBYRFhAWLhUbFREWLhUADQUAAAAA",
            "HOME": "JgA0ACYSFSQWERUbFiQWERURFiQWERUbFiMWAAGhIhEWJBYRFRsWJBURFhEWJBYQFhsVJBYADQUAAAAA",
            "BACK": "JgA0ACMRFSQWERUbFiQWERURFhoWLhUkFhoWAAGPIhEWJBYRFRsWIxYRFhEWGhYtFiQWGhYADQUAAAAA"
        }
    }
}